0.11911368370056152
0.224409818649292
0.26068806648254395
0.14392590522766113
0.367631196975708
0.25194692611694336
0.172438383102417
0.1062157154083252
0.11314606666564941
0.16845011711120605
0.21578669548034668
0.08442139625549316
0.08738923072814941
0.06760740280151367
0.06912446022033691
0.13174009323120117
0.14126276969909668
0.1391153335571289
0.23987650871276855
0.08844280242919922
0.08324193954467773
0.16427898406982422
0.275907039642334
0.18448853492736816
0.08412885665893555
0.4380648136138916
0.1933600902557373
0.12463760375976562
0.19562888145446777
0.10623025894165039
0.13121414184570312
0.14569997787475586
0.10960125923156738
0.11559152603149414
0.10808539390563965
0.2744598388671875
0.2239370346069336
0.09914255142211914
0.1313469409942627
0.13470125198364258
0.10347700119018555
0.11622405052185059
0.12943649291992188
0.07381534576416016
0.17051148414611816
0.12116885185241699
0.11579728126525879
0.1245279312133789
0.15500330924987793
0.13828730583190918
0.12069869041442871
0.14866161346435547
0.18145298957824707
0.0987253189086914
0.09102201461791992
0.16100764274597168
0.16606593132019043
0.11838746070861816
0.10922455787658691
0.20253229141235352
0.09163784980773926
0.16254806518554688
0.13348937034606934
0.11639571189880371
0.16707515716552734
0.10226225852966309
0.11650657653808594
0.10718822479248047
0.14786744117736816
0.08673858642578125
0.14162015914916992
0.12605834007263184
0.08539628982543945
0.12271881103515625
0.1267685890197754
0.08271622657775879
0.07964873313903809
0.09470272064208984
0.15567278861999512
0.14061880111694336
0.09327077865600586
0.10027027130126953
0.12604403495788574
0.13080763816833496
0.0755469799041748
0.13233304023742676
4.018103837966919
0.08377718925476074
0.12148356437683105
0.1249995231628418
0.12367796897888184
0.0981757640838623
0.10167360305786133
0.11256647109985352
0.08495116233825684
0.13731670379638672
0.14007329940795898
0.16641902923583984
0.06841444969177246
0.0969550609588623
0.08637833595275879
0.10103297233581543
0.1257340908050537
0.12586236000061035
0.1243443489074707
0.08089399337768555
0.07158780097961426
0.10893654823303223
0.11666107177734375
0.13476085662841797
0.15000033378601074
0.1057281494140625
0.1466832160949707
0.0977935791015625
0.09069108963012695
0.1093285083770752
0.15162229537963867
0.07928037643432617
0.15089058876037598
0.12931227684020996
0.06782770156860352
0.08599185943603516
0.11411738395690918
0.11295533180236816
0.10837626457214355
0.13292479515075684
0.1251227855682373
0.09430074691772461
0.12495756149291992
0.11956930160522461
0.12757229804992676
0.11072421073913574
0.15839004516601562
0.1338047981262207
0.16262149810791016
0.11757659912109375
0.13413381576538086
0.10095334053039551
0.1065676212310791
0.09610390663146973
0.09818649291992188
0.12248349189758301
0.13214945793151855
0.12428498268127441
0.11862850189208984
0.13190698623657227
0.07852649688720703
3.1725289821624756
0.10551095008850098
0.13854241371154785
0.15285944938659668
0.11177873611450195
0.1180419921875
0.09894752502441406
0.08482694625854492
0.13183975219726562
0.11394906044006348
0.09373116493225098
0.10294222831726074
0.11568093299865723
0.07111620903015137
0.09929299354553223
0.12518572807312012
0.11813664436340332
0.08620810508728027
0.11028647422790527
0.12462925910949707
0.13016438484191895
0.08781218528747559
0.07013821601867676
0.06580328941345215
0.10547256469726562
0.10360312461853027
0.0821995735168457
0.10623812675476074
0.0983889102935791
0.09824180603027344
0.11322736740112305
0.11066412925720215
0.10005044937133789
0.10414409637451172
0.09860563278198242
0.06436538696289062
0.19625568389892578
0.08722567558288574
0.11387252807617188
0.06404256820678711
0.1011807918548584
0.12532281875610352
0.10890460014343262
0.10492730140686035
0.08314657211303711
0.10570573806762695
0.14242982864379883
0.13850665092468262
0.11794424057006836
0.14487433433532715
0.09732460975646973
0.0903470516204834
0.09557127952575684
0.11323356628417969
0.0964972972869873
0.11841392517089844
0.09300875663757324
0.13269305229187012
0.18262434005737305
0.10308647155761719
0.10017085075378418
0.11230945587158203
0.10467886924743652
0.10658764839172363
0.11172080039978027
0.10846590995788574
0.0920553207397461
0.08651280403137207
0.1589198112487793
0.08692169189453125
0.11295270919799805
0.16300535202026367
0.09077906608581543
0.15865087509155273
0.11455869674682617
0.08222651481628418
0.11211967468261719
0.13707590103149414
0.10062026977539062
0.10378408432006836
0.0660243034362793
0.18215489387512207
0.09634947776794434
0.09052109718322754
0.09007430076599121
0.12381339073181152
0.16126251220703125
0.10107016563415527
0.11423993110656738
0.10068964958190918
0.08341169357299805
0.17177939414978027
0.09552121162414551
0.10329747200012207
0.15574097633361816
0.10600805282592773
0.11522889137268066
0.07050585746765137
0.10133934020996094
0.10257673263549805
0.09943580627441406
0.11834478378295898
0.09176206588745117
0.1516578197479248
0.19285845756530762
0.10587859153747559
0.07632851600646973
0.17899465560913086
0.11549925804138184
0.13358569145202637
0.08242249488830566
0.10282182693481445
0.17893028259277344
0.13338875770568848
0.09120392799377441
0.1183936595916748
0.11012721061706543
0.15121054649353027
0.09174656867980957
0.13232851028442383
0.08191990852355957
0.08576297760009766
0.1136775016784668
0.12523674964904785
0.1183774471282959
0.09047985076904297
0.10335302352905273
0.12411665916442871
0.11486268043518066
0.07960200309753418
0.13036751747131348
0.0787811279296875
0.07793521881103516
0.11345434188842773
0.11742591857910156
0.1031336784362793
0.07889676094055176
0.12690186500549316
0.1114041805267334
0.11094927787780762
0.1836235523223877
0.10507631301879883
0.1231241226196289
0.11731481552124023
0.13810276985168457
0.11551880836486816
0.12517786026000977
0.14005231857299805
0.11238622665405273
0.10949039459228516
0.13469791412353516
0.11614203453063965
0.14990615844726562
0.0828092098236084
0.13509345054626465
0.10671162605285645
0.10166144371032715
0.07500004768371582
0.0982966423034668
0.13256216049194336
0.13284516334533691
0.12689614295959473
0.14696598052978516
0.12649893760681152
0.1245737075805664
0.11459231376647949
0.08219146728515625
0.12128615379333496
0.0906519889831543
0.12342429161071777
0.14078474044799805
0.11690449714660645
0.09193730354309082
0.08864307403564453
0.10160231590270996
0.12653636932373047
0.11717486381530762
0.12697863578796387
0.08507204055786133
0.13129234313964844
0.0806124210357666
0.08737945556640625
0.1243138313293457
0.06585049629211426
0.10882878303527832
0.12745356559753418
0.09449362754821777
0.1031656265258789
0.11296486854553223
0.1240682601928711
0.0978093147277832
0.10260581970214844
0.08512401580810547
0.07441425323486328
0.09283185005187988
0.13279986381530762
0.10634636878967285
0.10416746139526367
0.1263563632965088
0.10284113883972168
0.08710694313049316
0.09725475311279297
0.09276676177978516
0.11384105682373047
0.12772607803344727
0.07729601860046387
0.09316468238830566
0.09486508369445801
0.07265567779541016
0.08399534225463867
0.08776998519897461
0.06103777885437012
0.13536596298217773
0.1275498867034912
0.1640470027923584
0.10619378089904785
0.11066508293151855
0.11060452461242676
0.11359429359436035
0.07170939445495605
0.14016389846801758
0.17375755310058594
0.09460210800170898
0.09535050392150879
0.11131763458251953
0.12065625190734863
0.13212013244628906
0.13587069511413574
0.09453463554382324
0.11974740028381348
0.10237264633178711
0.11622905731201172
0.08144164085388184
0.14690613746643066
0.1423342227935791
0.16920137405395508
0.10141372680664062
0.10326242446899414
0.07022428512573242
0.09576058387756348
0.12185120582580566
0.1457808017730713
0.10049843788146973
0.10922360420227051
0.10637831687927246
0.07875871658325195
0.1067044734954834
0.08245301246643066
0.12082433700561523
0.07225918769836426
0.08383297920227051
0.14066433906555176
0.14300060272216797
0.07603979110717773
0.07852411270141602
0.09641885757446289
0.09585690498352051
0.11987590789794922
0.10294914245605469
0.08403158187866211
0.08128547668457031
0.11410737037658691
0.13869881629943848
0.10889554023742676
0.10866618156433105
0.1029500961303711
0.10320496559143066
0.11098575592041016
0.05967259407043457
0.12849783897399902
0.13489794731140137
0.10143089294433594
0.09108901023864746
0.11323094367980957
0.10227036476135254
0.11532807350158691
0.156480073928833
0.0751194953918457
0.10827875137329102
0.11176180839538574
0.11353373527526855
0.1186213493347168
0.11468815803527832
0.06715941429138184
0.09514808654785156
0.13117694854736328
0.15022826194763184
0.07159709930419922
0.11895918846130371
0.12242865562438965
0.169677734375
0.07301735877990723
0.1043703556060791
0.1289043426513672
0.08748674392700195
0.11115527153015137
0.14354372024536133
0.08983135223388672
0.10746169090270996
0.08587455749511719
0.0947113037109375
0.13524293899536133
0.17534852027893066
0.10905933380126953
0.09428787231445312
0.1257925033569336
0.10033750534057617
0.08629584312438965
0.1397390365600586
0.09687066078186035
0.1496868133544922
0.11434531211853027
0.0699319839477539
0.1142432689666748
0.13288378715515137
0.13236713409423828
0.20065784454345703
0.15653586387634277
0.10641980171203613
0.11475658416748047
0.134307861328125
0.12439227104187012
0.14669084548950195
0.10823583602905273
0.12563753128051758
0.10653877258300781
0.10341334342956543
0.08750152587890625
0.10313630104064941
0.09039163589477539
0.12862372398376465
0.0812070369720459
0.09249687194824219
0.11263728141784668
0.10703444480895996
0.07451391220092773
0.19588422775268555
0.10023951530456543
0.09792399406433105
0.0928490161895752
0.15654683113098145
0.1534721851348877
0.14643359184265137
0.08759713172912598
0.09476375579833984
0.09963750839233398
0.12775707244873047
0.06392312049865723
0.13504624366760254
0.11206459999084473
0.09986138343811035
0.1352977752685547
0.10396361351013184
0.14350152015686035
0.09020376205444336
0.10050559043884277
0.11787223815917969
0.13390111923217773
0.06660795211791992
0.15423202514648438
0.0684506893157959
0.11023354530334473
0.1254127025604248
0.10561871528625488
0.06602120399475098
0.10180830955505371
0.1530306339263916
0.11725759506225586
0.08348679542541504
0.09036111831665039
0.07565855979919434
0.14969563484191895
0.10673332214355469
0.11079072952270508
0.06265592575073242
0.09049749374389648
0.14174699783325195
0.08022356033325195
0.12728428840637207
0.11262655258178711
0.1476304531097412
0.11424064636230469
0.08331537246704102
0.12281131744384766
0.1155252456665039
0.12030982971191406
0.10565447807312012
0.09637236595153809
0.13578557968139648
0.12343811988830566
0.09220027923583984
0.13480806350708008
0.13381123542785645
0.10424947738647461
0.1554121971130371
0.14789748191833496
0.10586690902709961
0.1891942024230957
0.1526012420654297
0.0935678482055664
0.12397933006286621
0.12948989868164062
0.15843725204467773
0.13602042198181152
0.1350247859954834
0.10239696502685547
0.13988208770751953
0.10158014297485352
0.21047639846801758
0.11227917671203613
0.11736154556274414
0.10574507713317871
0.10104608535766602
0.1521761417388916
0.12094402313232422
0.08805274963378906
0.1135413646697998
0.1892096996307373
0.09295964241027832
0.11818456649780273
0.0917348861694336
0.10094189643859863
0.1414813995361328
0.0965871810913086
0.12529635429382324
0.10246062278747559
0.08735895156860352
0.08176946640014648
0.1359879970550537
0.10160636901855469
0.1276566982269287
0.11383557319641113
0.10932374000549316
0.1610705852508545
0.07419729232788086
0.08809208869934082
0.16048812866210938
0.10918688774108887
0.09375429153442383
0.10157942771911621
0.12973928451538086
0.12044858932495117
0.14851093292236328
0.11380672454833984
0.1010890007019043
0.14104652404785156
0.18106818199157715
0.1059868335723877
0.0888676643371582
0.12730121612548828
0.1390373706817627
0.14186787605285645
0.1139678955078125
0.12781333923339844
0.1006767749786377
0.10176467895507812
0.13767695426940918
0.11375641822814941
0.14957618713378906
0.12307214736938477
0.11293387413024902
0.13041090965270996
0.1365973949432373
0.1471405029296875
0.12842726707458496
0.1048433780670166
0.10009169578552246
0.13170218467712402
0.12212443351745605
0.11733341217041016
0.11223745346069336
0.12375664710998535
0.13187551498413086
0.11804533004760742
0.1018533706665039
0.10857701301574707
0.07484054565429688
0.14907050132751465
0.06597399711608887
0.11946344375610352
0.10542750358581543
0.14359688758850098
0.09249091148376465
0.17296099662780762
0.0693521499633789
0.10043144226074219
0.12367630004882812
0.11200666427612305
0.08940792083740234
0.10663986206054688
0.09968018531799316
0.09129118919372559
0.07137608528137207
0.11147618293762207
0.14328479766845703
0.14804434776306152
0.06694555282592773
0.10037755966186523
0.15775752067565918
0.10849666595458984
0.08715510368347168
0.07964372634887695
0.10298919677734375
0.10666489601135254
0.13757085800170898
0.11283469200134277
0.10436582565307617
0.11462950706481934
0.11391901969909668
0.115264892578125
0.14160943031311035
0.10512185096740723
0.13612103462219238
0.12050580978393555
3.0744636058807373
0.10359358787536621
0.11320996284484863
0.10710310935974121
0.08442902565002441
0.10013437271118164
0.10653495788574219
0.12404251098632812
0.1204683780670166
0.10404419898986816
0.06452250480651855
0.17763209342956543
0.09841322898864746
0.1028749942779541
0.12448787689208984
0.14800190925598145
0.13015437126159668
0.09919619560241699
0.07564640045166016
0.156158447265625
0.10271573066711426
0.08520317077636719
0.1053323745727539
0.10292768478393555
0.12279677391052246
0.06250333786010742
0.13518309593200684
0.12081122398376465
0.12614035606384277
0.07788252830505371
0.08536601066589355
0.09008908271789551
0.11532807350158691
0.17092180252075195
0.12324857711791992
0.09356403350830078
0.1261601448059082
0.06111335754394531
0.1112818717956543
0.1011505126953125
0.08231019973754883
0.12911033630371094
0.11179494857788086
0.1574997901916504
0.15497207641601562
0.16595077514648438
0.11548900604248047
0.09514760971069336
0.11338376998901367
0.11373233795166016
0.1309499740600586
0.07645535469055176
0.17161178588867188
0.12697649002075195
0.06089901924133301
0.10466480255126953
0.11910820007324219
0.12626218795776367
0.17355132102966309
0.08010649681091309
0.14592814445495605
0.13414859771728516
0.09584760665893555
0.19637203216552734
0.08761167526245117
0.1025381088256836
0.12716412544250488
0.14702296257019043
0.08587002754211426
0.07616257667541504
0.11898970603942871
0.07689189910888672
0.1117701530456543
0.10865306854248047
0.10169672966003418
0.10349822044372559
0.07009100914001465
0.11287069320678711
0.08155107498168945
0.13351726531982422
0.09215521812438965
0.08809208869934082
0.1219789981842041
0.1661849021911621
0.13223624229431152
0.10446906089782715
0.08723187446594238
0.11565303802490234
0.1673877239227295
0.1658928394317627
0.1677260398864746
0.1340351104736328
0.10664916038513184
0.16039609909057617
0.13144397735595703
0.13501262664794922
0.1312551498413086
0.1189420223236084
0.06971192359924316
0.09774899482727051
0.10692119598388672
0.10280060768127441
0.09262347221374512
0.08218622207641602
0.14604568481445312
0.13534092903137207
0.12453174591064453
0.15810084342956543
0.15836477279663086
0.10186505317687988
0.10572957992553711
0.163316011428833
0.0950932502746582
0.1706225872039795
0.1405932903289795
0.15719008445739746
0.0846705436706543
0.15224862098693848
0.16682767868041992
0.17326688766479492
0.20970988273620605
0.17277908325195312
0.12889862060546875
0.09590411186218262
0.09750771522521973
0.1113886833190918
0.10154271125793457
0.12605500221252441
0.16465258598327637
0.09917402267456055
0.07694673538208008
0.14366817474365234
0.17314934730529785
0.13337016105651855
0.09926652908325195
0.1095585823059082
0.12653684616088867
0.1369338035583496
0.11117410659790039
0.14685368537902832
0.14804983139038086
0.12412691116333008
0.13818621635437012
0.1260979175567627
0.16012930870056152
0.09830379486083984
0.11554765701293945
0.15662479400634766
0.11122488975524902
0.10730528831481934
0.13469696044921875
0.08216595649719238
0.07049059867858887
0.13144278526306152
0.12471795082092285
0.10522341728210449
0.1544666290283203
0.21598267555236816
0.10836338996887207
0.13214492797851562
0.10850977897644043
0.12905406951904297
0.12880563735961914
0.10676050186157227
0.13337945938110352
0.11605691909790039
0.12748432159423828
0.1029355525970459
0.09166216850280762
0.19928574562072754
0.1271834373474121
0.08883452415466309
0.13594412803649902
0.16638636589050293
0.15328192710876465
0.08649063110351562
0.10369205474853516
0.13072419166564941
0.11045217514038086
0.10763812065124512
0.17876482009887695
0.10933613777160645
0.10915303230285645
0.10318517684936523
0.1326138973236084
0.08131980895996094
0.15755605697631836
0.19651532173156738
0.09003424644470215
0.08304905891418457
0.1375713348388672
0.1444096565246582
0.10137414932250977
0.14609813690185547
0.10080218315124512
0.11866092681884766
0.1024026870727539
0.1596546173095703
0.08450508117675781
0.10969996452331543
0.07945609092712402
0.12480425834655762
0.13883352279663086
0.08001446723937988
0.07338500022888184
0.0923604965209961
0.07816076278686523
0.06145071983337402
0.18689846992492676
0.14390039443969727
0.14940905570983887
0.0942990779876709
0.14714813232421875
0.06357908248901367
0.14251971244812012
0.13325738906860352
0.12058520317077637
0.17129755020141602
0.08151102066040039
0.11142492294311523
0.10254335403442383
0.16121339797973633
0.13673138618469238
0.1542038917541504
0.14664840698242188
2.929266929626465
0.11317610740661621
0.17156028747558594
0.1392803192138672
0.15224409103393555
0.2078263759613037
0.08888864517211914
0.13350939750671387
0.1421947479248047
0.12480759620666504
0.10976672172546387
0.09958553314208984
0.13035821914672852
0.08380746841430664
0.14252591133117676
0.09910225868225098
0.12078499794006348
0.10505795478820801
0.13151264190673828
0.10739564895629883
0.08448505401611328
0.15836143493652344
0.13163113594055176
0.08237409591674805
0.07875633239746094
0.09062552452087402
0.13342595100402832
0.10988640785217285
0.0878455638885498
0.12190628051757812
0.14789438247680664
0.17695975303649902
0.07523727416992188
0.11899328231811523
0.08921957015991211
0.07959747314453125
0.08353376388549805
0.09281468391418457
0.0934915542602539
0.1500568389892578
0.10023212432861328
0.15032958984375
0.11035776138305664
0.1116187572479248
0.13904142379760742
0.10274624824523926
0.20303630828857422
0.09546637535095215
0.12743496894836426
0.10274767875671387
0.10886812210083008
0.1541600227355957
0.11702966690063477
0.0772390365600586
0.10174155235290527
0.08496975898742676
0.10717177391052246
0.11243915557861328
0.1045384407043457
0.13843846321105957
0.1162114143371582
0.09970211982727051
0.08750224113464355
0.15233659744262695
0.11011266708374023
0.1370236873626709
0.1108088493347168
0.17548155784606934
0.10089755058288574
0.13137602806091309
0.11353683471679688
0.11667346954345703
0.13036894798278809
0.09098553657531738
0.1332380771636963
0.0818779468536377
0.11593818664550781
0.09316325187683105
0.11591291427612305
0.13985252380371094
0.1426398754119873
0.14849615097045898
0.1424407958984375
0.13038134574890137
0.13237714767456055
0.09826350212097168
0.09842753410339355
0.10197567939758301
0.13164186477661133
0.10118770599365234
0.07112765312194824
0.09351801872253418
0.08832192420959473
0.09354805946350098
0.07826066017150879
0.07110977172851562
0.13997173309326172
0.1411755084991455
0.16735124588012695
0.09709644317626953
0.12519454956054688
0.09324932098388672
0.08143496513366699
0.07656383514404297
0.13740754127502441
0.13995933532714844
0.11236882209777832
0.0943596363067627
0.09674286842346191
0.10498833656311035
0.08593487739562988
0.15793228149414062
0.09246230125427246
0.09440207481384277
0.08197283744812012
0.08197808265686035
0.0889739990234375
0.1402902603149414
0.13323974609375
0.1371757984161377
0.1060183048248291
0.13321495056152344
0.18710613250732422
0.09521365165710449
0.0970146656036377
0.10251045227050781
0.08177423477172852
0.12798118591308594
0.08420109748840332
0.13327646255493164
0.10808849334716797
0.08781957626342773
0.14347100257873535
0.13459062576293945
0.10859489440917969
0.08315634727478027
0.09648489952087402
0.19520020484924316
0.11460018157958984
0.08594870567321777
0.10089373588562012
0.10403609275817871
0.12473034858703613
0.1079564094543457
0.11208081245422363
0.10897493362426758
0.11171531677246094
0.11241960525512695
0.11838006973266602
0.07012295722961426
0.15236330032348633
0.10909366607666016
0.09467315673828125
0.1041107177734375
0.1170499324798584
0.09224891662597656
0.09771084785461426
0.09495830535888672
0.11028289794921875
0.15717792510986328
0.1520242691040039
0.0870051383972168
0.1203012466430664
0.18101882934570312
0.11089825630187988
0.1011505126953125
0.11431527137756348
0.1115713119506836
0.08413887023925781
0.13625741004943848
0.1349806785583496
0.0869913101196289
0.0777430534362793
0.0912027359008789
0.1099386215209961
0.12204122543334961
0.08051085472106934
0.1079263687133789
0.10058951377868652
0.11005091667175293
0.1092374324798584
0.12481904029846191
0.15796351432800293
0.08012580871582031
0.08391785621643066
0.12836408615112305
0.08863282203674316
0.13330650329589844
0.1207895278930664
0.11126279830932617
0.13672733306884766
0.08463001251220703
0.11995887756347656
0.1108705997467041
0.10675859451293945
0.1222078800201416
0.09834575653076172
0.11580538749694824
0.10155582427978516
0.09897136688232422
0.14391422271728516
0.09488058090209961
0.10510492324829102
0.12880420684814453
0.10889291763305664
0.10520243644714355
0.11405587196350098
0.11467862129211426
0.12948012351989746
0.07478499412536621
0.12809276580810547
0.1322038173675537
0.058439016342163086
0.10448074340820312
0.11292839050292969
0.1480569839477539
0.07698249816894531
0.07702207565307617
0.10288524627685547
0.12474179267883301
0.10442924499511719
0.14815020561218262
0.10045456886291504
0.09828305244445801
0.14118742942810059
0.09170293807983398
0.10019421577453613
0.11685609817504883
0.09600353240966797
0.13822245597839355
0.12933039665222168
0.07853031158447266
0.1600940227508545
0.09409189224243164
0.09112024307250977
0.10228705406188965
0.10453176498413086
0.10223722457885742
0.09886455535888672
0.10080718994140625
0.10066604614257812
0.13343405723571777
0.13141632080078125
0.10216760635375977
0.11595463752746582
0.11212325096130371
0.12639904022216797
0.09543919563293457
0.11168885231018066
0.17380666732788086
0.08324098587036133
0.1055910587310791
0.09499168395996094
0.09578084945678711
0.11229372024536133
0.14333391189575195
0.10848569869995117
0.0836482048034668
0.15351366996765137
0.11020994186401367
0.09968876838684082
0.1799769401550293
0.11393952369689941
0.12470388412475586
0.11689305305480957
0.12444353103637695
0.10944986343383789
0.16580462455749512
0.11813807487487793
0.1207582950592041
0.11801838874816895
0.093109130859375
0.11861085891723633
0.09477400779724121
0.10764050483703613
0.11732959747314453
0.09180545806884766
0.12580657005310059
0.08458352088928223
0.06281661987304688
0.11137151718139648
0.13164210319519043
0.09678220748901367
0.09988236427307129
0.15296649932861328
0.15433883666992188
0.12141942977905273
0.1296982765197754
0.12274026870727539
0.08932256698608398
0.11063265800476074
0.11079716682434082
0.10645627975463867
0.11937975883483887
0.139268159866333
0.08859705924987793
0.10820269584655762
0.14995431900024414
0.1012430191040039
0.06353211402893066
0.11683201789855957
0.17681670188903809
0.07855534553527832
0.10408449172973633
0.1152489185333252
0.0837252140045166
0.1325395107269287
0.07368755340576172
0.12240934371948242
0.16426634788513184
0.07976555824279785
0.11743450164794922
0.11341691017150879
0.14513206481933594
0.14235568046569824
0.129533052444458
0.09189343452453613
0.10235404968261719
0.09627151489257812
0.11113405227661133
0.14810562133789062
0.09918475151062012
0.08678483963012695
0.11728453636169434
0.08367776870727539
0.1313931941986084
0.11291694641113281
0.07600808143615723
0.08917427062988281
0.0971841812133789
0.12707853317260742
0.12705588340759277
0.11788797378540039
0.10908365249633789
0.11619329452514648
0.09082603454589844
0.11709237098693848
0.10857343673706055
0.11943960189819336
0.12377214431762695
0.11148500442504883
0.12036275863647461
0.14171051979064941
0.14072203636169434
0.15384531021118164
0.17571353912353516
0.10229063034057617
0.0969393253326416
0.10680842399597168
0.13157272338867188
0.11244082450866699
0.12364983558654785
0.11530709266662598
0.07531952857971191
0.08201289176940918
0.13082122802734375
0.09410333633422852
0.12751984596252441
0.10599660873413086
0.09488463401794434
0.14726901054382324
0.07301139831542969
0.1272573471069336
0.11296606063842773
0.10134410858154297
0.10110783576965332
0.12888813018798828
0.08824276924133301
0.12750983238220215
0.12968182563781738
0.07260990142822266
0.12354040145874023
0.11770844459533691
0.10374021530151367
0.12312006950378418
0.0755617618560791
0.1341865062713623
0.12019753456115723
0.06812191009521484
0.12507915496826172
0.13129210472106934
0.1176450252532959
0.11369729042053223
0.12355375289916992
0.1355738639831543
0.12130975723266602
0.07110214233398438
0.11119985580444336
0.10725736618041992
0.16802215576171875
0.1037747859954834
0.12713837623596191
0.15123915672302246
0.14579081535339355
0.07721161842346191
0.1435995101928711
0.12084341049194336
0.14635872840881348
0.1331641674041748
0.18315553665161133
0.13926982879638672
0.17974591255187988
0.09607839584350586
0.12204504013061523
0.11349153518676758
0.14435839653015137
0.10280418395996094
0.12664222717285156
0.13325834274291992
0.10132312774658203
0.09083008766174316
0.12607479095458984
0.06975269317626953
0.13687920570373535
0.18097186088562012
0.18139266967773438
0.09508109092712402
0.10256195068359375
0.1307845115661621
0.1336827278137207
0.12731027603149414
0.07284069061279297
0.08966445922851562
0.13277006149291992
0.09540104866027832
0.09714508056640625
0.16286158561706543
0.10150718688964844
0.08016657829284668
0.07804489135742188
0.09421110153198242
0.10193419456481934
0.10064864158630371
0.0948171615600586
0.09710836410522461
0.12660884857177734
0.15758943557739258
0.12287688255310059
0.1019899845123291
0.09198188781738281
0.12892508506774902
0.11255526542663574
0.10180282592773438
0.11354207992553711
0.08545494079589844
0.11330413818359375
0.12167525291442871
0.1134192943572998
0.11642050743103027
0.18384623527526855
0.11333990097045898
0.14579176902770996
0.10095810890197754
0.13561606407165527
0.1492748260498047
0.14647603034973145
0.0792078971862793
0.1417222023010254
0.1034393310546875
0.18400025367736816
0.13481402397155762
0.13190150260925293
0.09562158584594727
0.10667538642883301
0.10455060005187988
0.10388422012329102
0.11277937889099121
0.0879361629486084
0.1370847225189209
0.09468889236450195
0.11052989959716797
0.09206771850585938
0.09957623481750488
0.07489204406738281
0.08453989028930664
0.15650606155395508
0.09851360321044922
0.08041763305664062
0.07427024841308594
0.08061575889587402
0.10313296318054199
0.15430259704589844
0.11377072334289551
0.11270833015441895
0.0677943229675293
0.13129544258117676
0.14171624183654785
0.11213541030883789
0.09684252738952637
0.15594100952148438
0.11366844177246094
0.12803101539611816
0.12440705299377441
0.059723854064941406
0.1206505298614502
0.08693718910217285
0.09940457344055176
0.08295965194702148
0.09169983863830566
0.1286945343017578
0.12222766876220703
0.1498737335205078
0.12136983871459961
0.0821375846862793
0.17042946815490723
0.06885313987731934
0.13529157638549805
0.13300085067749023
0.08991670608520508
0.11693739891052246
0.10478401184082031
0.12478065490722656
0.12850022315979004
0.06643438339233398
0.13348054885864258
0.09975004196166992
0.15742826461791992
0.12239289283752441
0.13616251945495605
0.1014702320098877
0.12066030502319336
0.14164400100708008
0.11843299865722656
0.09034204483032227
0.0952291488647461
0.1482706069946289
0.16900205612182617
0.1897749900817871
0.10140514373779297
0.0983285903930664
0.09898257255554199
0.13282179832458496
0.09454131126403809
0.09333038330078125
0.09563636779785156
0.11677837371826172
0.13387346267700195
0.11983728408813477
0.08916163444519043
0.11688089370727539
0.10660910606384277
0.1399366855621338
0.10680317878723145
0.10491132736206055
0.14227533340454102
0.11364102363586426
0.13563036918640137
0.11086440086364746
0.13695740699768066
0.0718691349029541
0.07317280769348145
0.10533809661865234
0.12234377861022949
0.09978485107421875
0.12089896202087402
0.1177222728729248
0.09015583992004395
0.07024002075195312
0.08775687217712402
0.10921144485473633
0.11556386947631836
0.10596418380737305
0.11936712265014648
0.15698575973510742
0.13343191146850586
0.12607550621032715
0.1137697696685791
0.12014365196228027
0.09013152122497559
0.11043119430541992
0.1064310073852539
0.12810778617858887
0.10532689094543457
0.1145622730255127
0.10392093658447266
0.10947489738464355
0.13498568534851074
0.13743996620178223
0.17839312553405762
0.1047365665435791
0.10397481918334961
0.10504031181335449
0.09131288528442383
0.14733481407165527
0.1388869285583496
0.10288071632385254
0.09040188789367676
0.12644553184509277
0.09967660903930664
0.12611031532287598
0.08912253379821777
0.12158703804016113
0.08931493759155273
0.08951830863952637
0.1312110424041748
0.1251218318939209
0.12077879905700684
0.09312152862548828
0.1152496337890625
0.10559654235839844
0.09490132331848145
0.10770797729492188
0.10582256317138672
0.12001276016235352
0.09212613105773926
0.1047372817993164
0.07789278030395508
0.11351680755615234
0.12088727951049805
0.09974789619445801
0.13388657569885254
0.0940558910369873
0.11314177513122559
0.10517382621765137
0.11400389671325684
0.1450345516204834
0.14325904846191406
0.10068607330322266
0.12159442901611328
0.10457420349121094
0.11102890968322754
0.12244319915771484
0.12362289428710938
0.12197136878967285
0.14787578582763672
0.10791254043579102
0.10043191909790039
0.08670210838317871
0.13276052474975586
0.12425041198730469
0.11426305770874023
0.13186979293823242
0.11158227920532227
0.08649730682373047
0.1384742259979248
0.1303415298461914
0.10590004920959473
0.11664628982543945
0.1474301815032959
0.08057570457458496
0.1101388931274414
0.10598468780517578
0.11586833000183105
0.1120920181274414
0.10995793342590332
0.09664463996887207
0.08237886428833008
0.11501574516296387
0.16071844100952148
0.11037349700927734
0.10591530799865723
0.08023381233215332
0.10023856163024902
0.09410667419433594
0.1077578067779541
0.11643266677856445
0.10874700546264648
0.13141393661499023
0.12274384498596191
0.1189570426940918
0.11946249008178711
0.10222864151000977
0.11741328239440918
0.08684945106506348
0.09201312065124512
0.12445449829101562
0.11684513092041016
0.15505266189575195
0.10593152046203613
0.15479207038879395
0.1286754608154297
0.18538355827331543
0.09653878211975098
0.16763639450073242
0.12030029296875
0.10039830207824707
0.14387965202331543
0.1374359130859375
0.1058189868927002
0.13588643074035645
0.1028909683227539
0.07606387138366699
0.09354043006896973
0.16260457038879395
0.09641742706298828
0.10976433753967285
0.18642115592956543
0.15118098258972168
0.13312935829162598
0.12761855125427246
0.12929010391235352
0.09807229042053223
0.13848638534545898
0.14525294303894043
0.07320094108581543
0.128525972366333
0.11513710021972656
0.11754202842712402
0.14808964729309082
0.1495039463043213
0.10062837600708008
0.11024117469787598
0.12029314041137695
0.1114189624786377
0.11783695220947266
0.11136579513549805
0.12478113174438477
0.07635736465454102
0.10384345054626465
0.07932162284851074
0.08569049835205078
0.12783265113830566
0.15598487854003906
0.1678628921508789
0.1582927703857422
0.18745660781860352
0.1091468334197998
0.11498665809631348
0.11898255348205566
0.09000062942504883
0.10781359672546387
0.12935781478881836
0.08432483673095703
0.07952117919921875
0.1274406909942627
0.1298999786376953
0.09516644477844238
0.10381174087524414
0.138031005859375
0.1306469440460205
0.08296918869018555
0.09399819374084473
0.10248851776123047
0.10998106002807617
0.12205100059509277
0.12049651145935059
0.1450183391571045
0.12449526786804199
0.1126101016998291
0.1189115047454834
0.14900636672973633
0.13380742073059082
0.11103534698486328
0.07580804824829102
0.13340473175048828
0.11109709739685059
0.1135256290435791
0.1046593189239502
0.08832812309265137
0.0791163444519043
0.15796327590942383
0.0965733528137207
0.06477499008178711
0.08085489273071289
0.14430713653564453
0.07544088363647461
0.12003636360168457
0.09789752960205078
0.0828561782836914
0.12301993370056152
0.10094738006591797
0.07463431358337402
0.1398313045501709
0.07854509353637695
0.09811806678771973
0.11090683937072754
0.1072072982788086
0.12987947463989258
0.13426923751831055
0.11098194122314453
0.1153099536895752
0.10031533241271973
0.10138654708862305
0.06545472145080566
0.10731863975524902
0.11888289451599121
0.09124636650085449
0.10662674903869629
0.08023285865783691
0.10767316818237305
0.1319437026977539
0.10513544082641602
0.1339702606201172
0.08277463912963867
0.08882737159729004
0.07839441299438477
0.12212896347045898
0.08026647567749023
0.10800433158874512
0.13048815727233887
0.09238910675048828
0.10156130790710449
0.07434916496276855
0.10934591293334961
0.13417935371398926
0.10646414756774902
0.11268806457519531
0.10089468955993652
0.14525437355041504
0.10078978538513184
0.11200642585754395
0.11660575866699219
0.15661311149597168
0.09669041633605957
0.0996859073638916
0.11582326889038086
0.11425232887268066
0.119384765625
0.16518092155456543
0.1741187572479248
0.07333779335021973
0.1266627311706543
0.12144279479980469
0.10320878028869629
0.1551218032836914
0.08678269386291504
0.14205670356750488
0.10146641731262207
0.14855360984802246
0.11466097831726074
0.08045601844787598
0.09083318710327148
0.1018979549407959
0.09181332588195801
0.10169100761413574
0.07599568367004395
0.10851359367370605
0.15418672561645508
0.07880163192749023
0.11596989631652832
0.11241269111633301
0.09421014785766602
0.1578209400177002
0.07952022552490234
0.12571263313293457
0.09941267967224121
0.11229252815246582
0.12490725517272949
0.12509536743164062
0.0914769172668457
0.133774995803833
0.1083533763885498
0.12027549743652344
0.10379266738891602
0.09902429580688477
0.10295248031616211
0.19740819931030273
0.20294904708862305
0.08764386177062988
0.08767414093017578
0.11662697792053223
0.09852361679077148
0.07410931587219238
0.1822202205657959
0.08505582809448242
0.1284329891204834
0.09008169174194336
0.1127779483795166
0.0690164566040039
0.17341017723083496
0.09899210929870605
0.08999919891357422
0.12276577949523926
0.10695028305053711
0.11490535736083984
0.13732147216796875
0.13893938064575195
0.07812833786010742
0.15381932258605957
0.16723966598510742
0.13845562934875488
0.0890498161315918
0.13605332374572754
0.08720278739929199
0.17245244979858398
0.08107447624206543
0.06510233879089355
0.11596417427062988
0.14211153984069824
0.07776522636413574
0.1247401237487793
0.0887455940246582
0.12525367736816406
0.07576274871826172
0.0679929256439209
0.09848880767822266
0.1053617000579834
0.11756396293640137
0.16867685317993164
0.12917089462280273
0.08485603332519531
0.1086263656616211
0.17488765716552734
0.12993693351745605
0.08329296112060547
0.12253856658935547
0.17281699180603027
0.09037494659423828
0.08512735366821289
0.11409902572631836
0.13489103317260742
0.08616185188293457
0.17428922653198242
0.1598813533782959
0.1440584659576416
0.17383885383605957
0.1643533706665039
0.1334834098815918
0.09892129898071289
0.0813450813293457
0.10430741310119629
0.18529391288757324
0.09370613098144531
0.13667535781860352
0.0692448616027832
0.07914328575134277
0.10884618759155273
0.12755846977233887
0.11865711212158203
0.0934441089630127
0.08775639533996582
0.11293578147888184
0.08170008659362793
0.08522152900695801
0.12422466278076172
0.07424807548522949
0.10545945167541504
0.15358877182006836
0.14658260345458984
0.16644978523254395
0.08171939849853516
0.14052200317382812
0.11331033706665039
0.08849406242370605
0.10810375213623047
0.0925283432006836
0.12722110748291016
0.10371208190917969
0.14074420928955078
0.09756588935852051
0.11368918418884277
0.07206034660339355
0.11437392234802246
0.12290048599243164
0.10660243034362793
0.0922384262084961
0.10113811492919922
0.14751172065734863
0.15033245086669922
0.09049081802368164
0.10014748573303223
0.13271379470825195
0.1232907772064209
0.0858609676361084
0.12598824501037598
0.15471243858337402
0.05872535705566406
0.08872175216674805
0.10208892822265625
0.0931854248046875
0.12146401405334473
0.07799005508422852
0.11400294303894043
0.07159566879272461
0.1150655746459961
0.19019389152526855
0.10760498046875
0.13081669807434082
0.12181591987609863
0.14105558395385742
0.15088391304016113
0.0756368637084961
0.08832311630249023
0.13287115097045898
0.1344006061553955
0.13630342483520508
0.12218332290649414
0.1187593936920166
0.07071185111999512
0.10751986503601074
0.10813498497009277
0.10973405838012695
0.07623863220214844
0.08943390846252441
0.130448579788208
0.1349790096282959
0.14947295188903809
0.13173317909240723
0.12877225875854492
0.16088223457336426
0.13891339302062988
0.10895204544067383
0.14060378074645996
0.14981603622436523
0.1288914680480957
0.12570619583129883
0.13688421249389648
0.1266329288482666
0.11633086204528809
0.11632800102233887
0.13629722595214844
0.13286709785461426
0.12725138664245605
0.14305615425109863
0.0956733226776123
0.13098740577697754
0.11126852035522461
0.10796141624450684
0.11306548118591309
0.0681605339050293
0.13992881774902344
0.18021297454833984
0.1121671199798584
0.0979161262512207
0.09423494338989258
0.16196703910827637
0.1728050708770752
0.0589756965637207
0.1651923656463623
0.11396551132202148
0.11401700973510742
0.12677311897277832
0.08972001075744629
0.11435937881469727
0.08392643928527832
0.10231614112854004
0.08142471313476562
0.10109591484069824
0.14411163330078125
0.07803487777709961
0.11514568328857422
0.13730359077453613
0.11935806274414062
0.2059025764465332
0.09707307815551758
0.09040999412536621
0.11208534240722656
0.11145210266113281
0.11442279815673828
0.1429448127746582
0.11594414710998535
0.14838027954101562
0.12503623962402344
0.13871455192565918
0.10882019996643066
0.1255488395690918
0.11950969696044922
0.08927059173583984
0.08690309524536133
0.08012628555297852
0.1027376651763916
0.1177070140838623
0.09614825248718262
0.11962556838989258
0.10985326766967773
0.09086179733276367
0.13969683647155762
0.0984184741973877
0.09639859199523926
0.10426592826843262
0.10302424430847168
0.10265684127807617
0.13592219352722168
0.08192205429077148
0.08095645904541016
0.1424257755279541
0.08734607696533203
0.08395171165466309
0.12383627891540527
0.11501359939575195
0.15535640716552734
0.12817597389221191
0.09662175178527832
0.10428714752197266
0.07658863067626953
0.1089472770690918
0.10720372200012207
0.07855558395385742
0.08542132377624512
0.13503789901733398
0.14913320541381836
0.08382654190063477
0.15566086769104004
0.09063220024108887
0.1736893653869629
0.12867951393127441
0.07124662399291992
0.10243701934814453
0.14595842361450195
0.08379411697387695
0.12344717979431152
0.1130685806274414
0.13248133659362793
0.09070444107055664
0.0739438533782959
0.09491205215454102
0.11557960510253906
0.0933375358581543
0.12548375129699707
0.10021615028381348
0.10058045387268066
0.12389135360717773
0.14629912376403809
0.08267688751220703
0.1551218032836914
0.08992218971252441
0.10562491416931152
0.13822364807128906
0.14262771606445312
0.12824797630310059
0.11772537231445312
0.11243009567260742
0.09566593170166016
0.12366867065429688
0.12359118461608887
0.12088680267333984
0.1282339096069336
0.1380751132965088
0.09498333930969238
0.11925411224365234
0.1767899990081787
0.1021881103515625
0.14706921577453613
0.16975855827331543
0.16631340980529785
0.10644817352294922
0.14987492561340332
0.1918189525604248
0.12057161331176758
0.11278390884399414
0.087860107421875
0.12604975700378418
0.12807202339172363
0.13563799858093262
0.1653125286102295
0.1023416519165039
0.0782310962677002
0.10149240493774414
0.14557933807373047
0.2009432315826416
0.09487009048461914
0.08732771873474121
0.1297612190246582
0.07581591606140137
0.1366105079650879
0.19245648384094238
0.09094524383544922
0.10872483253479004
0.07643771171569824
0.08595395088195801
0.12088871002197266
0.13875913619995117
0.0661311149597168
0.0606837272644043
0.10206866264343262
0.06983566284179688
0.13726401329040527
0.14168930053710938
0.1248636245727539
0.13883280754089355
0.20406508445739746
0.1253037452697754
0.13209056854248047
0.11620426177978516
0.15970087051391602
0.1791834831237793
0.15791535377502441
0.15135908126831055
0.09964799880981445
0.11673855781555176
0.11593055725097656
0.0983583927154541
0.08076786994934082
0.11576151847839355
0.09373283386230469
0.15146946907043457
0.10855484008789062
0.14419198036193848
0.08046603202819824
0.10045838356018066
0.081268310546875
0.09323644638061523
0.14217090606689453
0.11656689643859863
0.11739373207092285
0.06989908218383789
0.10131120681762695
0.11316251754760742
0.08917903900146484
0.10904693603515625
0.16940689086914062
0.14586639404296875
0.18407106399536133
0.18397831916809082
0.08792257308959961
0.11136722564697266
0.10863661766052246
0.10245704650878906
0.1430528163909912
0.1301865577697754
0.09039831161499023
0.12014007568359375
0.1662750244140625
0.12548232078552246
0.08278298377990723
0.11854267120361328
0.12823057174682617
0.0786294937133789
0.14964771270751953
0.0963904857635498
0.09401822090148926
0.11138701438903809
0.11115670204162598
0.11499285697937012
0.11229825019836426
0.09996747970581055
0.10035443305969238
0.12090325355529785
0.16747093200683594
0.11055850982666016
0.09136486053466797
0.13567423820495605
0.07223153114318848
0.11492323875427246
0.15080571174621582
0.11932611465454102
0.1682569980621338
0.07441401481628418
0.17859292030334473
0.20167016983032227
0.08478450775146484
0.07754683494567871
0.09565949440002441
0.13579821586608887
0.12859058380126953
0.08408403396606445
0.09568452835083008
0.11210489273071289
0.08755993843078613
0.11727309226989746
0.2056407928466797
0.10624241828918457
0.24430131912231445
0.1111149787902832
0.12450122833251953
0.12554216384887695
0.10542488098144531
0.08611679077148438
0.13133716583251953
0.07933878898620605
0.11977505683898926
0.14284896850585938
0.10754036903381348
0.06395554542541504
0.10054349899291992
0.10677075386047363
0.07764315605163574
0.11476540565490723
0.09982967376708984
0.13782691955566406
0.16386914253234863
0.19161486625671387
0.11942672729492188
0.14468145370483398
0.14669013023376465
0.14215898513793945
0.1361236572265625
0.13221120834350586
0.1719210147857666
0.15681886672973633
0.08638834953308105
0.11770391464233398
0.09554195404052734
0.0794823169708252
0.08297395706176758
0.13205456733703613
0.08009195327758789
0.10859322547912598
0.09625792503356934
0.10924673080444336
0.14827275276184082
0.11108922958374023
0.133711576461792
0.15631389617919922
0.12589406967163086
0.07548809051513672
0.11588621139526367
0.11534309387207031
0.1281294822692871
0.08426260948181152
0.14000701904296875
0.15153813362121582
0.1123502254486084
0.09311413764953613
0.16969609260559082
0.13273286819458008
0.13811135292053223
0.11746764183044434
0.13991713523864746
0.08083200454711914
0.07924103736877441
0.1807405948638916
0.1076500415802002
0.10708427429199219
0.10028934478759766
0.0843818187713623
0.08944106101989746
0.11330676078796387
0.1325697898864746
0.09324955940246582
0.09616684913635254
0.0914771556854248
0.12095093727111816
0.1177513599395752
0.07193279266357422
0.16727662086486816
0.11869692802429199
0.0837404727935791
0.07985663414001465
0.09376144409179688
0.12638425827026367
0.07573342323303223
0.09491395950317383
0.1376361846923828
0.07087993621826172
0.1897580623626709
0.19483113288879395
0.08802366256713867
0.06237912178039551
0.1162421703338623
0.10780882835388184
0.13529086112976074
0.2156684398651123
0.08011674880981445
0.07476472854614258
0.10195016860961914
0.14213848114013672
0.16472339630126953
0.07833337783813477
0.09720134735107422
0.10829377174377441
0.11683368682861328
0.0972890853881836
0.0878453254699707
0.0696556568145752
0.1533951759338379
0.09906959533691406
0.1138768196105957
0.1112370491027832
0.17488980293273926
0.10501861572265625
0.1882009506225586
0.07810711860656738
0.1346883773803711
0.12235522270202637
0.08984518051147461
0.12819337844848633
0.10624909400939941
0.11450910568237305
0.08809900283813477
0.12964177131652832
0.0742485523223877
0.10579681396484375
0.09122347831726074
0.23136043548583984
0.0988161563873291
0.1030418872833252
0.09723806381225586
0.09548068046569824
0.09928393363952637
0.14413118362426758
0.10773873329162598
0.09536504745483398
0.09930300712585449
0.06959199905395508
0.16467022895812988
0.13336420059204102
0.19858956336975098
0.06331443786621094
0.1000518798828125
0.06693577766418457
0.10380768775939941
0.10410761833190918
0.09279656410217285
0.11224508285522461
0.0895226001739502
0.10826897621154785
0.0776822566986084
0.11909151077270508
0.09216451644897461
0.10387396812438965
0.15077805519104004
0.08747363090515137
0.14814043045043945
0.12644195556640625
0.14000248908996582
0.08090925216674805
0.10760927200317383
0.1010446548461914
0.11479783058166504
0.1269381046295166
0.07912564277648926
0.09400463104248047
0.15901541709899902
0.0838780403137207
0.10915565490722656
0.07634115219116211
0.11752653121948242
0.13977456092834473
0.10087776184082031
0.1164846420288086
0.08309388160705566
0.07106542587280273
0.10973525047302246
0.1005859375
0.08422684669494629
0.11500239372253418
0.08136963844299316
0.07961368560791016
0.09135913848876953
0.11525726318359375
0.11641144752502441
0.10327625274658203
0.10247683525085449
0.12341165542602539
0.1254136562347412
0.14323806762695312
0.0948183536529541
0.12177705764770508
0.10906052589416504
0.10856890678405762
0.12142038345336914
0.12381553649902344
0.1357707977294922
0.11823773384094238
0.11823916435241699
0.10302138328552246
0.10834002494812012
0.12897920608520508
0.1300816535949707
0.09529852867126465
0.12084197998046875
0.10196948051452637
0.09014463424682617
0.1175680160522461
0.14803624153137207
0.10129976272583008
0.15611529350280762
0.07747602462768555
0.11153674125671387
0.12175107002258301
0.13475394248962402
0.10851526260375977
0.13464570045471191
0.13498377799987793
0.11068987846374512
0.14878630638122559
0.10417628288269043
0.10027146339416504
0.09234833717346191
0.11216330528259277
0.10015487670898438
0.12611627578735352
0.10158324241638184
0.16941285133361816
0.12169981002807617
0.07126164436340332
0.10800743103027344
0.1057424545288086
0.09630608558654785
0.15311717987060547
0.14345502853393555
0.09462475776672363
0.1109311580657959
0.09120631217956543
0.10115528106689453
0.08786797523498535
0.07733583450317383
0.11364269256591797
0.0876014232635498
0.1329662799835205
0.09697341918945312
0.12514615058898926
0.11661911010742188
0.1197659969329834
0.0863494873046875
0.11415600776672363
0.11009335517883301
0.10984325408935547
0.09674072265625
0.08556270599365234
0.10602188110351562
0.06727004051208496
0.1359410285949707
0.12389492988586426
0.12270855903625488
0.13871240615844727
0.0804147720336914
0.10077118873596191
0.13044357299804688
0.07691097259521484
0.13422012329101562
0.12642335891723633
0.07679367065429688
0.08429551124572754
0.11594533920288086
0.08112525939941406
0.11878252029418945
0.09271359443664551
0.13061761856079102
0.0785527229309082
0.1735546588897705
0.07902193069458008
0.09764337539672852
0.1358625888824463
0.09343886375427246
0.11722517013549805
0.13454651832580566
0.11742377281188965
0.08898544311523438
0.08169913291931152
0.10669350624084473
0.10311579704284668
0.12909698486328125
0.11888790130615234
0.06995320320129395
0.07508301734924316
0.10959887504577637
0.10927438735961914
0.11103677749633789
0.14939022064208984
0.07599496841430664
0.0869286060333252
0.11714553833007812
0.09498786926269531
0.10520815849304199
0.11577415466308594
0.09641122817993164
0.10791254043579102
0.12415242195129395
0.13191437721252441
0.11774706840515137
0.05959916114807129
0.11220145225524902
0.12901926040649414
0.11219668388366699
0.12051272392272949
0.1563403606414795
0.15401077270507812
0.10690569877624512
0.12612080574035645
0.0670769214630127
0.10820341110229492
0.16036748886108398
0.09917712211608887
0.08749604225158691
0.09870433807373047
0.09449505805969238
0.08068561553955078
0.1760571002960205
0.11345744132995605
0.09718751907348633
0.10845232009887695
0.12803316116333008
0.13540053367614746
0.09213948249816895
0.1873941421508789
0.07165098190307617
0.10636091232299805
0.06556415557861328
0.12191605567932129
0.08556890487670898
0.14135313034057617
0.14200806617736816
0.058362483978271484
0.15508246421813965
0.12313389778137207
0.08910131454467773
0.1254875659942627
0.1711254119873047
0.1319870948791504
0.18364930152893066
0.12996935844421387
0.1293199062347412
0.12567949295043945
0.10511374473571777
0.1576824188232422
0.06301212310791016
0.15920400619506836
0.16519975662231445
0.09999728202819824
0.09603357315063477
0.11725735664367676
0.08529257774353027
0.16318726539611816
0.07481646537780762
0.15634846687316895
0.10586357116699219
0.1329178810119629
0.08661270141601562
0.16851234436035156
0.18812108039855957
0.07143330574035645
0.15160870552062988
0.17190837860107422
0.19142365455627441
0.08278560638427734
0.09638547897338867
0.12563061714172363
0.10452985763549805
0.0619349479675293
0.1045389175415039
0.10944867134094238
0.20144271850585938
0.09786295890808105
0.16576838493347168
0.0762786865234375
0.08540558815002441
0.14252161979675293
0.06528115272521973
0.12025165557861328
0.11392664909362793
0.10401248931884766
0.09998393058776855
0.07654142379760742
0.08064794540405273
0.0950918197631836
0.13704562187194824
0.10825037956237793
0.0699772834777832
0.12340521812438965
0.1020958423614502
0.14170503616333008
0.10066413879394531
0.13003230094909668
0.10256242752075195
0.14449572563171387
0.13510775566101074
0.11765217781066895
0.10604238510131836
0.1325078010559082
0.07052135467529297
0.1101219654083252
0.09922409057617188
0.11426544189453125
0.10508131980895996
0.08268260955810547
0.11448979377746582
0.07767152786254883
0.13161325454711914
0.12732362747192383
0.15137958526611328
0.08513379096984863
0.12125325202941895
0.14605093002319336
0.0703728199005127
0.1331479549407959
0.13782787322998047
0.14440608024597168
0.1319119930267334
0.1418900489807129
0.20678138732910156
0.20315241813659668
0.08217787742614746
0.12309813499450684
0.1305255889892578
0.14601898193359375
0.16049599647521973
0.12645483016967773
0.1684887409210205
0.09637165069580078
0.08312034606933594
0.09828519821166992
0.09539079666137695
0.11707496643066406
0.11090850830078125
0.08711624145507812
0.11095833778381348
0.13439369201660156
0.09935355186462402
0.1392219066619873
0.06871366500854492
0.07456135749816895
0.11871814727783203
0.1334397792816162
0.11147475242614746
0.07016515731811523
0.11981415748596191
0.12772178649902344
0.11415457725524902
0.11076784133911133
0.13533473014831543
0.12837600708007812
0.10283017158508301
0.1243138313293457
0.11862587928771973
0.11860132217407227
0.10503673553466797
0.14924907684326172
0.11267471313476562
0.11123085021972656
0.15819787979125977
0.14719414710998535
0.06639218330383301
0.12467241287231445
0.12088370323181152
0.13101816177368164
0.08559679985046387
0.1275184154510498
0.08225584030151367
0.17506623268127441
0.20636725425720215
0.10482406616210938
0.10401558876037598
0.08778095245361328
0.12185978889465332
0.1400437355041504
0.09627318382263184
0.07549381256103516
0.09207344055175781
0.1325826644897461
0.09076595306396484
0.11065506935119629
0.1242227554321289
0.14809083938598633
0.09383869171142578
0.09818458557128906
0.10092973709106445
0.11947917938232422
0.11935591697692871
0.09226274490356445
0.12542295455932617
0.1334242820739746
0.13641905784606934
0.17960906028747559
0.14252972602844238
0.1033320426940918
0.09189391136169434
0.09223294258117676
0.1004798412322998
0.09498023986816406
0.2010941505432129
0.1261439323425293
0.11187458038330078
0.09774136543273926
0.10289454460144043
0.12531685829162598
0.17341113090515137
0.09367203712463379
0.1456296443939209
0.12164497375488281
0.1050105094909668
0.0915839672088623
0.06366872787475586
0.12339305877685547
0.07054281234741211
0.1803150177001953
0.13036704063415527
0.13603925704956055
0.12146282196044922
0.15659165382385254
0.07201790809631348
0.09928631782531738
0.11255097389221191
0.16780710220336914
0.10173535346984863
0.10207772254943848
0.11209607124328613
0.12493753433227539
0.08630585670471191
0.05890917778015137
0.09552383422851562
0.11289072036743164
0.11907649040222168
0.1712038516998291
0.1128988265991211
0.09271931648254395
0.08925747871398926
0.09884834289550781
0.14663195610046387
0.06971931457519531
0.10592818260192871
0.1074070930480957
0.14166760444641113
0.11062407493591309
0.1789689064025879
0.06776094436645508
0.13077449798583984
0.08488154411315918
0.11464595794677734
0.10143661499023438
0.125044584274292
0.11207294464111328
0.10653018951416016
0.13575410842895508
0.15468597412109375
0.08604669570922852
0.06139945983886719
0.0979459285736084
0.14817571640014648
0.15119576454162598
0.07215595245361328
0.06964659690856934
0.08439469337463379
0.1264498233795166
0.08257484436035156
0.130293607711792
0.10623002052307129
0.15352630615234375
0.14291000366210938
0.08353829383850098
0.1184542179107666
0.1001436710357666
0.16747736930847168
0.10753178596496582
0.14908480644226074
0.0777277946472168
0.12918829917907715
0.16613531112670898
0.10916304588317871
0.11724114418029785
0.15187335014343262
0.10358905792236328
0.09120821952819824
0.13133454322814941
0.11253190040588379
0.16569852828979492
0.08925867080688477
0.11657977104187012
0.12015891075134277
0.1109917163848877
0.09251070022583008
0.10190892219543457
0.14699125289916992
0.11168146133422852
0.12007927894592285
0.13304519653320312
0.1053016185760498
0.1595137119293213
0.08913707733154297
0.19989800453186035
0.08275842666625977
0.12373733520507812
0.1009058952331543
0.11320710182189941
0.10057210922241211
0.1358640193939209
0.10054492950439453
0.07889080047607422
0.1336956024169922
0.09880518913269043
0.15170550346374512
0.07347679138183594
0.08860588073730469
0.08342456817626953
0.13038182258605957
0.11150002479553223
0.11765670776367188
0.06588864326477051
0.11683940887451172
0.09012007713317871
0.12309145927429199
0.10003995895385742
0.11510658264160156
0.08669328689575195
0.1036982536315918
0.09978771209716797
0.1290271282196045
0.10619497299194336
0.12331008911132812
0.09256768226623535
0.13289237022399902
0.10957026481628418
0.14024662971496582
0.08504199981689453
0.11426258087158203
0.12367486953735352
0.11326265335083008
0.09612274169921875
0.12113142013549805
0.07333183288574219
0.10704421997070312
0.10909366607666016
0.10464739799499512
0.10831570625305176
0.12306404113769531
0.06273365020751953
0.11707854270935059
0.08092880249023438
0.07154202461242676
0.07524418830871582
0.12287259101867676
0.061649322509765625
0.09987044334411621
0.1134800910949707
0.07857966423034668
0.13917756080627441
0.09055089950561523
0.14572596549987793
0.12061667442321777
0.12485623359680176
0.11331582069396973
0.10593104362487793
0.08095598220825195
0.11209559440612793
0.1342298984527588
0.10178256034851074
0.16845417022705078
0.08994150161743164
0.12814593315124512
0.08612656593322754
0.08199119567871094
0.09569621086120605
0.1500377655029297
0.10132884979248047
0.11474442481994629
0.10438394546508789
0.13656854629516602
0.07729744911193848
0.13634777069091797
0.0984647274017334
0.08965301513671875
0.08776044845581055
0.11428594589233398
0.11984467506408691
0.08579349517822266
0.11855363845825195
0.12395310401916504
0.09733390808105469
0.14933037757873535
0.09306955337524414
0.1213376522064209
0.11637639999389648
0.1442890167236328
0.12164807319641113
0.09596085548400879
0.1278078556060791
0.06633496284484863
0.126725435256958
0.1127023696899414
0.06571841239929199
0.10265421867370605
0.12118673324584961
0.13319039344787598
0.14231228828430176
0.10497379302978516
0.08129429817199707
0.12465476989746094
0.1255049705505371
0.09111905097961426
0.1138916015625
0.08727264404296875
0.0826878547668457
0.054264068603515625
0.11335420608520508
0.1026456356048584
0.09800004959106445
0.09677958488464355
0.1339876651763916
0.13736796379089355
0.1711735725402832
0.08999013900756836
0.1032869815826416
0.09699153900146484
0.12128233909606934
0.12200069427490234
0.11910748481750488
0.1064453125
0.07549762725830078
0.08725881576538086
0.12211275100708008
0.10469508171081543
0.11161923408508301
0.11442136764526367
0.13105368614196777
0.16071605682373047
0.10982418060302734
0.1232614517211914
0.15448546409606934
0.12434196472167969
0.10064053535461426
0.1202700138092041
0.13269495964050293
0.11006402969360352
0.1195979118347168
0.13782501220703125
0.2407667636871338
0.15374040603637695
0.1005396842956543
0.08669090270996094
0.08461284637451172
0.12428808212280273
0.13654398918151855
0.06965422630310059
0.10665512084960938
0.10188174247741699
0.08710646629333496
0.12246131896972656
0.16191625595092773
0.0966341495513916
0.08424592018127441
0.06913137435913086
0.15021133422851562
0.11387324333190918
0.10079550743103027
0.15561604499816895
0.10528206825256348
0.13786005973815918
0.13406109809875488
0.13953042030334473
0.12224173545837402
0.13931632041931152
0.08417034149169922
0.14859676361083984
0.09744095802307129
0.14475560188293457
0.13004565238952637
0.1623232364654541
0.07478833198547363
0.12793803215026855
0.0822138786315918
0.08902716636657715
0.07261514663696289
0.13132071495056152
0.1277172565460205
0.12055325508117676
0.13184118270874023
0.09516000747680664
0.12949633598327637
0.0729985237121582
0.12336015701293945
0.1403191089630127
0.12838268280029297
0.08961868286132812
0.15874218940734863
0.12711596488952637
0.07243847846984863
0.08217954635620117
0.12375330924987793
0.06870865821838379
0.07446002960205078
0.14939475059509277
0.13192462921142578
0.19352388381958008
0.1116790771484375
0.11148190498352051
0.08796024322509766
0.11052894592285156
0.0877687931060791
0.16938519477844238
0.12906599044799805
0.09353256225585938
0.10525131225585938
0.12519431114196777
0.12941765785217285
0.13282394409179688
0.12314581871032715
0.08342337608337402
0.1155540943145752
0.08769655227661133
0.10181307792663574
0.08843111991882324
0.09245562553405762
0.14412617683410645
0.13443350791931152
0.11989140510559082
0.11244964599609375
0.12561297416687012
0.12037920951843262
0.09150552749633789
0.07815408706665039
0.10725569725036621
0.11342263221740723
0.12183499336242676
0.07802462577819824
0.12067031860351562
0.0862588882446289
0.13277816772460938
0.10556197166442871
0.07652640342712402
0.11210012435913086
0.10812520980834961
0.08721733093261719
0.1543433666229248
0.15313005447387695
0.08254027366638184
0.09328436851501465
0.1459195613861084
0.0733940601348877
0.12221479415893555
0.12576889991760254
0.06556224822998047
0.09772777557373047
0.08670330047607422
0.118560791015625
0.10852432250976562
0.15410971641540527
0.11800456047058105
0.11855959892272949
0.10301542282104492
0.1390218734741211
0.10559320449829102
0.1049497127532959
0.14081120491027832
0.09567451477050781
0.12519383430480957
0.12696290016174316
0.13311767578125
0.11628890037536621
0.15628981590270996
0.09986758232116699
0.09898996353149414
0.07392406463623047
0.13396692276000977
0.12043213844299316
0.0840764045715332
0.10359477996826172
0.08045530319213867
0.19110560417175293
0.12061262130737305
0.0975792407989502
0.08801460266113281
0.12428522109985352
0.0798940658569336
0.1455214023590088
0.11252522468566895
0.0939183235168457
0.0994417667388916
0.11849188804626465
0.06693744659423828
0.08902239799499512
0.14946746826171875
0.17011404037475586
0.10866761207580566
0.13434314727783203
0.16898536682128906
0.1432936191558838
0.11810874938964844
0.09172272682189941
0.1665971279144287
0.10721850395202637
0.16019105911254883
0.09289717674255371
0.18956279754638672
0.09427571296691895
0.12289094924926758
0.12058067321777344
0.09959697723388672
0.09779238700866699
0.16242170333862305
0.08915400505065918
0.1583845615386963
0.18670439720153809
0.11130380630493164
0.09167933464050293
0.1151120662689209
0.17186188697814941
0.12319374084472656
0.07860064506530762
0.21184372901916504
0.13035821914672852
0.12254524230957031
0.12526297569274902
0.1329212188720703
0.14668750762939453
0.07029891014099121
0.13627862930297852
0.0937654972076416
0.15471768379211426
0.10711455345153809
0.07123947143554688
0.10455632209777832
0.19313645362854004
0.07607603073120117
0.18483757972717285
0.15921545028686523
0.1351613998413086
0.09551143646240234
0.07561492919921875
0.12512874603271484
0.10568451881408691
0.12914490699768066
0.08986186981201172
0.16055774688720703
0.07671308517456055
0.24884486198425293
0.2188889980316162
0.12679362297058105
0.10365748405456543
0.10239553451538086
0.08630537986755371
0.1455235481262207
0.08359885215759277
0.11490154266357422
0.11650490760803223
0.11673521995544434
0.08257651329040527
0.1069786548614502
0.07439017295837402
0.10596179962158203
0.13737154006958008
0.1133427619934082
0.10568881034851074
0.1441352367401123
0.07472372055053711
0.09046220779418945
0.15790820121765137
0.09161257743835449
0.11426162719726562
0.11933207511901855
0.0733184814453125
0.17339706420898438
0.11000466346740723
0.1311953067779541
0.1290891170501709
0.13199782371520996
0.16768217086791992
0.16600489616394043
0.12584543228149414
0.09757137298583984
0.10762834548950195
0.15261316299438477
0.1387944221496582
0.1995840072631836
0.18727803230285645
0.12987518310546875
0.08848357200622559
0.06958365440368652
0.10177898406982422
0.1253664493560791
0.10597681999206543
0.12871980667114258
0.15217208862304688
0.12574434280395508
0.09863996505737305
0.12392592430114746
0.12015271186828613
0.10609030723571777
0.10180902481079102
0.13869428634643555
0.13025856018066406
0.18152379989624023
0.13054156303405762
0.10512685775756836
0.11358475685119629
0.09318757057189941
0.07608246803283691
0.12511706352233887
0.08765363693237305
0.1329798698425293
0.11360478401184082
0.10454034805297852
0.1263597011566162
0.12216520309448242
0.15104436874389648
0.11103081703186035
0.10554981231689453
0.10079741477966309
0.1208035945892334
0.11973023414611816
0.0704963207244873
0.13829255104064941
0.11838793754577637
0.09415936470031738
0.10115814208984375
0.11844587326049805
0.11723780632019043
0.10834980010986328
0.09070491790771484
0.06975293159484863
0.10642766952514648
0.17645645141601562
0.10882210731506348
0.08210635185241699
0.1132349967956543
0.11367678642272949
0.10951089859008789
0.12746119499206543
0.15687274932861328
0.12432074546813965
0.11796188354492188
0.08981013298034668
0.13007378578186035
0.13196897506713867
0.09818148612976074
0.10890841484069824
0.08850336074829102
0.1080174446105957
0.189835786819458
0.11543679237365723
0.14403963088989258
0.08223319053649902
0.1499629020690918
0.09748005867004395
0.12054705619812012
0.11076545715332031
0.1026911735534668
0.12332320213317871
0.1083519458770752
0.10397648811340332
0.09618020057678223
0.10477232933044434
0.0959463119506836
0.09833621978759766
0.15572094917297363
0.11135530471801758
0.10786151885986328
0.11096644401550293
0.1571183204650879
0.10340309143066406
0.11723184585571289
0.15724825859069824
0.11263775825500488
0.08214569091796875
0.1142435073852539
0.10443449020385742
0.09292411804199219
0.09523200988769531
0.09345483779907227
0.09205389022827148
0.08409762382507324
0.1638646125793457
0.11667037010192871
0.13610339164733887
0.07708048820495605
0.08327865600585938
0.11913323402404785
0.09820103645324707
0.13197994232177734
0.12648272514343262
0.09629678726196289
0.08577775955200195
0.0721275806427002
0.1826932430267334
0.11039543151855469
0.1556563377380371
0.11743283271789551
0.07970094680786133
0.16939544677734375
0.11573410034179688
0.06727480888366699
0.1215507984161377
0.10362362861633301
0.11328268051147461
0.13698029518127441
0.09621310234069824
0.16956472396850586
0.17911052703857422
0.10721278190612793
0.11555027961730957
0.11188197135925293
0.18947362899780273
0.10003232955932617
0.0968923568725586
0.1273057460784912
0.10434532165527344
0.16553783416748047
0.12010884284973145
0.11497139930725098
0.10156631469726562
0.09557890892028809
0.15573978424072266
0.10377264022827148
0.11606216430664062
0.07888650894165039
0.1016395092010498
0.1405353546142578
0.10597991943359375
0.14824604988098145
0.181473970413208
0.1325976848602295
0.13536691665649414
0.10817098617553711
0.1207582950592041
0.1425943374633789
0.11845827102661133
0.13288402557373047
0.11478233337402344
0.14415192604064941
0.08924293518066406
0.11482882499694824
0.06302833557128906
0.17644429206848145
0.12238192558288574
0.12951397895812988
0.20154213905334473
0.08205032348632812
0.07743048667907715
0.15743613243103027
0.12802529335021973
0.1375584602355957
0.17324542999267578
0.07087445259094238
0.12096858024597168
0.1261277198791504
0.11000919342041016
0.10762691497802734
0.12551593780517578
0.11179113388061523
0.12695765495300293
0.09782671928405762
0.07747125625610352
0.08864092826843262
0.12004327774047852
0.08276081085205078
0.11622738838195801
0.12379121780395508
0.06871771812438965
0.12524628639221191
0.10082602500915527
0.11098837852478027
0.1004633903503418
0.057962894439697266
0.10807108879089355
0.11862516403198242
0.08403539657592773
0.09692239761352539
0.07443833351135254
0.13141942024230957
0.11743617057800293
0.12968158721923828
0.07091283798217773
0.1238410472869873
0.1282823085784912
0.09110832214355469
0.08996391296386719
0.10436677932739258
0.1688830852508545
0.12276363372802734
0.15497350692749023
0.16179180145263672
0.18170523643493652
0.08463597297668457
0.12147307395935059
0.11118292808532715
0.12438797950744629
0.12126636505126953
0.1053166389465332
0.13994789123535156
0.11548972129821777
0.0688934326171875
0.09399747848510742
0.09824395179748535
0.12628960609436035
0.07979559898376465
0.11937832832336426
0.09024381637573242
0.14157986640930176
0.1136631965637207
0.10392212867736816
0.08341813087463379
0.08578824996948242
0.10431981086730957
0.15241336822509766
0.14147400856018066
0.07284426689147949
0.12110304832458496
0.09128475189208984
0.08006405830383301
0.06958508491516113
0.11273598670959473
0.17990660667419434
0.1147918701171875
0.0819084644317627
0.13944268226623535
0.1233220100402832
0.11755514144897461
0.15228605270385742
0.15085673332214355
0.10614347457885742
0.16263175010681152
0.12832236289978027
0.10494112968444824
0.12754416465759277
0.09868359565734863
0.11595511436462402
0.13850140571594238
0.09075355529785156
0.14329051971435547
0.15103554725646973
0.09499859809875488
0.0985560417175293
0.10704445838928223
0.07598567008972168
0.14147353172302246
0.1030879020690918
0.10450601577758789
0.16081953048706055
0.10528731346130371
0.1523606777191162
0.09244203567504883
0.09249067306518555
0.14818096160888672
0.15809416770935059
0.08416533470153809
0.09278988838195801
0.1270427703857422
0.08704900741577148
0.13906192779541016
0.08966779708862305
0.10364747047424316
0.08097314834594727
0.11154651641845703
0.1381683349609375
0.09950590133666992
0.16440725326538086
0.10754036903381348
0.11359572410583496
0.11024641990661621
0.08699846267700195
0.13027286529541016
0.1735396385192871
0.10409402847290039
0.11629128456115723
0.1315293312072754
0.13118433952331543
0.11930727958679199
0.08138799667358398
0.142531156539917
0.06843996047973633
0.10945653915405273
0.08429837226867676
0.1476445198059082
0.1385045051574707
0.14487910270690918
0.18662762641906738
0.06838440895080566
0.15264511108398438
0.09888553619384766
0.10131382942199707
0.14063763618469238
0.12423133850097656
0.15346741676330566
0.09212827682495117
0.13210153579711914
0.15531039237976074
0.0993502140045166
0.08779668807983398
0.0784754753112793
0.061337947845458984
0.14268255233764648
0.14598703384399414
0.12549448013305664
0.08437800407409668
0.1629493236541748
0.10289311408996582
0.09309196472167969
0.1254410743713379
0.1528465747833252
0.12612152099609375
0.1370842456817627
0.12382841110229492
0.11782193183898926
0.08062624931335449
0.06674885749816895
0.1194610595703125
0.12794113159179688
0.12582159042358398
0.08861827850341797
0.11664557456970215
0.12143921852111816
0.11274957656860352
0.06859397888183594
0.12164592742919922
0.11235690116882324
0.127044677734375
0.13874363899230957
0.12159323692321777
0.14289450645446777
0.1180574893951416
0.14526605606079102
0.0881659984588623
0.16666960716247559
0.18100619316101074
0.10336899757385254
0.10500669479370117
0.1070108413696289
0.1506180763244629
0.14003610610961914
0.09456849098205566
0.13071012496948242
0.12052583694458008
0.1251661777496338
0.1299581527709961
0.10823678970336914
0.13137221336364746
0.07752013206481934
0.0758962631225586
0.08164572715759277
0.1262977123260498
0.15563607215881348
0.10704851150512695
0.10756063461303711
0.12843537330627441
0.09085202217102051
0.1030128002166748
0.06964278221130371
0.0673668384552002
0.15239739418029785
0.16492080688476562
0.08748888969421387
0.12160062789916992
0.08861613273620605
0.1038203239440918
0.11909747123718262
0.09940600395202637
0.13013339042663574
0.0876314640045166
0.10360312461853027
0.10674786567687988
0.0953989028930664
0.14784526824951172
0.1610245704650879
0.0921485424041748
0.13920331001281738
0.08236980438232422
0.09045052528381348
0.11902356147766113
0.0640861988067627
0.12894487380981445
0.17559599876403809
0.07086682319641113
0.12387418746948242
0.12201333045959473
0.10575175285339355
0.14400243759155273
0.07271265983581543
0.1399240493774414
0.13725757598876953
0.0998697280883789
0.11146664619445801
0.12981700897216797
0.12436461448669434
0.11007308959960938
0.12496399879455566
0.11994695663452148
0.10599875450134277
0.1269540786743164
0.166046142578125
0.16893267631530762
0.13944721221923828
0.11786484718322754
0.07857823371887207
0.12014603614807129
0.1048126220703125
0.1681532859802246
0.20817255973815918
0.08530664443969727
0.12866497039794922
0.06618118286132812
0.08692741394042969
0.14305353164672852
0.09613990783691406
0.06705212593078613
0.10366511344909668
0.12874388694763184
0.19064998626708984
0.0700693130493164
0.1464383602142334
0.10155200958251953
0.13887453079223633
0.1410837173461914
0.12273931503295898
0.06974053382873535
0.1222074031829834
0.12350630760192871
0.07503771781921387
0.08969473838806152
0.14306211471557617
0.15048956871032715
0.15677165985107422
0.0983884334564209
0.13661432266235352
0.07963299751281738
0.15019631385803223
0.13944315910339355
0.1208961009979248
0.1116178035736084
0.11490082740783691
0.10828399658203125
0.13056278228759766
0.1171731948852539
0.12691211700439453
0.13883161544799805
0.07119154930114746
0.1186974048614502
0.12739300727844238
0.13504910469055176
0.16002941131591797
0.08568453788757324
0.10428452491760254
0.09284615516662598
0.10777139663696289
0.11765217781066895
0.14199376106262207
0.1223149299621582
0.11176657676696777
0.12164568901062012
0.08910489082336426
0.10584115982055664
0.11214375495910645
0.11589169502258301
0.1042642593383789
0.09525322914123535
0.10060667991638184
0.10177493095397949
0.12170076370239258
0.0873878002166748
0.09699845314025879
0.09937572479248047
0.10453462600708008
0.09845471382141113
0.08414649963378906
0.13517141342163086
0.12894988059997559
0.12433028221130371
0.09844470024108887
0.12008166313171387
0.11347818374633789
0.11202216148376465
0.12644600868225098
0.1264019012451172
0.09441757202148438
0.07777643203735352
0.10312342643737793
0.15879583358764648
0.09510374069213867
0.1936345100402832
0.1037745475769043
0.11624526977539062
0.11637020111083984
0.18213725090026855
0.10798168182373047
0.10613584518432617
0.14541411399841309
0.12145328521728516
0.14433550834655762
0.11043858528137207
0.19735479354858398
0.22374534606933594
0.12787914276123047
0.13965892791748047
0.13459086418151855
0.07856941223144531
0.08976054191589355
0.1131446361541748
0.08942079544067383
0.07001566886901855
0.16344165802001953
0.06830763816833496
0.11797308921813965
0.14921092987060547
0.1305689811706543
0.11734271049499512
0.15714001655578613
0.09172892570495605
0.13610100746154785
0.11148810386657715
0.10069918632507324
0.14151787757873535
0.133589506149292
0.14639043807983398
0.1306459903717041
0.1041555404663086
0.12747907638549805
0.11943626403808594
0.1235198974609375
0.16230225563049316
0.09526300430297852
0.12020301818847656
0.1740732192993164
0.08064723014831543
0.1300647258758545
0.15098810195922852
0.09359383583068848
0.144028902053833
0.09896469116210938
0.13196539878845215
0.11279940605163574
0.14966487884521484
0.1360013484954834
0.08394074440002441
0.08720612525939941
0.07847261428833008
0.09766721725463867
0.08182716369628906
0.08531403541564941
0.13776254653930664
0.18265104293823242
0.17255210876464844
0.09738421440124512
0.09121155738830566
0.0804898738861084
0.1528456211090088
0.13742828369140625
0.13593268394470215
0.08844923973083496
0.11857986450195312
0.10960531234741211
0.21683764457702637
0.08686184883117676
0.10101008415222168
0.10849952697753906
0.1182551383972168
0.15393972396850586
0.13067197799682617
0.10619974136352539
0.08231687545776367
0.08071541786193848
0.10285735130310059
0.1118922233581543
0.1796112060546875
0.13028430938720703
0.11754918098449707
0.14021801948547363
0.09974813461303711
0.1584336757659912
0.16443395614624023
0.14569544792175293
0.13890910148620605
0.07309556007385254
0.10938072204589844
0.11701393127441406
0.11607623100280762
0.13562917709350586
0.15058684349060059
0.14456534385681152
0.15846037864685059
0.09623289108276367
0.13808321952819824
0.10352110862731934
0.1461780071258545
0.13021373748779297
0.1434009075164795
0.10523653030395508
0.0918583869934082
0.10507440567016602
0.1432342529296875
0.10867142677307129
0.1442410945892334
0.12726092338562012
0.15405631065368652
0.08881711959838867
0.11934709548950195
0.11702775955200195
0.13537931442260742
0.13652300834655762
0.10534381866455078
0.06553030014038086
0.16847658157348633
0.12140774726867676
0.14281988143920898
0.09033656120300293
0.0979917049407959
0.14759254455566406
0.14082050323486328
0.1158139705657959
0.07757759094238281
0.10711479187011719
0.11250877380371094
0.08842158317565918
0.0846400260925293
0.10335588455200195
0.1284329891204834
0.11849427223205566
0.1060330867767334
0.10439324378967285
0.12312054634094238
0.08944511413574219
0.10165190696716309
0.09725022315979004
0.09006190299987793
0.08814620971679688
0.11926865577697754
0.07250833511352539
0.12998199462890625
0.10887932777404785
0.12239742279052734
0.08673667907714844
0.08352184295654297
0.09494614601135254
0.1676945686340332
0.13523221015930176
0.07686948776245117
0.11698508262634277
0.17017412185668945
0.09526824951171875
0.11383581161499023
0.18244123458862305
0.12061166763305664
0.10396790504455566
0.09822940826416016
0.16247129440307617
0.17368412017822266
0.1528782844543457
0.17724323272705078
0.10088753700256348
0.126387357711792
0.13805460929870605
0.08544540405273438
0.11716365814208984
0.12662124633789062
0.11058449745178223
0.09523797035217285
0.07962989807128906
0.08294463157653809
0.1587996482849121
0.13453292846679688
0.07676839828491211
0.13033556938171387
0.1409165859222412
0.15362787246704102
0.08431625366210938
0.09503483772277832
0.1262197494506836
0.13499975204467773
0.10452580451965332
0.08320856094360352
0.11117053031921387
0.14960646629333496
0.07598447799682617
0.08336615562438965
0.1260828971862793
0.09065556526184082
0.08025121688842773
0.11077594757080078
0.11362791061401367
0.1470353603363037
0.1126105785369873
0.11325931549072266
0.1016852855682373
0.09656524658203125
0.08986902236938477
0.08363747596740723
0.11172127723693848
0.14677143096923828
0.0986320972442627
0.13117361068725586
0.09636139869689941
0.11187744140625
0.1327197551727295
0.1657123565673828
0.22068190574645996
0.11491942405700684
0.10884833335876465
0.1305861473083496
0.17286348342895508
0.1527690887451172
0.09005284309387207
0.13741683959960938
0.17504239082336426
0.0998528003692627
0.07933330535888672
0.11713004112243652
0.06329512596130371
0.12295055389404297
0.0985260009765625
0.1379566192626953
0.07655024528503418
0.12417030334472656
0.07619357109069824
0.12212491035461426
0.15385222434997559
0.14516949653625488
0.08101439476013184
0.1323561668395996
0.12131953239440918
0.08054709434509277
0.09632325172424316
0.10761046409606934
0.0801706314086914
0.10391783714294434
0.1315152645111084
0.13183307647705078
0.10509753227233887
0.11333608627319336
0.10831236839294434
0.11037993431091309
0.10025930404663086
0.10862207412719727
0.09163808822631836
0.07395291328430176
0.11563324928283691
0.10361266136169434
0.10888457298278809
0.08644723892211914
0.14696407318115234
0.14395403861999512
0.09811210632324219
0.09244990348815918
0.0945892333984375
0.07535243034362793
0.1339402198791504
0.10503697395324707
0.12015318870544434
0.08320760726928711
0.1024026870727539
0.1170196533203125
0.10491394996643066
0.0810081958770752
0.17510247230529785
0.13111662864685059
0.10810661315917969
0.11729145050048828
0.13119077682495117
0.14114904403686523
0.1137092113494873
0.1272287368774414
0.14628386497497559
0.11274266242980957
0.10554075241088867
0.16263246536254883
0.127030611038208
0.11804723739624023
0.11529135704040527
0.10746407508850098
0.16163134574890137
0.1433405876159668
0.12524795532226562
0.11364173889160156
0.12484025955200195
0.15508699417114258
0.13547348976135254
0.13035130500793457
0.12740302085876465
0.10934138298034668
0.09856534004211426
0.19325733184814453
0.09787273406982422
0.11155200004577637
0.12566375732421875
0.12798070907592773
0.14342474937438965
0.14284515380859375
0.10600757598876953
0.12611055374145508
0.13062191009521484
0.12862038612365723
0.0674600601196289
0.11568188667297363
0.18334460258483887
0.1145639419555664
0.11146903038024902
0.0924367904663086
0.0893399715423584
0.08920574188232422
0.06585550308227539
0.14251399040222168
0.13020730018615723
0.13276457786560059
0.14150524139404297
0.09379887580871582
0.18577170372009277
0.11030316352844238
0.1238706111907959
0.12194252014160156
0.09430241584777832
0.11559724807739258
0.09726953506469727
0.09924149513244629
0.11475324630737305
0.10320186614990234
0.11263561248779297
0.15908408164978027
0.14719128608703613
0.106903076171875
0.1373889446258545
0.11378908157348633
0.12275862693786621
0.06641244888305664
0.16153573989868164
0.15360760688781738
0.10182404518127441
0.11316943168640137
0.09209465980529785
0.1366720199584961
0.1251375675201416
0.12167644500732422
0.1017146110534668
0.09646272659301758
0.10202550888061523
0.14171314239501953
0.11197519302368164
0.07903385162353516
0.08507585525512695
0.10925531387329102
0.10658454895019531
0.15406107902526855
0.12028694152832031
0.12126588821411133
0.12050032615661621
0.1430196762084961
0.10262370109558105
0.09993886947631836
0.12487387657165527
0.14383840560913086
0.12738704681396484
0.11586713790893555
0.13204360008239746
0.09072065353393555
0.08886933326721191
0.1183619499206543
0.07100367546081543
0.15626192092895508
0.1764373779296875
0.1640636920928955
0.07991909980773926
0.06912732124328613
0.11649632453918457
0.10704374313354492
0.10877728462219238
0.10897684097290039
0.08311629295349121
0.10941123962402344
0.10635876655578613
0.07428216934204102
0.10980033874511719
0.12631440162658691
0.1401073932647705
0.1192631721496582
0.09255337715148926
0.11809563636779785
0.08675956726074219
0.1392660140991211
0.1370234489440918
0.1026620864868164
0.14781737327575684
0.0876929759979248
0.12401890754699707
0.11426901817321777
3.2014760971069336
0.11199307441711426
0.16639161109924316
0.12249875068664551
0.11737656593322754
0.14113402366638184
0.09533166885375977
0.1242973804473877
0.11626672744750977
0.1140904426574707
0.12565350532531738
0.08653569221496582
0.18599581718444824
0.1582026481628418
0.08045697212219238
0.09441494941711426
0.10963916778564453
0.09082913398742676
0.18335771560668945
0.08172392845153809
0.12012863159179688
0.11193180084228516
0.16133975982666016
0.1154317855834961
0.08497977256774902
0.06597113609313965
0.09917426109313965
0.08925700187683105
0.10162496566772461
0.12492036819458008
0.08140349388122559
0.12946033477783203
0.06831169128417969
0.1568603515625
0.10504150390625
0.11042618751525879
0.08034729957580566
0.11172318458557129
0.09868001937866211
0.07436323165893555
0.13381552696228027
0.10847616195678711
0.13277506828308105
0.10189986228942871
0.12851452827453613
0.11259794235229492
0.12030792236328125
0.07789897918701172
0.1686689853668213
0.10428881645202637
0.11848735809326172
0.08155274391174316
0.13010072708129883
0.1437675952911377
0.09106993675231934
0.1272430419921875
0.08918929100036621
0.0715031623840332
0.10276913642883301
0.10721707344055176
0.08761405944824219
0.0939474105834961
0.12735319137573242
0.08189845085144043
0.1286308765411377
0.11055994033813477
0.10189318656921387
0.0985252857208252
0.13056564331054688
0.13840436935424805
0.09464478492736816
0.07726407051086426
0.11133241653442383
0.06661272048950195
0.1197817325592041
0.07042980194091797
0.09914422035217285
0.08394503593444824
0.13437914848327637
0.09137082099914551
0.10074019432067871
0.08501791954040527
0.0865945816040039
0.11078882217407227
0.13258147239685059
0.09024214744567871
0.10409092903137207
0.11995220184326172
0.11950802803039551
0.086639404296875
0.11768412590026855
0.10623908042907715
0.10244345664978027
0.10650396347045898
0.09068441390991211
0.1048116683959961
0.14489960670471191
0.08634424209594727
0.14375662803649902
0.12331366539001465
0.09674429893493652
0.08544588088989258
0.11145567893981934
0.15025877952575684
0.07277131080627441
0.10573625564575195
0.08686304092407227
0.10493826866149902
0.1166536808013916
0.08186101913452148
0.09454011917114258
0.09235811233520508
0.08989644050598145
0.13437151908874512
0.09377193450927734
0.13672471046447754
0.09776997566223145
0.13681817054748535
0.142791748046875
0.08577799797058105
0.11888623237609863
0.13796281814575195
0.12812256813049316
0.16479039192199707
0.0873570442199707
0.1224207878112793
0.12378644943237305
0.10735392570495605
0.1486520767211914
0.1555490493774414
0.09075665473937988
0.14424562454223633
0.12249922752380371
0.1435554027557373
0.13399815559387207
0.15728068351745605
0.14071965217590332
0.11444211006164551
0.10176587104797363
0.22275257110595703
0.08847999572753906
0.12058067321777344
0.09074902534484863
0.13787245750427246
0.13895225524902344
0.15032410621643066
0.14416050910949707
0.10948610305786133
0.0980520248413086
0.13034939765930176
0.10274720191955566
0.06791043281555176
0.12671256065368652
0.08592391014099121
0.1469588279724121
0.09673953056335449
0.12262630462646484
0.12368965148925781
0.11730194091796875
0.09076499938964844
0.16764569282531738
0.07834792137145996
0.12082266807556152
0.1539473533630371
0.08130025863647461
0.12275362014770508
0.06572771072387695
0.10619997978210449
0.1681995391845703
0.12339234352111816
0.13512158393859863
0.1385514736175537
0.09310293197631836
0.12578248977661133
0.11085033416748047
0.0984649658203125
0.13706064224243164
0.07146215438842773
0.1121971607208252
0.15276193618774414
0.09711289405822754
0.12118768692016602
0.10437321662902832
0.0722651481628418
0.12452268600463867
0.09383654594421387
0.07326602935791016
0.07880377769470215
0.15234160423278809
0.06217193603515625
0.10024428367614746
0.1426684856414795
0.1485750675201416
0.11126399040222168
0.14940118789672852
0.0584254264831543
0.13315653800964355
0.09694766998291016
0.11364388465881348
0.12361860275268555
0.13503742218017578
0.13610100746154785
0.12237358093261719
0.2002558708190918
0.10726761817932129
0.11863827705383301
0.09907412528991699
0.07785558700561523
0.09394025802612305
0.15612459182739258
0.09154176712036133
0.1276700496673584
0.18704748153686523
0.10946989059448242
0.09470033645629883
0.11378312110900879
0.09683942794799805
0.12326669692993164
0.09151840209960938
0.1413116455078125
0.11298561096191406
0.11563706398010254
0.0990750789642334
0.13104915618896484
0.12364482879638672
0.12624835968017578
0.10867142677307129
0.10743141174316406
0.11975693702697754
0.12356996536254883
0.14161157608032227
0.10354042053222656
0.16205334663391113
0.09205770492553711
0.09557342529296875
0.15942978858947754
0.13823962211608887
0.15727972984313965
0.15439319610595703
0.10985398292541504
0.11571383476257324
0.16549921035766602
0.12332582473754883
0.11531877517700195
0.10553574562072754
0.13109564781188965
0.19188475608825684
0.19167208671569824
0.07526779174804688
0.17818260192871094
0.08150434494018555
0.11567139625549316
0.11951231956481934
0.11665844917297363
0.07999515533447266
0.09878969192504883
0.16332387924194336
0.1212930679321289
0.1206207275390625
0.09198880195617676
0.0833432674407959
0.10931944847106934
0.12381410598754883
0.12300610542297363
0.13297796249389648
0.11446309089660645
0.11282515525817871
0.20894789695739746
0.09818863868713379
0.07746767997741699
0.08350801467895508
0.14015412330627441
0.09688091278076172
0.09999418258666992
0.15340924263000488
0.12246823310852051
0.10133481025695801
0.11615729331970215
0.19639182090759277
0.13170099258422852
0.13384175300598145
0.12941265106201172
0.1671004295349121
0.15427589416503906
0.0992729663848877
0.1688075065612793
0.11013960838317871
0.07795023918151855
0.13717961311340332
0.07604742050170898
0.18098902702331543
0.13116788864135742
0.16142749786376953
0.1482701301574707
0.06414222717285156
0.10259008407592773
0.07805538177490234
0.18180155754089355
0.1096181869506836
0.1551675796508789
0.17915797233581543
0.16435980796813965
0.1992640495300293
0.1339855194091797
0.13248300552368164
0.0932462215423584
0.13384461402893066
0.13260817527770996
0.10105180740356445
0.15875864028930664
0.11153221130371094
0.10802364349365234
0.1339874267578125
0.1100316047668457
0.09335565567016602
0.14243030548095703
0.12094497680664062
0.07660293579101562
0.10593295097351074
0.08022046089172363
0.1246030330657959
0.11768484115600586
0.16087746620178223
0.08356499671936035
0.14050984382629395
0.1107950210571289
0.08684945106506348
0.09062361717224121
0.06892037391662598
0.06864714622497559
0.09313774108886719
0.13547158241271973
0.15187287330627441
0.14434099197387695
0.11053776741027832
0.12358784675598145
0.1107940673828125
0.1683664321899414
0.1204824447631836
0.12487435340881348
0.1133115291595459
0.07836747169494629
0.09915781021118164
0.10587048530578613
0.13506412506103516
0.13518333435058594
0.18257927894592285
0.1323239803314209
0.07962441444396973
0.18523097038269043
0.1013486385345459
0.07829713821411133
0.13035178184509277
0.08583974838256836
0.11887669563293457
0.13396573066711426
0.1278834342956543
0.12574243545532227
0.14489984512329102
0.10841655731201172
0.10454440116882324
0.10220599174499512
0.11591434478759766
0.10175204277038574
0.10243606567382812
0.1536555290222168
0.11118459701538086
0.0795280933380127
0.10781717300415039
0.11517667770385742
0.11967706680297852
0.13754630088806152
0.0882415771484375
0.13501405715942383
0.09888219833374023
0.11142659187316895
0.12697911262512207
0.1335141658782959
0.0886533260345459
0.10401320457458496
0.12123799324035645
0.1448373794555664
0.10482358932495117
0.11045122146606445
0.10236716270446777
0.12511277198791504
0.13755154609680176
0.108306884765625
0.14513683319091797
0.11096405982971191
0.09939169883728027
0.10821700096130371
0.06677699089050293
0.12066030502319336
0.1092524528503418
0.1383805274963379
0.08912825584411621
0.06657576560974121
0.11981606483459473
0.13599681854248047
0.09332633018493652
0.10723686218261719
0.1000516414642334
0.11192131042480469
0.11554408073425293
0.13678693771362305
0.08808374404907227
0.07781863212585449
0.13032960891723633
0.09475874900817871
0.08627128601074219
0.16974115371704102
0.0806891918182373
0.09906482696533203
0.06390500068664551
0.16797184944152832
0.09361839294433594
0.16783714294433594
0.11729145050048828
0.1408982276916504
0.1271500587463379
0.11739873886108398
0.12491464614868164
0.0847465991973877
0.07496309280395508
0.0840308666229248
0.10896062850952148
0.09722137451171875
0.16169357299804688
0.09592175483703613
0.10495948791503906
0.13165736198425293
0.12391209602355957
0.12818598747253418
0.12015056610107422
0.11604523658752441
0.10175061225891113
0.13627052307128906
0.13333344459533691
0.13614845275878906
0.16458463668823242
0.10895299911499023
0.09883236885070801
0.10836148262023926
0.12187600135803223
0.1338210105895996
0.13998007774353027
0.09533023834228516
0.11973786354064941
0.07887744903564453
0.0790412425994873
0.11070489883422852
0.11185097694396973
0.13208580017089844
0.08411335945129395
0.10236978530883789
0.11660194396972656
0.09803366661071777
0.1201634407043457
0.10186600685119629
0.12106490135192871
0.10959911346435547
0.10322070121765137
0.12510037422180176
0.11078453063964844
0.13141798973083496
0.06815218925476074
0.1709749698638916
0.14003944396972656
0.09504127502441406
0.1242678165435791
0.1075897216796875
0.07880234718322754
0.15930891036987305
0.08690118789672852
0.1805894374847412
0.116546630859375
0.10952544212341309
0.14423871040344238
0.1179349422454834
0.11121439933776855
0.06464385986328125
0.11333560943603516
0.07075953483581543
0.148301362991333
0.1257479190826416
0.09421157836914062
0.09301638603210449
0.09368491172790527
0.08448147773742676
0.21239733695983887
0.07256650924682617
0.12217211723327637
0.11921286582946777
0.08329129219055176
0.08563518524169922
0.13949823379516602
0.08227252960205078
0.09417080879211426
0.1376936435699463
0.08637166023254395
0.06844329833984375
0.10165810585021973
0.09607863426208496
0.08898568153381348
0.17821741104125977
0.13942527770996094
0.10657954216003418
0.13872790336608887
0.11582064628601074
0.16228508949279785
0.11473822593688965
0.14846181869506836
0.13326334953308105
0.10048460960388184
0.14626121520996094
0.1124868392944336
0.14013314247131348
0.09628033638000488
0.1303110122680664
0.12284040451049805
0.12668299674987793
0.14565658569335938
0.12211155891418457
0.12636637687683105
0.08555436134338379
0.09184575080871582
0.09864997863769531
0.10181999206542969
0.09399151802062988
0.10369396209716797
0.11299443244934082
0.09746670722961426
0.0928037166595459
0.11855006217956543
0.08528971672058105
0.13033223152160645
0.10278105735778809
0.08748340606689453
0.11460065841674805
0.14906024932861328
0.11427474021911621
0.10583972930908203
0.1459062099456787
0.11227297782897949
0.19141674041748047
0.10763025283813477
0.09367895126342773
0.09339618682861328
0.11574912071228027
0.11008429527282715
0.09571242332458496
0.12049198150634766
0.07771563529968262
0.13327312469482422
0.09966659545898438
0.0756080150604248
0.09129571914672852
0.10230541229248047
0.09424209594726562
0.13043522834777832
0.10599899291992188
0.13041400909423828
0.15795040130615234
0.11439633369445801
0.1158285140991211
0.10219073295593262
0.11748480796813965
0.11892390251159668
0.13318920135498047
0.11357712745666504
0.09641146659851074
0.08970975875854492
0.10567998886108398
0.11939692497253418
0.11545491218566895
0.1542377471923828
0.07597041130065918
0.08442854881286621
0.08583617210388184
0.07830333709716797
0.12575221061706543
0.11026549339294434
0.09531927108764648
0.10683822631835938
0.11646556854248047
0.09018802642822266
0.12032461166381836
0.11324524879455566
0.11769986152648926
0.09569239616394043
0.09760499000549316
0.08326911926269531
0.10914158821105957
0.09397149085998535
0.09616279602050781
0.07266879081726074
0.12004280090332031
0.07954025268554688
0.09414100646972656
0.11175370216369629
0.09698700904846191
0.16954326629638672
0.07421350479125977
0.06249523162841797
0.11172771453857422
0.0943756103515625
0.0772860050201416
0.11805891990661621
0.08285307884216309
0.1127922534942627
0.13140606880187988
0.11619138717651367
0.10264062881469727
0.08252859115600586
0.1343059539794922
0.07920122146606445
0.09593319892883301
0.1728229522705078
0.13033533096313477
0.08273625373840332
0.12979507446289062
0.11664485931396484
0.19887065887451172
0.07371306419372559
0.09828567504882812
0.0894773006439209
0.09999322891235352
0.11858010292053223
0.12912464141845703
0.11660957336425781
0.14366936683654785
0.12715983390808105
0.11253166198730469
0.12426590919494629
0.1399221420288086
0.0964663028717041
0.15226507186889648
0.11994123458862305
0.14219903945922852
0.0746910572052002
0.09447526931762695
0.09047937393188477
0.09025859832763672
0.11147499084472656
0.1072840690612793
0.07369303703308105
0.13290786743164062
0.11215353012084961
0.1234598159790039
0.10539960861206055
0.07985401153564453
0.1056828498840332
0.11715364456176758
0.08960533142089844
0.07152318954467773
0.11867237091064453
0.12984967231750488
0.11414599418640137
0.11948013305664062
0.12482595443725586
0.1323561668395996
0.10276651382446289
0.06839394569396973
0.14919590950012207
0.11358308792114258
0.08331561088562012
0.12575864791870117
0.12284135818481445
0.12523531913757324
0.10964322090148926
0.10476088523864746
0.08846926689147949
0.12931132316589355
0.1284923553466797
0.14503908157348633
0.18018865585327148
0.1393876075744629
0.10036635398864746
0.1453242301940918
0.0754852294921875
0.1885840892791748
0.15463948249816895
0.07823872566223145
0.0811913013458252
0.06423783302307129
0.18768668174743652
0.0959315299987793
0.1265735626220703
0.07855629920959473
0.08151578903198242
0.13219213485717773
0.15598201751708984
0.07289505004882812
0.10910940170288086
0.13269686698913574
0.13773250579833984
0.09581184387207031
0.10867476463317871
0.078094482421875
0.12983441352844238
0.0927736759185791
0.1097414493560791
0.13245272636413574
0.08259391784667969
0.13014793395996094
0.11020135879516602
0.08650946617126465
0.12690973281860352
0.07999944686889648
0.12648820877075195
0.1101064682006836
0.10549759864807129
0.10325860977172852
0.12148356437683105
0.08434295654296875
0.15379738807678223
0.13084816932678223
0.06858587265014648
0.15967392921447754
0.1833348274230957
0.07453036308288574
0.10920429229736328
0.15593695640563965
0.1818251609802246
0.12819123268127441
0.09491157531738281
0.10738015174865723
0.23507404327392578
0.16905474662780762
0.09645915031433105
0.09428668022155762
0.09234118461608887
0.14941620826721191
0.13036704063415527
0.13097333908081055
0.09239697456359863
0.1250922679901123
0.08549761772155762
0.0935060977935791
0.1207275390625
0.14198899269104004
0.15035462379455566
0.07419419288635254
0.10477590560913086
0.14927983283996582
0.11392998695373535
0.08942985534667969
0.09210205078125
0.09973359107971191
0.0871436595916748
0.07981276512145996
0.12822270393371582
0.07156896591186523
0.10763359069824219
0.1279294490814209
0.08742499351501465
0.12982869148254395
0.07445859909057617
0.15787196159362793
0.10091781616210938
0.09594964981079102
0.16379475593566895
0.10914802551269531
0.11490893363952637
0.056952714920043945
0.11166548728942871
0.0910189151763916
0.08994126319885254
0.12192535400390625
0.12678170204162598
0.1050877571105957
0.1268141269683838
0.0988614559173584
0.08458304405212402
0.08145833015441895
0.08253359794616699
0.0957801342010498
0.06861209869384766
0.10875773429870605
0.0905618667602539
0.12135887145996094
0.1197361946105957
0.18683838844299316
0.14073419570922852
0.11717867851257324
0.10606050491333008
0.09740900993347168
0.11115407943725586
0.09601497650146484
0.1526947021484375
0.07895302772521973
0.15743732452392578
0.10560965538024902
0.09722709655761719
0.11038994789123535
0.1316089630126953
0.09874892234802246
0.09482073783874512
0.09593367576599121
0.10228133201599121
0.0814206600189209
0.12619376182556152
0.14637041091918945
0.10339808464050293
0.1676037311553955
0.1306746006011963
0.16953563690185547
0.1256723403930664
0.09706926345825195
0.16125106811523438
0.1973569393157959
0.12142014503479004
0.12611103057861328
0.11936569213867188
0.13276100158691406
0.11778593063354492
0.11290812492370605
0.09546732902526855
0.11926913261413574
0.144209623336792
0.09843921661376953
0.11328387260437012
0.07050013542175293
0.06550431251525879
0.16956782341003418
0.14421701431274414
0.09496355056762695
0.06562399864196777
0.16444897651672363
0.10337018966674805
0.09969568252563477
0.09078407287597656
0.10881471633911133
0.10749197006225586
0.07744932174682617
0.09534049034118652
0.10308980941772461
0.1256704330444336
0.12861013412475586
0.1499171257019043
0.0983433723449707
0.1537477970123291
0.14437150955200195
0.1406092643737793
0.10309410095214844
0.09480500221252441
0.11605262756347656
0.13073396682739258
0.11049079895019531
0.125654935836792
0.11746573448181152
0.10090088844299316
0.14284706115722656
0.11257314682006836
0.12083196640014648
0.1318972110748291
0.1516263484954834
0.10967445373535156
0.15845608711242676
0.17431426048278809
0.11114835739135742
0.12589287757873535
0.11075234413146973
0.16188526153564453
0.12261700630187988
0.10425686836242676
0.13763785362243652
0.08574628829956055
0.1733112335205078
0.13363337516784668
0.18152141571044922
0.2084031105041504
0.07377004623413086
0.0921790599822998
0.1431589126586914
0.21552753448486328
0.12328958511352539
0.1332395076751709
0.09504175186157227
0.1112816333770752
0.06950259208679199
0.11920785903930664
0.07679390907287598
0.15569019317626953
0.15629220008850098
0.08713459968566895
0.12505078315734863
0.1074979305267334
0.12672066688537598
0.15144991874694824
0.08048200607299805
0.15831303596496582
0.1665043830871582
0.12134075164794922
0.10884284973144531
0.09092354774475098
0.12244009971618652
0.13894057273864746
0.11418294906616211
0.06659245491027832
0.11407113075256348
0.10751223564147949
0.10214519500732422
0.10086488723754883
0.12107276916503906
0.09374523162841797
0.08713221549987793
0.10139203071594238
0.15793204307556152
0.1235358715057373
0.08769607543945312
0.08538699150085449
0.14691567420959473
0.1156148910522461
0.14508914947509766
0.12909674644470215
0.1736011505126953
0.11054873466491699
0.08919382095336914
0.11121225357055664
0.11738133430480957
0.13176274299621582
0.16687703132629395
0.11466765403747559
0.12117576599121094
0.12485957145690918
0.15780115127563477
0.08336305618286133
0.10965251922607422
0.09264063835144043
0.08526253700256348
0.11616754531860352
0.13031983375549316
0.12447428703308105
0.14952802658081055
0.16129374504089355
0.16856098175048828
0.07838749885559082
0.10627555847167969
0.09542417526245117
0.07410001754760742
0.12430953979492188
0.14837217330932617
0.12861132621765137
0.1556236743927002
0.18868708610534668
0.09453678131103516
0.10313796997070312
0.1044921875
0.09864163398742676
0.06277132034301758
0.12111568450927734
0.12212944030761719
0.08663368225097656
0.1281278133392334
0.07665038108825684
0.07902956008911133
0.15954017639160156
0.09892153739929199
0.15142321586608887
0.1087794303894043
0.1383516788482666
0.07913851737976074
0.06231832504272461
0.10979628562927246
0.07121706008911133
0.12999367713928223
0.12747478485107422
0.14956307411193848
0.16137003898620605
0.12940549850463867
0.0887300968170166
0.07963132858276367
0.1081075668334961
0.09981393814086914
0.1057732105255127
0.1042628288269043
0.12055373191833496
0.12750792503356934
0.1709306240081787
0.14426326751708984
0.09978318214416504
0.15852952003479004
0.11363744735717773
0.19734930992126465
0.18228459358215332
0.1115877628326416
0.06447172164916992
0.10258865356445312
0.10212540626525879
0.1164097785949707
0.09187507629394531
0.08364415168762207
0.09239983558654785
0.11140155792236328
0.14223575592041016
0.13160443305969238
0.07731842994689941
0.07722020149230957
0.09630346298217773
0.1067650318145752
0.14024662971496582
0.1250016689300537
0.08268404006958008
0.06238150596618652
0.07431197166442871
0.14479851722717285
0.0994560718536377
0.07013320922851562
0.1299288272857666
0.07807540893554688
0.11404109001159668
0.1121828556060791
0.11064720153808594
0.07667326927185059
0.08210372924804688
0.11633110046386719
0.11514735221862793
0.12090158462524414
0.12868618965148926
0.06514811515808105
0.11864233016967773
0.09691691398620605
0.08993816375732422
0.12034034729003906
0.0660865306854248
0.1515655517578125
0.13174104690551758
0.08589959144592285
0.17521405220031738
0.0747976303100586
0.12257003784179688
0.10111379623413086
0.12935352325439453
0.15735530853271484
0.11664247512817383
0.0881197452545166
0.11385989189147949
0.12552928924560547
0.12696385383605957
0.105133056640625
0.11774373054504395
0.11720752716064453
0.07682180404663086
0.10162472724914551
0.10384058952331543
0.10100412368774414
0.09000682830810547
0.07900071144104004
0.08794832229614258
0.18997788429260254
0.11527085304260254
0.09289121627807617
0.09838104248046875
0.09633827209472656
0.0752565860748291
0.1110994815826416
0.13950514793395996
0.1105189323425293
0.09916901588439941
0.11874747276306152
0.100189208984375
0.11548995971679688
0.09224057197570801
0.23413586616516113
0.09683609008789062
0.12040305137634277
0.14849019050598145
0.14540386199951172
0.0878608226776123
0.11827540397644043
0.08643507957458496
0.13498663902282715
0.13930177688598633
0.08238959312438965
0.13939213752746582
0.16356492042541504
0.08783292770385742
0.11961960792541504
0.10566878318786621
0.07898902893066406
0.1123957633972168
0.09069609642028809
0.09852933883666992
0.0788259506225586
0.09546756744384766
0.08646941184997559
0.13692569732666016
0.14182376861572266
0.14645719528198242
0.12910079956054688
0.11025118827819824
0.09832763671875
0.1301107406616211
0.10960030555725098
0.1464684009552002
0.15241599082946777
0.06617450714111328
0.14013242721557617
0.11094212532043457
0.10847306251525879
0.07062745094299316
0.11134147644042969
0.11775541305541992
0.11519980430603027
0.09297561645507812
0.10210061073303223
0.10566401481628418
0.12407255172729492
0.08648920059204102
0.1394035816192627
0.14118432998657227
0.13059735298156738
0.10303211212158203
0.12153792381286621
0.1070549488067627
0.1084892749786377
0.11133694648742676
0.07020449638366699
0.12859702110290527
0.16846847534179688
0.12668466567993164
0.10739707946777344
0.11968016624450684
0.07289695739746094
0.11385321617126465
0.11590361595153809
0.19128799438476562
0.09514427185058594
0.0985417366027832
0.1337292194366455
0.11344218254089355
0.07543325424194336
0.17635846138000488
0.10123515129089355
0.11696481704711914
0.0772390365600586
0.17754411697387695
0.14331722259521484
0.15796494483947754
0.13342761993408203
0.06897759437561035
0.15155601501464844
0.08775758743286133
0.17701482772827148
0.07731389999389648
0.0897376537322998
0.10037517547607422
0.11609196662902832
0.14426851272583008
0.18038153648376465
0.08525705337524414
0.11482119560241699
0.12527847290039062
0.11594724655151367
0.12975358963012695
0.08301353454589844
0.1454007625579834
0.11185479164123535
0.08688092231750488
0.11552548408508301
0.1280224323272705
0.12220478057861328
0.177337646484375
0.12191200256347656
0.11117672920227051
0.11768984794616699
0.12163281440734863
0.11300110816955566
0.10138082504272461
0.10073637962341309
0.09789299964904785
0.07117486000061035
0.08997893333435059
0.06539249420166016
0.13318848609924316
0.16981840133666992
0.09713363647460938
0.11605668067932129
0.12655043601989746
0.07239055633544922
0.11212635040283203
0.1077873706817627
0.13478374481201172
0.13369417190551758
0.1617565155029297
0.06814932823181152
0.1341080665588379
0.12881898880004883
0.08437418937683105
0.1090843677520752
0.13884615898132324
0.12349700927734375
0.13783621788024902
0.14010334014892578
0.13841557502746582
0.08617520332336426
0.10966038703918457
0.1097562313079834
0.10123968124389648
0.11670827865600586
0.055977582931518555
0.12463569641113281
0.16097187995910645
0.07997512817382812
0.09885048866271973
0.11432576179504395
0.14952373504638672
0.14951181411743164
0.1628587245941162
0.08006930351257324
0.11278462409973145
0.1423509120941162
0.10012078285217285
0.12636041641235352
0.12102270126342773
0.10590815544128418
0.10733461380004883
0.09624552726745605
0.08991694450378418
0.1415724754333496
0.09313821792602539
0.11494064331054688
0.1059880256652832
0.09410977363586426
0.11315727233886719
0.08965849876403809
0.11391496658325195
0.12178754806518555
0.11750411987304688
0.16699957847595215
0.10277199745178223
0.11447000503540039
0.10014653205871582
0.09580278396606445
0.08341455459594727
0.13901567459106445
0.11394762992858887
0.09347176551818848
0.08659696578979492
0.13028407096862793
0.10764813423156738
0.12435150146484375
0.1432805061340332
0.09621214866638184
0.11354827880859375
0.10357832908630371
0.0986628532409668
0.0953376293182373
0.12253737449645996
0.11952018737792969
0.0938255786895752
0.11179661750793457
0.1166536808013916
0.16201043128967285
0.16919445991516113
0.12586307525634766
0.11449122428894043
0.1032860279083252
0.11867928504943848
0.14585661888122559
0.1595911979675293
0.1838231086730957
0.0992288589477539
0.10991263389587402
0.0859212875366211
0.12605500221252441
0.10990357398986816
0.12685513496398926
0.10624551773071289
0.07569384574890137
0.10504508018493652
0.09698939323425293
0.07578444480895996
0.1507101058959961
0.10129809379577637
0.1508655548095703
0.15715789794921875
0.1072392463684082
0.11145567893981934
0.09424376487731934
0.10113310813903809
0.10164690017700195
0.1363358497619629
0.13852715492248535
0.10533499717712402
0.13688015937805176
0.10933232307434082
0.08886146545410156
0.12608814239501953
0.07752251625061035
0.07613158226013184
0.1615757942199707
0.12599515914916992
0.08258795738220215
0.12491917610168457
0.11665964126586914
0.11918950080871582
0.11392974853515625
0.1384749412536621
0.14414024353027344
0.11873865127563477
0.14204716682434082
0.0776669979095459
0.07082390785217285
0.1542203426361084
0.09140610694885254
0.10344934463500977
0.09595775604248047
0.14813494682312012
0.07248091697692871
0.12346076965332031
0.1279914379119873
0.0879054069519043
0.1221625804901123
0.09993171691894531
0.09555411338806152
0.12720942497253418
0.13400483131408691
0.10437655448913574
0.10074234008789062
0.10970926284790039
0.1128547191619873
0.09712529182434082
0.10584831237792969
0.06280207633972168
0.10681986808776855
0.09946393966674805
0.11565923690795898
0.12718677520751953
0.15821170806884766
0.15106797218322754
0.07672262191772461
0.12546491622924805
0.11652421951293945
0.12153792381286621
0.13293886184692383
0.06956815719604492
0.12115764617919922
0.08367800712585449
0.10757112503051758
0.10400581359863281
0.11873149871826172
0.08021068572998047
0.11119961738586426
0.15496587753295898
0.07845592498779297
0.1025094985961914
0.12468767166137695
0.12272834777832031
0.1404564380645752
0.0896754264831543
0.07864809036254883
0.11177301406860352
0.11315131187438965
0.11354589462280273
0.18254399299621582
0.10597395896911621
0.15268802642822266
0.11192202568054199
0.08786487579345703
0.21228575706481934
0.1349942684173584
0.09825015068054199
0.12585115432739258
0.14310097694396973
0.13165020942687988
0.12413811683654785
0.11191415786743164
0.0681753158569336
0.1401686668395996
0.09457111358642578
0.10644650459289551
0.139146089553833
0.10254502296447754
0.10115265846252441
0.09739327430725098
0.12407803535461426
0.15178132057189941
0.07311391830444336
0.0901949405670166
0.14500713348388672
0.09993743896484375
0.12327885627746582
0.09839010238647461
0.0726168155670166
0.08762907981872559
0.19489049911499023
0.09046387672424316
0.18323755264282227
0.09195709228515625
0.13860702514648438
0.10550236701965332
0.08871269226074219
0.08712911605834961
0.0933847427368164
0.1345837116241455
0.09689617156982422
0.09177708625793457
0.1058652400970459
0.09200358390808105
0.0794370174407959
0.13110756874084473
0.1330127716064453
0.06702113151550293
0.1232461929321289
0.14223623275756836
0.08416962623596191
0.12465214729309082
0.10506105422973633
0.09218192100524902
0.1766796112060547
0.13330841064453125
0.10848546028137207
0.14436841011047363
0.21003985404968262
0.07063770294189453
0.08765077590942383
0.12450981140136719
0.08077216148376465
0.09844231605529785
0.12964868545532227
0.11602377891540527
0.1033487319946289
0.11506152153015137
0.0988614559173584
0.11980319023132324
0.10708832740783691
0.07307767868041992
0.1259312629699707
0.13162612915039062
0.14996814727783203
0.0902862548828125
0.09202003479003906
0.11095404624938965
0.09815597534179688
0.13024520874023438
0.05820155143737793
0.1285114288330078
0.15250134468078613
0.10482668876647949
0.1518857479095459
0.07044363021850586
0.09553122520446777
0.07607722282409668
0.10001349449157715
0.10558938980102539
0.12217044830322266
0.09577465057373047
0.13489389419555664
0.08529281616210938
0.1076955795288086
0.11447739601135254
0.11011552810668945
0.10152864456176758
0.09885764122009277
0.12964582443237305
0.10409069061279297
0.08405780792236328
0.14060378074645996
0.15768790245056152
0.08682656288146973
0.0918879508972168
0.08681774139404297
0.09447979927062988
0.09376907348632812
0.11165976524353027
0.10685443878173828
0.0852959156036377
0.13886809349060059
0.12720060348510742
0.09286117553710938
0.09139442443847656
0.11682510375976562
0.0751800537109375
0.16405844688415527
0.10811305046081543
0.12526726722717285
0.09334373474121094
0.15454483032226562
0.11915445327758789
0.10662007331848145
0.09769749641418457
0.13427352905273438
0.10280156135559082
0.06783246994018555
0.1337296962738037
0.12110090255737305
0.08708357810974121
0.1312580108642578
0.13946223258972168
0.09531974792480469
0.09193921089172363
0.09857821464538574
0.08595156669616699
0.12186050415039062
0.1342177391052246
0.09291982650756836
0.1235053539276123
0.10106539726257324
0.10373067855834961
0.0761404037475586
0.13519787788391113
0.10019683837890625
0.07549262046813965
0.0685267448425293
0.16226625442504883
0.18492889404296875
0.07342338562011719
0.10484123229980469
0.09184145927429199
0.13799715042114258
0.10022401809692383
0.14953398704528809
0.07951045036315918
0.07590174674987793
0.1368236541748047
0.06352782249450684
0.12368965148925781
0.10614538192749023
0.0952451229095459
0.08687400817871094
0.09468674659729004
0.11829519271850586
0.17290019989013672
0.0796365737915039
0.06799626350402832
0.1118476390838623
0.13714289665222168
0.0983743667602539
0.1424245834350586
0.10959577560424805
0.18910455703735352
0.1587066650390625
0.10979390144348145
0.12194991111755371
0.1391315460205078
0.10715031623840332
0.10288572311401367
0.17053747177124023
0.08254671096801758
0.07526302337646484
0.1495363712310791
0.15244364738464355
0.10217666625976562
0.20905256271362305
0.09256243705749512
0.14325976371765137
0.0886533260345459
0.10267758369445801
0.09311604499816895
0.10069918632507324
0.10595059394836426
0.0996396541595459
0.07294273376464844
0.11328387260437012
0.13385581970214844
0.1307053565979004
0.1089625358581543
0.11423993110656738
0.09458780288696289
0.11758923530578613
0.10168862342834473
0.10940742492675781
0.06510305404663086
0.13999485969543457
0.08400869369506836
0.13017606735229492
0.09153175354003906
0.10865306854248047
0.0980215072631836
0.10912132263183594
0.14073538780212402
0.17996573448181152
0.11739444732666016
0.09378957748413086
0.07480883598327637
0.11475658416748047
0.08673954010009766
0.07592177391052246
0.1181037425994873
0.0783543586730957
0.08915162086486816
0.16486549377441406
0.1774744987487793
0.09787797927856445
0.0787820816040039
0.06819701194763184
0.12967872619628906
0.1049509048461914
0.06978178024291992
0.09270501136779785
0.09448456764221191
0.16486310958862305
0.16690897941589355
0.0900259017944336
0.1037895679473877
0.12621331214904785
0.1578691005706787
0.11194348335266113
0.11920952796936035
0.1130821704864502
0.10069918632507324
0.0948328971862793
0.09715533256530762
0.16987943649291992
0.17116117477416992
0.09916210174560547
0.11574912071228027
0.10106372833251953
0.11014604568481445
0.10457921028137207
0.08075332641601562
0.09979677200317383
0.09204626083374023
0.10692501068115234
0.14645838737487793
0.08668923377990723
0.14324331283569336
0.1208341121673584
0.11855912208557129
0.1272871494293213
0.12953758239746094
0.10167574882507324
0.1048593521118164
0.12174868583679199
0.14769411087036133
0.1338329315185547
0.12380146980285645
0.11285066604614258
0.09839725494384766
0.12829947471618652
0.14963865280151367
0.16474246978759766
0.09900093078613281
0.13684749603271484
0.12294268608093262
0.12953591346740723
0.16244101524353027
0.1739654541015625
0.14530301094055176
0.12183117866516113
0.1480710506439209
0.1349036693572998
0.1440281867980957
0.09218978881835938
0.1204841136932373
0.1147921085357666
0.12465047836303711
0.12796783447265625
0.12261247634887695
0.12311768531799316
0.10252881050109863
0.1244497299194336
0.1453845500946045
0.1147313117980957
0.10105323791503906
0.156890869140625
0.11897635459899902
0.11706805229187012
0.13641977310180664
0.19187498092651367
0.10326051712036133
0.11213564872741699
0.0978395938873291
0.1455831527709961
0.0937039852142334
0.16609811782836914
0.14411592483520508
0.08180832862854004
0.16834163665771484
0.14917325973510742
0.1475813388824463
0.10631632804870605
0.11272048950195312
0.13886713981628418
0.11133384704589844
0.17772150039672852
0.15078258514404297
0.09815621376037598
0.10085463523864746
0.10456466674804688
0.06968402862548828
0.14008784294128418
0.10772180557250977
0.08330368995666504
0.09362483024597168
0.1066751480102539
0.12068057060241699
0.12764930725097656
0.13133525848388672
0.14157342910766602
0.06979084014892578
0.11248373985290527
0.11912417411804199
0.12583136558532715
0.08576488494873047
0.124908447265625
0.09289383888244629
0.08768081665039062
0.10479998588562012
0.13199424743652344
0.07059621810913086
0.17764520645141602
0.07225823402404785
0.10873842239379883
0.15118408203125
0.11779975891113281
0.12037491798400879
0.14739131927490234
0.12104439735412598
0.08900284767150879
0.0966942310333252
0.15777254104614258
0.10546422004699707
0.09540414810180664
0.10495114326477051
0.13167715072631836
0.11542701721191406
0.10439491271972656
0.148667573928833
0.0812826156616211
0.10165119171142578
0.09176206588745117
0.10759973526000977
0.12481832504272461
0.15845084190368652
0.11275911331176758
0.14662694931030273
0.10664796829223633
0.11409902572631836
0.10438966751098633
0.08474445343017578
0.13568592071533203
0.15806078910827637
0.16339802742004395
0.11929583549499512
0.09586453437805176
0.11182689666748047
0.10281133651733398
0.08510398864746094
0.09366583824157715
0.14263296127319336
0.07485318183898926
0.10271739959716797
0.09750819206237793
0.0575871467590332
0.09489727020263672
0.13173365592956543
0.13176584243774414
0.1385340690612793
0.10393619537353516
0.11054444313049316
0.1423952579498291
0.1255180835723877
0.14049887657165527
0.13508319854736328
0.07523632049560547
0.07761573791503906
0.10588574409484863
0.14423179626464844
0.1545872688293457
0.1039423942565918
0.14905786514282227
0.1670856475830078
0.10229945182800293
0.1061100959777832
0.10888361930847168
0.12686586380004883
0.14472198486328125
0.10104036331176758
0.0968012809753418
0.16422033309936523
0.08551955223083496
0.17650103569030762
0.14005112648010254
0.08042216300964355
0.10476064682006836
0.07189488410949707
0.10856413841247559
0.1301250457763672
0.08375382423400879
0.10195612907409668
0.12447428703308105
0.12731695175170898
0.09551191329956055
0.10678648948669434
0.14424657821655273
0.14912819862365723
0.11781191825866699
0.15329623222351074
0.13845109939575195
0.19892597198486328
0.16264820098876953
0.11931490898132324
0.10151815414428711
0.11904335021972656
0.10526704788208008
0.09940075874328613
0.10669159889221191
0.07950067520141602
0.10522651672363281
0.15613627433776855
0.12852168083190918
0.08565831184387207
0.13501930236816406
0.12714719772338867
0.09400534629821777
0.12110614776611328
0.2232809066772461
0.18702125549316406
0.15262866020202637
0.10486578941345215
0.08017277717590332
0.16083765029907227
0.12705302238464355
0.1316077709197998
0.09235930442810059
0.09882497787475586
0.12391281127929688
0.15053629875183105
0.20566439628601074
0.1223294734954834
0.12262678146362305
0.12628507614135742
0.143324613571167
0.16040682792663574
0.06720781326293945
0.1060025691986084
0.1655888557434082
0.09831547737121582
0.13875842094421387
0.11286282539367676
0.14267587661743164
0.08117079734802246
0.19716548919677734
0.20621728897094727
0.09990239143371582
0.11475920677185059
0.14158296585083008
0.09728765487670898
0.16314387321472168
0.15048861503601074
0.08778047561645508
0.1444566249847412
0.10860419273376465
0.1175997257232666
0.09164571762084961
0.12307119369506836
0.16768622398376465
0.10002493858337402
0.14185762405395508
0.09708786010742188
0.10798358917236328
0.10598254203796387
0.11067342758178711
0.1239173412322998
0.11815500259399414
0.13153815269470215
0.1596205234527588
0.13156652450561523
0.09573197364807129
0.09055876731872559
0.1058201789855957
0.0914316177368164
0.12978196144104004
0.09238958358764648
0.10206961631774902
0.07984113693237305
0.12781023979187012
0.11721420288085938
0.20010662078857422
0.09960293769836426
0.11369848251342773
0.10013723373413086
0.10878396034240723
0.12137198448181152
0.09240508079528809
0.1100001335144043
0.12471961975097656
0.09022402763366699
0.08073902130126953
0.11058807373046875
0.0912163257598877
0.13543415069580078
0.08710050582885742
0.14999628067016602
0.22847485542297363
0.09991097450256348
0.09885382652282715
0.08276534080505371
0.1539452075958252
0.09832429885864258
0.16222858428955078
0.08486771583557129
0.10146307945251465
0.06998395919799805
0.11185169219970703
0.13222265243530273
0.10746073722839355
0.08940386772155762
0.10939812660217285
0.15153861045837402
0.09987640380859375
0.12060260772705078
0.09790253639221191
0.1356513500213623
0.11077332496643066
0.08514213562011719
0.09321212768554688
0.08397459983825684
0.10450911521911621
0.10037517547607422
0.1274094581604004
0.1268904209136963
0.16232681274414062
0.14766669273376465
0.11430048942565918
0.08059215545654297
0.11885643005371094
0.09994626045227051
0.10553145408630371
0.17355012893676758
0.1697254180908203
0.15111756324768066
0.06919264793395996
0.12497425079345703
0.12763166427612305
0.07110595703125
0.11564159393310547
0.13520264625549316
0.09305119514465332
0.09979820251464844
0.18887877464294434
0.07464027404785156
0.19033312797546387
0.0912179946899414
0.08656811714172363
0.08914589881896973
0.07409906387329102
0.10801315307617188
0.08399605751037598
0.15617966651916504
0.17325091361999512
0.09048032760620117
0.0904533863067627
0.14605259895324707
0.10594916343688965
0.11794662475585938
0.06650662422180176
0.14088749885559082
0.10682964324951172
0.10122990608215332
0.09733319282531738
0.1478724479675293
0.14641594886779785
0.18539881706237793
0.08252930641174316
0.08900332450866699
0.07927608489990234
0.12017273902893066
0.08086872100830078
0.11884641647338867
0.1007375717163086
0.13329696655273438
0.1502842903137207
0.12161660194396973
0.13476991653442383
0.11673307418823242
0.11056137084960938
0.13888049125671387
0.14603972434997559
0.1457054615020752
0.1631603240966797
0.11058950424194336
0.11600208282470703
0.10855913162231445
0.1273801326751709
0.11489081382751465
0.12864041328430176
0.14395689964294434
0.10660028457641602
0.10159707069396973
0.13470697402954102
0.11313199996948242
0.09535813331604004
0.10315871238708496
0.11340475082397461
0.08281064033508301
0.1076347827911377
0.11085295677185059
0.0950469970703125
0.08943581581115723
0.13994407653808594
0.12363862991333008
0.20124149322509766
0.11486244201660156
0.0917205810546875
0.13005352020263672
0.09297895431518555
0.12880778312683105
0.06268692016601562
0.1756458282470703
0.1223001480102539
0.12201499938964844
0.10635614395141602
0.158447265625
0.14737486839294434
0.11680030822753906
0.18668103218078613
0.1546313762664795
0.0963125228881836
0.10695838928222656
0.09099507331848145
0.11631584167480469
0.1185462474822998
0.13648509979248047
0.0667273998260498
0.14458537101745605
0.13157415390014648
0.09354996681213379
0.10947346687316895
0.17827296257019043
0.10648036003112793
0.10891222953796387
0.11514663696289062
0.11032962799072266
0.1149444580078125
0.099700927734375
0.1379530429840088
0.12389588356018066
0.10365486145019531
0.13158822059631348
0.1070108413696289
0.10873246192932129
0.16170215606689453
0.1321566104888916
0.13114118576049805
0.13411450386047363
0.07365107536315918
0.08780860900878906
0.15485715866088867
0.08117485046386719
0.13583850860595703
0.11967611312866211
0.08279824256896973
0.10662364959716797
0.10998320579528809
0.07955098152160645
0.13491201400756836
0.09537911415100098
0.09221291542053223
0.12383008003234863
0.13319635391235352
0.11106610298156738
0.12335348129272461
0.10786318778991699
0.1307377815246582
0.15314745903015137
0.14185142517089844
0.15253663063049316
0.12485361099243164
0.10861921310424805
0.09364461898803711
0.13820934295654297
0.14552569389343262
0.11882281303405762
0.06753659248352051
0.15482068061828613
0.09641432762145996
0.1195676326751709
0.08980131149291992
0.11082911491394043
0.07985901832580566
0.11392760276794434
0.13427281379699707
0.09977412223815918
0.12261462211608887
0.1106112003326416
0.09025788307189941
0.10611224174499512
0.11913895606994629
0.08028101921081543
0.11322307586669922
0.10450148582458496
0.07606291770935059
0.11368107795715332
0.10975074768066406
0.08182716369628906
0.1281907558441162
0.12797784805297852
0.1064002513885498
0.10049152374267578
0.1117393970489502
0.10036253929138184
0.09129452705383301
0.1090090274810791
0.14734983444213867
0.0639333724975586
0.07442378997802734
0.11154747009277344
0.10991024971008301
0.17534923553466797
0.11822128295898438
0.11665821075439453
0.1228799819946289
0.14241600036621094
0.1197211742401123
0.16783881187438965
0.18581342697143555
0.09088706970214844
0.1056668758392334
0.14040088653564453
0.0990288257598877
0.14881014823913574
0.10895895957946777
0.09434795379638672
0.09903955459594727
0.15404772758483887
0.14964962005615234
0.13609790802001953
0.15077853202819824
0.14749860763549805
0.1330738067626953
0.13785028457641602
0.1252899169921875
0.09313559532165527
0.08934402465820312
0.08774805068969727
0.09434652328491211
0.09094500541687012
0.12296891212463379
0.14704012870788574
0.15196537971496582
0.10799264907836914
0.09805178642272949
0.09782075881958008
0.10543107986450195
0.08704900741577148
0.10687828063964844
0.1433706283569336
0.11410927772521973
0.09767961502075195
0.09948015213012695
0.10325026512145996
0.10301804542541504
0.09551787376403809
0.12466692924499512
0.09967231750488281
0.1719813346862793
0.10712456703186035
0.11519241333007812
0.11216998100280762
0.11803483963012695
0.09958982467651367
0.10346555709838867
0.11503362655639648
0.1215369701385498
0.1775529384613037
0.11464142799377441
0.12996625900268555
0.1364302635192871
0.10672163963317871
0.11494827270507812
0.13428568840026855
0.1412496566772461
0.15288066864013672
0.1864473819732666
0.17334818840026855
0.13654756546020508
0.09531402587890625
0.08695459365844727
0.1120305061340332
0.15935301780700684
0.10201025009155273
0.11259031295776367
0.14616775512695312
0.07944583892822266
0.10585165023803711
0.11446976661682129
0.10239577293395996
0.09491944313049316
0.12912940979003906
0.09729552268981934
0.08097434043884277
0.06701493263244629
0.15826153755187988
0.0822153091430664
0.11828446388244629
0.0914311408996582
0.15816259384155273
0.1275484561920166
0.08340191841125488
0.1289224624633789
0.09769916534423828
0.16342639923095703
0.10526776313781738
0.10158252716064453
0.11498212814331055
0.11321020126342773
0.12362885475158691
0.15658330917358398
0.08667373657226562
0.14981985092163086
0.10503220558166504
0.12813186645507812
0.08237266540527344
0.1322917938232422
0.1653430461883545
0.13108086585998535
0.10618758201599121
0.08881688117980957
0.11741518974304199
0.1007235050201416
0.11258935928344727
0.1221778392791748
0.13082480430603027
0.09063529968261719
0.1022639274597168
0.09542632102966309
0.10900521278381348
0.0653524398803711
0.1675565242767334
0.07760977745056152
0.10533857345581055
0.0904242992401123
0.09731388092041016
0.09636855125427246
0.09748005867004395
0.13822126388549805
0.07877111434936523
0.1153111457824707
0.1156153678894043
0.1012723445892334
0.12985444068908691
0.12316155433654785
0.14673781394958496
0.1591205596923828
0.07693815231323242
0.07233405113220215
0.13564753532409668
0.0982065200805664
0.1157987117767334
0.15175724029541016
0.12314128875732422
0.09496927261352539
0.11388874053955078
0.164107084274292
0.07070803642272949
0.14471149444580078
0.11234426498413086
0.10411787033081055
0.12295675277709961
0.0658407211303711
0.17320752143859863
0.09913277626037598
0.11019611358642578
0.10162734985351562
0.0725090503692627
0.12499713897705078
0.1631917953491211
0.08566761016845703
0.11498856544494629
0.12490653991699219
0.09589433670043945
0.09273576736450195
0.14179277420043945
0.11470270156860352
0.10022974014282227
0.13005661964416504
0.09793305397033691
0.09424281120300293
0.13016319274902344
0.09669327735900879
0.11744189262390137
0.109375
0.11278557777404785
0.09613275527954102
0.13942360877990723
0.11801695823669434
0.1510779857635498
0.1294536590576172
0.15346431732177734
0.0765233039855957
0.07978415489196777
0.13067007064819336
0.10301995277404785
0.08162355422973633
0.11751222610473633
0.14078474044799805
0.1284489631652832
0.11577749252319336
0.11635398864746094
0.08558249473571777
0.13749265670776367
0.13703680038452148
0.09119606018066406
0.10444402694702148
0.2192678451538086
0.18039774894714355
0.1563401222229004
0.1150979995727539
0.1442418098449707
0.12124395370483398
0.15555524826049805
0.16495323181152344
0.14422321319580078
0.06024503707885742
0.1123042106628418
0.08197808265686035
0.129180908203125
0.11949348449707031
0.13411402702331543
0.15746450424194336
0.15775680541992188
0.09909200668334961
0.09373664855957031
0.11575078964233398
0.11500978469848633
0.09696030616760254
0.12181496620178223
0.11192488670349121
0.11188530921936035
0.0830996036529541
0.10078287124633789
0.11526656150817871
0.10050392150878906
0.1089634895324707
0.0897219181060791
0.10998225212097168
0.11417531967163086
0.1243290901184082
0.12474775314331055
0.15849661827087402
0.14515280723571777
0.17958641052246094
0.1759788990020752
0.2160813808441162
0.08174681663513184
0.15782570838928223
0.19328713417053223
0.14618635177612305
0.11614680290222168
0.08366012573242188
0.1343684196472168
0.12981748580932617
0.07146048545837402
0.12352323532104492
0.11170363426208496
0.11774277687072754
0.12174677848815918
0.09965777397155762
0.06435227394104004
0.17797183990478516
0.24436283111572266
0.09166717529296875
0.1181180477142334
0.10512971878051758
0.13079619407653809
0.12380290031433105
0.09686756134033203
0.12115168571472168
0.06907176971435547
0.0947568416595459
0.09389138221740723
0.09110331535339355
0.2078104019165039
0.06386566162109375
0.10249471664428711
0.13674592971801758
0.11703300476074219
0.13276171684265137
0.09721088409423828
0.10345101356506348
0.08103537559509277
0.10379505157470703
0.11569833755493164
0.05880570411682129
0.11158084869384766
0.14949893951416016
0.0667734146118164
0.10079479217529297
0.13369369506835938
0.1478867530822754
0.10190558433532715
0.1427149772644043
0.08411455154418945
0.11763668060302734
0.09673881530761719
0.1411759853363037
0.06801748275756836
0.10211062431335449
0.099853515625
0.0652766227722168
0.15509891510009766
0.09905266761779785
0.1075584888458252
0.13936758041381836
0.1242668628692627
0.12048625946044922
0.1275343894958496
0.08403968811035156
0.13135552406311035
0.08208537101745605
0.10820364952087402
0.10470294952392578
0.12338495254516602
0.11567807197570801
0.12730669975280762
0.11113953590393066
0.23557591438293457
0.11404228210449219
0.11269354820251465
0.08899235725402832
0.11782503128051758
0.12085556983947754
0.07285737991333008
0.17425298690795898
0.08831119537353516
0.08905506134033203
0.1189568042755127
0.0764017105102539
0.14292263984680176
0.13360381126403809
0.07316350936889648
0.06443285942077637
0.15089941024780273
0.14201998710632324
0.11908435821533203
0.10004544258117676
0.10513663291931152
0.08071756362915039
0.08691167831420898
0.10697221755981445
0.06064796447753906
0.10446000099182129
0.10638570785522461
0.1190028190612793
0.12914133071899414
0.2226247787475586
0.11465120315551758
0.07025527954101562
0.12506437301635742
0.10565924644470215
0.14412689208984375
0.13887977600097656
0.07468414306640625
0.14232277870178223
0.15856671333312988
0.06271791458129883
0.10487604141235352
0.10222244262695312
0.11308836936950684
0.14760684967041016
0.1050267219543457
0.10728096961975098
0.10184097290039062
0.10565948486328125
0.09604668617248535
0.12113094329833984
0.10454750061035156
0.08966660499572754
0.08678483963012695
0.08895683288574219
0.12042737007141113
0.10272693634033203
0.12790226936340332
0.17685389518737793
0.07532835006713867
0.13316607475280762
0.08449673652648926
0.08975696563720703
0.10680556297302246
0.11335039138793945
0.12464427947998047
0.1254124641418457
0.08133459091186523
0.09857511520385742
0.09380483627319336
0.09928131103515625
0.18877315521240234
0.08408641815185547
0.15664267539978027
0.14533686637878418
0.16708874702453613
0.11701607704162598
0.11785316467285156
0.08261823654174805
0.13112473487854004
0.09688997268676758
0.1336822509765625
0.07710719108581543
0.09631085395812988
0.14885640144348145
0.12013602256774902
0.08330869674682617
0.09032702445983887
0.19075417518615723
0.07091403007507324
0.09630751609802246
0.10849976539611816
0.12214541435241699
0.07229018211364746
0.09842991828918457
0.14103460311889648
0.13434839248657227
0.09109234809875488
0.08976101875305176
0.09546971321105957
0.07935285568237305
0.10614728927612305
0.12909221649169922
0.11841750144958496
0.11716938018798828
0.09561491012573242
0.13214564323425293
0.13069486618041992
0.08134984970092773
0.12303781509399414
0.10290265083312988
0.10653996467590332
0.11108589172363281
0.08081269264221191
0.12659955024719238
0.11657261848449707
0.07255411148071289
0.07817244529724121
0.14934182167053223
0.10348057746887207
0.12801694869995117
0.08181238174438477
0.0823829174041748
0.14446139335632324
0.19396543502807617
0.08278703689575195
0.11972188949584961
0.1396322250366211
0.13795113563537598
0.1818547248840332
0.11539435386657715
0.08116388320922852
0.14545416831970215
0.24890971183776855
0.09202957153320312
0.1590425968170166
0.10995650291442871
0.08209562301635742
0.09173893928527832
0.08492040634155273
0.12293219566345215
0.10255050659179688
0.10192465782165527
0.11255455017089844
0.06886553764343262
0.09986662864685059
0.10852646827697754
0.12135577201843262
0.08616828918457031
0.11473798751831055
0.11437702178955078
0.10992312431335449
0.06714534759521484
0.16214346885681152
0.12199068069458008
0.10296297073364258
0.15343999862670898
0.07201719284057617
0.12679505348205566
0.0981302261352539
0.0748295783996582
0.09479260444641113
0.09547710418701172
0.1660161018371582
0.10849261283874512
0.1509087085723877
0.08887314796447754
0.14447808265686035
0.09082603454589844
0.11135435104370117
0.0778055191040039
0.11680793762207031
0.08222436904907227
0.10535073280334473
0.11641263961791992
0.10372090339660645
0.12644147872924805
0.06603455543518066
0.12880587577819824
0.10980057716369629
0.14546680450439453
0.09580016136169434
0.07583165168762207
0.11007332801818848
0.10730314254760742
0.07694029808044434
0.11960911750793457
0.08352804183959961
0.1148076057434082
0.13512873649597168
0.0723416805267334
0.10520386695861816
0.06622004508972168
0.14047002792358398
0.14608025550842285
0.0670006275177002
0.09207987785339355
0.1342487335205078
0.12765932083129883
0.10329246520996094
0.12801051139831543
0.08056139945983887
0.10574889183044434
0.08773088455200195
0.07058596611022949
0.1196591854095459
0.12937283515930176
0.09795188903808594
0.1081230640411377
0.07383275032043457
0.12331461906433105
0.11070895195007324
0.07982587814331055
0.10762381553649902
0.1363692283630371
0.10036420822143555
0.11288094520568848
0.10583758354187012
0.08058476448059082
0.12845468521118164
0.10553765296936035
0.13068461418151855
0.08681297302246094
0.10001659393310547
0.0810232162475586
0.08594465255737305
0.1405315399169922
0.11084723472595215
0.06249237060546875
0.11007905006408691
0.12096095085144043
0.09863734245300293
0.15337514877319336
0.09654736518859863
0.12479472160339355
0.1262979507446289
0.09256196022033691
0.14301705360412598
0.13465523719787598
0.06787252426147461
0.18609833717346191
0.16197729110717773
0.10441851615905762
0.1345982551574707
0.09884309768676758
0.18341493606567383
0.19058704376220703
0.15002107620239258
0.10419845581054688
0.08146214485168457
0.08346247673034668
0.17667245864868164
0.09219813346862793
0.12654781341552734
0.10217475891113281
0.17430329322814941
0.13022637367248535
0.18912577629089355
0.1192467212677002
0.159531831741333
0.0991203784942627
0.11008381843566895
0.15424466133117676
0.1638507843017578
0.16404414176940918
0.11299848556518555
0.0894632339477539
0.12859821319580078
0.17054414749145508
0.1164693832397461
0.09612488746643066
0.12745165824890137
0.09666109085083008
0.10900735855102539
0.11793017387390137
0.17820119857788086
0.10971236228942871
0.13399672508239746
0.09871077537536621
0.08292055130004883
0.13402867317199707
0.14636683464050293
0.07826066017150879
0.12153387069702148
0.1134645938873291
0.09947037696838379
0.07887721061706543
0.07404828071594238
0.09149408340454102
0.1623988151550293
0.07533097267150879
0.11182832717895508
0.09593749046325684
0.08688044548034668
0.10255193710327148
0.10718369483947754
0.13366365432739258
0.08660602569580078
0.0830392837524414
0.09447264671325684
0.0856328010559082
0.06580138206481934
0.13514232635498047
0.115081787109375
0.08156919479370117
0.1387631893157959
0.10070061683654785
0.11271357536315918
0.10797452926635742
0.11296224594116211
0.07291412353515625
0.12465310096740723
0.1003730297088623
0.14452457427978516
0.08070611953735352
0.11030983924865723
0.09256958961486816
0.10361027717590332
0.09731817245483398
0.10433626174926758
0.15294933319091797
0.14520859718322754
0.11376500129699707
0.08031487464904785
0.12279200553894043
0.10275626182556152
0.11195039749145508
0.09053301811218262
0.11012005805969238
0.08979034423828125
0.11015510559082031
0.1315922737121582
0.10485553741455078
0.09471464157104492
0.09182000160217285
0.13494062423706055
0.10297775268554688
0.12781977653503418
0.07637834548950195
0.13205909729003906
0.08520245552062988
0.08532166481018066
0.09745645523071289
0.13029241561889648
0.10309267044067383
0.0995175838470459
0.07513904571533203
0.12109208106994629
0.0952146053314209
0.09335827827453613
0.12065696716308594
0.11211109161376953
0.12691020965576172
0.13252615928649902
0.07443761825561523
0.08793950080871582
0.06798958778381348
0.12180399894714355
0.11595559120178223
0.07745099067687988
0.1164700984954834
0.17303872108459473
0.09912610054016113
0.1197364330291748
0.11972498893737793
0.14147734642028809
0.15728354454040527
0.14263534545898438
0.08697223663330078
0.10391378402709961
0.14264321327209473
0.11449623107910156
0.16290020942687988
0.07028698921203613
0.18068408966064453
0.12885165214538574
0.17186188697814941
0.07337093353271484
0.07872986793518066
0.15511059761047363
0.12116789817810059
0.07865333557128906
0.06262779235839844
0.14890766143798828
0.11922192573547363
0.12670087814331055
0.09628033638000488
0.05760622024536133
0.1218419075012207
0.09621834754943848
0.0997002124786377
0.08211779594421387
0.14854216575622559
0.1396629810333252
0.09907102584838867
0.10138535499572754
0.0634772777557373
0.09521198272705078
0.12522649765014648
0.11052703857421875
0.13067102432250977
0.09315133094787598
0.08883428573608398
0.11803078651428223
0.1235346794128418
0.14630436897277832
0.15118145942687988
0.08594584465026855
0.12203574180603027
0.09711337089538574
0.10917115211486816
0.09105348587036133
0.16508936882019043
0.07155346870422363
0.18552851676940918
0.23197555541992188
0.1056680679321289
0.06364107131958008
0.12054920196533203
0.085357666015625
0.11031866073608398
0.1079556941986084
0.08634471893310547
0.12353992462158203
0.0949394702911377
0.1694488525390625
0.08885025978088379
0.11014461517333984
0.10481786727905273
0.09595823287963867
0.10726118087768555
0.10510015487670898
0.10631299018859863
0.14269399642944336
0.14540338516235352
0.11047720909118652
0.09276604652404785
0.11786055564880371
0.11541390419006348
0.17958331108093262
0.10092639923095703
0.0967714786529541
0.14314532279968262
0.1294095516204834
0.11827969551086426
0.09389257431030273
0.1350102424621582
0.09038090705871582
0.11165761947631836
0.11231327056884766
0.09698271751403809
0.11904668807983398
0.18340635299682617
0.10453176498413086
0.1611006259918213
0.11269378662109375
0.09754300117492676
0.08561539649963379
0.11754941940307617
0.09398055076599121
0.12555980682373047
0.12742090225219727
0.10160398483276367
0.1345655918121338
0.12425613403320312
0.13942432403564453
0.12238597869873047
0.09780359268188477
0.1335296630859375
0.12828326225280762
0.0662698745727539
0.06824374198913574
0.10676074028015137
0.1169135570526123
0.10339593887329102
0.15657520294189453
0.07050251960754395
0.1616377830505371
0.07989501953125
0.15769147872924805
0.1176309585571289
0.054889678955078125
0.1713407039642334
0.13594293594360352
0.09811162948608398
0.09757328033447266
0.08597183227539062
0.13714003562927246
0.14922451972961426
0.12509965896606445
0.07905173301696777
0.1303391456604004
0.10637927055358887
0.1145625114440918
0.08340716361999512
0.0921638011932373
0.15081524848937988
0.11917233467102051
0.13210129737854004
0.13123631477355957
0.14084339141845703
0.08955812454223633
0.10323429107666016
0.12349748611450195
0.13977980613708496
0.06317830085754395
0.12762832641601562
0.11397147178649902
0.09064364433288574
0.06986069679260254
0.09322404861450195
0.11114978790283203
0.1262342929840088
0.14200305938720703
0.13965821266174316
0.11157965660095215
0.14844918251037598
0.111785888671875
0.10240864753723145
0.10964250564575195
0.12125015258789062
0.11715507507324219
0.1453537940979004
0.14811110496520996
0.09742498397827148
0.10519766807556152
0.0929861068725586
0.12541770935058594
0.15637707710266113
0.09497451782226562
0.16230463981628418
0.0939786434173584
0.12577438354492188
0.07908391952514648
0.22658777236938477
0.10083913803100586
0.14104151725769043
0.12421226501464844
0.09304523468017578
0.1340031623840332
0.11803817749023438
0.14797687530517578
0.08408951759338379
0.06736993789672852
0.12282729148864746
0.08157706260681152
0.10601401329040527
0.0841221809387207
0.1522974967956543
0.1454322338104248
0.15879273414611816
0.0950927734375
0.09854388236999512
0.08326935768127441
0.11207175254821777
0.08253908157348633
0.08361434936523438
0.07315611839294434
0.13782763481140137
0.20104455947875977
0.1142282485961914
0.10697555541992188
0.12237262725830078
0.06552410125732422
0.09825778007507324
0.15776777267456055
0.08307719230651855
0.1344900131225586
0.15636539459228516
0.07161164283752441
0.08350801467895508
0.11790776252746582
0.09796380996704102
0.1308295726776123
0.07835984230041504
0.0880289077758789
0.14036965370178223
0.10277104377746582
0.07783770561218262
0.16720914840698242
0.09816956520080566
0.0989522933959961
0.16145682334899902
0.09711527824401855
0.11051011085510254
0.10931253433227539
0.09282565116882324
0.20831823348999023
0.11963224411010742
0.21020054817199707
0.10577845573425293
0.07935714721679688
0.1003868579864502
0.09128832817077637
0.13625264167785645
0.10554265975952148
0.11948919296264648
0.11022567749023438
0.13176989555358887
0.17920136451721191
0.06469869613647461
0.10048747062683105
0.1349964141845703
0.061975717544555664
0.10536980628967285
0.10183310508728027
0.11455702781677246
0.11501193046569824
0.08005690574645996
0.07285714149475098
0.07478904724121094
0.07947325706481934
0.1001131534576416
0.09030437469482422
0.10965728759765625
0.16445040702819824
0.1298215389251709
0.15631866455078125
0.14226770401000977
0.20992374420166016
0.09126782417297363
0.08674240112304688
0.1113729476928711
0.10113167762756348
0.09992313385009766
0.14602351188659668
0.16877317428588867
0.14973831176757812
0.057967185974121094
0.07901644706726074
0.0900871753692627
0.15708661079406738
0.09239959716796875
0.13097929954528809
0.11523866653442383
0.11206221580505371
0.10574603080749512
0.07972311973571777
0.1570136547088623
0.16940045356750488
0.08634591102600098
0.09414911270141602
0.1593937873840332
0.1697828769683838
0.16652822494506836
0.08942127227783203
0.09322619438171387
0.143080472946167
0.15135812759399414
0.1055150032043457
0.1242666244506836
0.15611815452575684
0.12237715721130371
0.13967585563659668
0.06096076965332031
0.11711001396179199
0.11460375785827637
0.07780575752258301
0.09844732284545898
0.0930166244506836
0.12625932693481445
0.10933184623718262
0.09522342681884766
0.14620327949523926
0.13904309272766113
0.10933518409729004
0.1457357406616211
0.13656115531921387
0.1098790168762207
0.08054089546203613
0.13180208206176758
0.1692180633544922
0.14349842071533203
0.06515073776245117
0.10858750343322754
0.1073751449584961
0.12050366401672363
0.10223817825317383
0.12427878379821777
0.09670376777648926
0.09713935852050781
0.1604142189025879
0.0889742374420166
0.11432647705078125
0.06977558135986328
0.13601970672607422
0.11013412475585938
0.1010282039642334
0.09208798408508301
0.11331367492675781
0.09291458129882812
0.10908746719360352
0.09221959114074707
0.13243412971496582
0.13568782806396484
0.09372615814208984
0.09177637100219727
0.1670680046081543
0.13103795051574707
0.1294384002685547
0.1333012580871582
0.09649920463562012
0.10896515846252441
0.1330547332763672
0.12354183197021484
0.13158321380615234
0.1557602882385254
0.06944918632507324
0.10506939888000488
0.18649959564208984
0.1026911735534668
0.0964961051940918
0.15483975410461426
0.0752553939819336
0.08773207664489746
0.12372565269470215
0.12048649787902832
0.11619782447814941
0.09444785118103027
0.15495944023132324
0.0828096866607666
0.10908913612365723
0.16190552711486816
0.11179494857788086
0.16617345809936523
0.08413004875183105
0.08451223373413086
0.08615255355834961
0.09911966323852539
0.08601713180541992
0.07188820838928223
0.13619160652160645
0.10276603698730469
0.10349488258361816
0.16261744499206543
0.09108138084411621
0.1258401870727539
0.1848142147064209
0.09364938735961914
0.13973236083984375
0.16661453247070312
0.14083147048950195
0.10191488265991211
0.09582304954528809
0.1035008430480957
0.08228564262390137
0.12091493606567383
0.0707247257232666
0.11526799201965332
0.1295466423034668
0.10162806510925293
0.15247178077697754
0.09142494201660156
0.06854367256164551
0.14625215530395508
0.13201022148132324
0.1109304428100586
0.12566614151000977
0.13802480697631836
0.1274125576019287
0.16378521919250488
0.09784507751464844
0.10587954521179199
0.07607674598693848
0.10033583641052246
0.11840224266052246
0.10928559303283691
0.0977933406829834
0.10206413269042969
0.13925743103027344
0.08944272994995117
0.12566685676574707
0.11344790458679199
0.1181342601776123
0.10039901733398438
0.08304738998413086
0.11624431610107422
0.11659383773803711
0.1198890209197998
0.1133110523223877
0.14720439910888672
0.14836382865905762
0.07847380638122559
0.07861614227294922
0.11482715606689453
0.08871650695800781
0.10372185707092285
0.11321473121643066
0.13139843940734863
0.07107901573181152
0.18036293983459473
0.0922996997833252
0.11805844306945801
0.1158747673034668
0.12900257110595703
0.1352825164794922
0.09056663513183594
0.1341400146484375
0.07709813117980957
0.11019182205200195
0.1511073112487793
0.06606459617614746
0.14682483673095703
0.07856416702270508
0.1437230110168457
0.07300066947937012
0.1282331943511963
0.1587536334991455
0.11867356300354004
0.11424827575683594
0.10282349586486816
0.07201337814331055
0.13949322700500488
0.1057584285736084
0.10463261604309082
0.08056378364562988
0.10883235931396484
0.09296250343322754
0.16143012046813965
0.11959648132324219
0.12712359428405762
0.07362818717956543
0.11423730850219727
0.19754648208618164
0.1680469512939453
0.16082477569580078
0.14485621452331543
0.09326648712158203
0.10540556907653809
0.08951783180236816
0.09066390991210938
0.1200869083404541
0.12294769287109375
0.11314702033996582
0.10601496696472168
0.08064031600952148
0.09425735473632812
0.13974523544311523
0.13505220413208008
0.11843299865722656
0.09929466247558594
0.0856015682220459
0.12327003479003906
0.13512158393859863
0.08522486686706543
0.1203770637512207
0.142380952835083
0.11777234077453613
0.10731005668640137
0.12762737274169922
0.11208128929138184
0.08507490158081055
0.1375279426574707
0.06870007514953613
0.11380314826965332
0.13087034225463867
0.0683128833770752
0.11171364784240723
0.12951183319091797
0.09514880180358887
0.14199519157409668
0.07767915725708008
0.09361553192138672
0.11629462242126465
0.11161327362060547
0.10436129570007324
0.13422083854675293
0.08868694305419922
0.16417837142944336
0.09207916259765625
0.08237910270690918
0.12371563911437988
0.09796571731567383
0.10325384140014648
0.09311175346374512
0.07854890823364258
0.12662816047668457
0.1051492691040039
0.13297319412231445
0.09294557571411133
0.10837697982788086
0.10923504829406738
0.15411901473999023
0.08308196067810059
0.0915677547454834
0.1389296054840088
0.09548139572143555
0.12352848052978516
0.09254097938537598
0.14809918403625488
0.15111327171325684
0.1404714584350586
0.11553668975830078
0.09282135963439941
0.14469122886657715
0.10678339004516602
0.09455561637878418
0.10946989059448242
0.06887483596801758
0.1124105453491211
0.16572284698486328
0.09821438789367676
0.10843157768249512
0.07954955101013184
0.09230852127075195
0.1712949275970459
0.1301734447479248
0.1247560977935791
0.06281328201293945
0.09649252891540527
0.11331439018249512
0.09435439109802246
0.13954782485961914
0.0890510082244873
0.0975039005279541
0.12644004821777344
0.11290979385375977
0.09568333625793457
0.14684343338012695
0.11556100845336914
0.11981940269470215
0.12719392776489258
0.140533447265625
0.1343245506286621
0.14739513397216797
0.16515469551086426
0.12078523635864258
0.11199450492858887
0.10064005851745605
0.12924575805664062
0.13697576522827148
0.12715387344360352
0.1623682975769043
0.07283759117126465
0.0983116626739502
0.09643721580505371
0.07757806777954102
0.12548470497131348
0.1215367317199707
0.10586905479431152
0.10643982887268066
0.11597847938537598
0.12646174430847168
0.15109729766845703
0.12780284881591797
0.07117199897766113
0.11324882507324219
0.06663370132446289
0.12357521057128906
0.10657572746276855
0.1356971263885498
0.11117148399353027
0.12983274459838867
0.09137749671936035
0.10369277000427246
0.10266447067260742
0.09422063827514648
0.14877820014953613
0.10888862609863281
0.10502409934997559
0.08033084869384766
0.11252307891845703
0.07377386093139648
0.12084817886352539
0.11448788642883301
0.1340024471282959
0.15890765190124512
0.0823671817779541
0.19644784927368164
0.13832664489746094
0.11467504501342773
0.09821891784667969
0.16769909858703613
0.08468437194824219
0.12616515159606934
0.10950803756713867
0.13767123222351074
0.12709975242614746
0.09864187240600586
0.07549309730529785
0.10215067863464355
0.09928631782531738
0.1781613826751709
0.09084892272949219
0.1095876693725586
0.12207818031311035
0.1292271614074707
0.11347532272338867
0.13980436325073242
0.15734577178955078
0.11580395698547363
0.11002826690673828
0.12966394424438477
0.10764813423156738
0.10558009147644043
0.16079187393188477
0.08170270919799805
0.11444520950317383
0.10726118087768555
0.12008786201477051
0.11400675773620605
0.08696603775024414
0.11253714561462402
0.1177682876586914
0.0996394157409668
0.11227917671203613
0.07500529289245605
0.09156537055969238
0.09737753868103027
0.15103816986083984
0.21756839752197266
0.1022040843963623
0.12228155136108398
0.09306192398071289
0.11158156394958496
0.11832022666931152
0.08476662635803223
0.11618947982788086
0.09934759140014648
0.09302020072937012
0.16325855255126953
0.1373600959777832
0.1865992546081543
0.10136795043945312
0.11372590065002441
0.12104988098144531
0.09725785255432129
0.1554257869720459
0.17276763916015625
0.07740974426269531
0.1320960521697998
0.07437467575073242
0.1796894073486328
0.10666823387145996
0.1278853416442871
0.09173083305358887
0.10274410247802734
0.10431337356567383
0.09357953071594238
0.1220712661743164
0.1142582893371582
0.09272074699401855
0.11803460121154785
0.14238643646240234
0.09241414070129395
0.06620025634765625
0.06698822975158691
0.1248927116394043
0.14669013023376465
0.1386106014251709
0.07572126388549805
0.09166741371154785
0.07805323600769043
0.12607550621032715
0.08450841903686523
0.10785222053527832
0.08343124389648438
0.11553668975830078
0.11631250381469727
0.09648942947387695
0.1669604778289795
0.06037712097167969
0.1237034797668457
0.08351349830627441
0.0917351245880127
0.11194205284118652
0.12698745727539062
0.12685108184814453
0.09260821342468262
0.11179113388061523
0.18497800827026367
0.0764303207397461
0.09288430213928223
0.09350013732910156
0.12823987007141113
0.15234375
0.12572002410888672
0.10683655738830566
0.1318809986114502
0.10700607299804688
0.12023019790649414
0.11972641944885254
0.07682108879089355
0.10741305351257324
0.15121698379516602
0.08342242240905762
0.11508059501647949
0.17485928535461426
0.07302570343017578
0.09959077835083008
0.10192537307739258
0.08045172691345215
0.10441970825195312
0.1255180835723877
0.08684229850769043
0.07720208168029785
0.1162264347076416
0.09215664863586426
0.179307222366333
0.10082221031188965
0.10476160049438477
0.1311194896697998
0.14615082740783691
0.13820672035217285
0.09150457382202148
0.06941342353820801
0.14544296264648438
0.09095096588134766
0.11675453186035156
0.10951757431030273
0.11121797561645508
0.1400444507598877
0.09945869445800781
0.10753822326660156
0.06015205383300781
0.10946512222290039
0.11570930480957031
0.16113710403442383
0.1160590648651123
0.1370830535888672
0.09299063682556152
0.10211634635925293
0.07250809669494629
0.10887265205383301
0.14355993270874023
0.14798283576965332
0.07185029983520508
0.08998894691467285
0.09184837341308594
0.11627316474914551
0.16136717796325684
0.07198834419250488
0.12456941604614258
0.12579631805419922
0.09464788436889648
0.08522891998291016
0.1315474510192871
0.13138031959533691
0.1019432544708252
0.12795734405517578
0.07949542999267578
0.15275835990905762
0.10284709930419922
0.12103271484375
0.0930485725402832
0.08377385139465332
0.1296532154083252
0.144728422164917
0.08720135688781738
0.10781598091125488
0.09650325775146484
0.1605367660522461
0.10979008674621582
0.07613325119018555
0.14887666702270508
0.17337989807128906
0.1074981689453125
0.1223609447479248
0.11707520484924316
0.11068177223205566
0.14371633529663086
0.08931088447570801
0.14300799369812012
0.09525418281555176
0.07750082015991211
0.10723495483398438
0.11260199546813965
0.135498046875
0.11415791511535645
0.11236786842346191
0.13546133041381836
0.11689162254333496
0.0856328010559082
0.07698750495910645
0.07104349136352539
0.12451767921447754
0.07520079612731934
0.13721489906311035
0.18404626846313477
0.13086795806884766
0.07561516761779785
0.0937349796295166
0.10735082626342773
0.09652042388916016
0.10373878479003906
0.11089253425598145
0.1015157699584961
0.15189313888549805
0.18958640098571777
0.10122203826904297
0.09817719459533691
0.11552739143371582
0.09412717819213867
0.12755703926086426
0.1456446647644043
0.11547255516052246
0.08673238754272461
0.07943391799926758
0.11279511451721191
0.11224746704101562
0.06003451347351074
0.12769269943237305
0.06613278388977051
0.11192989349365234
0.13648176193237305
0.09600114822387695
0.06812524795532227
0.1001121997833252
0.07403421401977539
0.11466717720031738
0.13108134269714355
0.11916089057922363
0.08359313011169434
0.13789701461791992
0.09836602210998535
0.1570134162902832
0.0922844409942627
0.1297292709350586
0.11746048927307129
0.09650874137878418
0.10415863990783691
0.13595318794250488
0.13906502723693848
0.13366436958312988
0.14662933349609375
0.1452488899230957
0.18379616737365723
0.2066667079925537
0.10788202285766602
0.10996198654174805
0.14199423789978027
0.12890625
0.15151143074035645
0.08237910270690918
0.11596822738647461
0.08097410202026367
0.12064957618713379
0.19704747200012207
0.11310029029846191
0.092041015625
0.10828709602355957
0.06357216835021973
0.1360774040222168
0.10241293907165527
0.09559249877929688
0.10591983795166016
0.085693359375
0.07022237777709961
0.0775458812713623
0.10894131660461426
0.1372661590576172
0.09219121932983398
0.08822870254516602
0.11618995666503906
0.09997177124023438
0.08936452865600586
0.1220235824584961
0.09033536911010742
0.1091463565826416
0.14282464981079102
0.0848701000213623
0.1126713752746582
0.13808798789978027
0.09143686294555664
0.1470637321472168
0.11293458938598633
0.14641213417053223
0.07508158683776855
0.2162332534790039
0.10903692245483398
0.11270761489868164
0.10413908958435059
0.10389518737792969
0.14327120780944824
0.14557361602783203
0.11101770401000977
0.10766410827636719
0.1138010025024414
0.12937712669372559
0.12036943435668945
0.13163280487060547
0.16437959671020508
0.10013580322265625
0.10657048225402832
0.133575439453125
0.10866093635559082
0.14899897575378418
0.13833880424499512
0.14255523681640625
0.09168791770935059
0.10099148750305176
0.10758352279663086
0.1373429298400879
0.08145761489868164
0.06823253631591797
0.10843825340270996
0.1285698413848877
0.1245875358581543
0.09272050857543945
0.1301271915435791
0.1379222869873047
0.09956836700439453
0.13820338249206543
0.1458284854888916
0.07308053970336914
0.08600568771362305
0.1576700210571289
0.08729434013366699
0.11106729507446289
0.09664773941040039
0.11795210838317871
0.09282612800598145
0.12920641899108887
0.08721661567687988
0.14973783493041992
0.16580414772033691
0.1238393783569336
0.07619524002075195
0.17203688621520996
0.12671494483947754
0.0961153507232666
0.10750532150268555
0.10471582412719727
0.08745789527893066
0.14519977569580078
0.12406659126281738
0.07573342323303223
0.10234761238098145
0.14980101585388184
0.06579303741455078
0.16128277778625488
0.07191014289855957
0.1111447811126709
0.09365987777709961
0.09827613830566406
0.11057710647583008
0.07580161094665527
0.12978816032409668
0.17872333526611328
0.0868387222290039
0.12726664543151855
0.12286067008972168
0.10144901275634766
0.12746977806091309
0.13956308364868164
0.09431719779968262
0.15271377563476562
0.08161163330078125
0.09002304077148438
0.12783408164978027
0.12604475021362305
0.07170295715332031
0.11099004745483398
0.11894607543945312
0.09163832664489746
0.10583853721618652
0.11012721061706543
0.08327889442443848
0.12067580223083496
0.10015559196472168
0.12176775932312012
0.10254240036010742
0.12589120864868164
0.13723206520080566
0.10734677314758301
0.12056994438171387
0.12084770202636719
0.08531880378723145
0.11878609657287598
0.10328364372253418
0.06712079048156738
0.12186264991760254
0.13876557350158691
0.0935676097869873
0.0887303352355957
0.1128840446472168
0.10645747184753418
0.07388925552368164
0.12743878364562988
0.12935972213745117
0.07456755638122559
0.14470505714416504
0.10486435890197754
0.07198238372802734
0.11176633834838867
0.11870265007019043
0.12218213081359863
0.09714937210083008
0.10139060020446777
0.08275127410888672
0.10364341735839844
0.09839296340942383
0.0787818431854248
0.13694500923156738
0.1094064712524414
0.10331964492797852
0.1394045352935791
0.07616829872131348
0.12726831436157227
0.1050105094909668
0.09560418128967285
0.11419987678527832
0.11301445960998535
0.10014033317565918
0.07520484924316406
0.10186243057250977
0.10094761848449707
0.1081085205078125
0.15129947662353516
0.08957028388977051
0.09751701354980469
0.14904117584228516
0.08125162124633789
0.0968635082244873
0.11960840225219727
0.07332420349121094
0.10634970664978027
0.12387824058532715
0.10905218124389648
0.08328461647033691
0.11995553970336914
0.11983561515808105
0.09589171409606934
0.1038825511932373
0.12517309188842773
0.0980217456817627
0.11049675941467285
0.141829252243042
0.11318135261535645
0.1579437255859375
0.1668553352355957
0.09739303588867188
0.08546614646911621
0.11939024925231934
0.10965299606323242
0.1335136890411377
0.09481024742126465
0.12816762924194336
0.10922694206237793
0.09860730171203613
0.09317636489868164
0.09576535224914551
0.1029512882232666
0.10030817985534668
0.1394655704498291
0.10709595680236816
0.12143492698669434
0.09351706504821777
0.09480738639831543
0.1164095401763916
0.13209867477416992
0.09212255477905273
0.08720779418945312
0.11950421333312988
0.09399700164794922
0.08675765991210938
0.09916019439697266
0.10735034942626953
0.11953163146972656
0.09305191040039062
0.0918874740600586
0.12731122970581055
0.1271529197692871
0.13173198699951172
0.09225344657897949
0.08702421188354492
0.06279659271240234
0.1226356029510498
0.15400981903076172
0.09603500366210938
0.13139557838439941
0.06806588172912598
0.09577202796936035
0.1427462100982666
0.09723234176635742
0.1012110710144043
0.10586953163146973
0.12555789947509766
0.11400294303894043
0.11831307411193848
0.11209726333618164
0.09372735023498535
0.12347173690795898
0.11532402038574219
0.0822916030883789
0.10693025588989258
0.10632157325744629
0.07702016830444336
0.09619331359863281
0.10128593444824219
0.10475921630859375
0.06300520896911621
0.20371127128601074
0.13571429252624512
0.12120342254638672
0.13739776611328125
0.11391377449035645
0.12648510932922363
0.08832311630249023
0.0972754955291748
0.1227102279663086
0.11067581176757812
0.12499427795410156
0.10083723068237305
0.10012960433959961
0.0947573184967041
0.10423803329467773
0.13725686073303223
0.09830784797668457
0.06498837471008301
0.09794878959655762
0.13074350357055664
0.07243657112121582
0.0882577896118164
0.12607192993164062
0.13660097122192383
0.10069823265075684
0.1193690299987793
0.13206815719604492
0.10107040405273438
0.10215425491333008
0.1097867488861084
0.1088559627532959
0.0941154956817627
0.07873106002807617
0.08052229881286621
0.1406402587890625
0.12632417678833008
0.07238268852233887
0.08627843856811523
0.11690497398376465
0.08420515060424805
0.11627411842346191
0.0877542495727539
0.1368865966796875
0.1317138671875
0.1439371109008789
0.15482378005981445
0.14456391334533691
0.06476330757141113
0.11854028701782227
0.12737107276916504
0.1304929256439209
0.13397502899169922
0.1103053092956543
0.12266349792480469
0.17364263534545898
0.11178350448608398
0.12004566192626953
0.1179203987121582
0.11803364753723145
0.10154342651367188
0.10016965866088867
0.14600324630737305
0.09976935386657715
0.08535623550415039
0.13461518287658691
0.13068246841430664
0.1075279712677002
0.14208602905273438
0.08257055282592773
0.10400223731994629
0.14994072914123535
0.11530423164367676
0.11006999015808105
0.11384201049804688
0.11467456817626953
0.15761160850524902
0.08507299423217773
0.1090843677520752
0.12176799774169922
0.13428521156311035
0.0930778980255127
0.15662884712219238
0.07245993614196777
0.11782169342041016
0.1040186882019043
0.10846066474914551
0.11320662498474121
0.144120454788208
0.09988069534301758
0.13807392120361328
0.10643863677978516
0.10888004302978516
0.08935236930847168
0.10184311866760254
0.09769916534423828
0.13706755638122559
0.09521222114562988
0.12005734443664551
0.1036369800567627
0.13617563247680664
0.13089680671691895
0.12101864814758301
0.17494964599609375
0.12622690200805664
0.11851024627685547
0.16820526123046875
0.1860818862915039
0.11009407043457031
0.12255001068115234
0.1038825511932373
0.14452028274536133
0.10633158683776855
0.12295007705688477
0.0917210578918457
0.08144521713256836
0.15192103385925293
0.14240288734436035
0.10485243797302246
0.08136248588562012
0.09610557556152344
0.13389897346496582
0.1299571990966797
0.1336655616760254
0.08914923667907715
0.13433361053466797
0.10655045509338379
0.10550975799560547
0.11983680725097656
0.15172266960144043
0.09637737274169922
0.10652589797973633
0.12420797348022461
0.08269453048706055
0.0919640064239502
0.07631230354309082
0.10627937316894531
0.09422659873962402
0.11258745193481445
0.08996248245239258
0.10590124130249023
0.14184331893920898
0.12446784973144531
0.08908796310424805
0.21177315711975098
0.10263347625732422
0.11632180213928223
0.11142134666442871
0.13755226135253906
0.14540863037109375
0.16022372245788574
0.0970456600189209
0.08299064636230469
0.1034538745880127
0.14351677894592285
0.1185755729675293
0.08562612533569336
0.0737602710723877
0.08376479148864746
0.13668155670166016
0.08580827713012695
0.10413575172424316
0.12215185165405273
0.07317852973937988
0.08783745765686035
0.1623063087463379
0.10787105560302734
0.15161943435668945
0.15920352935791016
0.12981057167053223
0.12402534484863281
0.11006283760070801
0.175795316696167
0.10884237289428711
0.11451196670532227
0.12281155586242676
0.11331319808959961
0.13545703887939453
0.1253066062927246
0.12717199325561523
0.0885934829711914
0.12925148010253906
0.1307833194732666
0.09887933731079102
0.14185571670532227
0.10728144645690918
0.11216044425964355
0.13832497596740723
0.09285640716552734
0.09969687461853027
0.10331511497497559
0.08935737609863281
0.10846495628356934
0.09444403648376465
0.10140824317932129
0.11273717880249023
0.10756301879882812
0.14020442962646484
0.09453392028808594
0.1288902759552002
0.062150001525878906
0.11116266250610352
0.1074526309967041
0.10222911834716797
0.10773324966430664
0.11266922950744629
0.15439224243164062
0.10136032104492188
0.09923243522644043
0.08372879028320312
0.1188807487487793
0.12494659423828125
0.11887168884277344
0.10117864608764648
0.1900951862335205
0.0793304443359375
0.1236581802368164
0.09424114227294922
0.11362743377685547
0.09184789657592773
0.1034555435180664
0.10652756690979004
0.08433651924133301
0.10342860221862793
0.13623690605163574
0.08933615684509277
0.17698073387145996
0.11173820495605469
0.10437989234924316
0.09920787811279297
0.08231544494628906
0.1054377555847168
0.09647846221923828
0.09955143928527832
0.14675641059875488
0.11419248580932617
0.11141657829284668
0.13847565650939941
0.11753034591674805
0.13075757026672363
0.10466170310974121
0.07402873039245605
0.1234438419342041
0.09835624694824219
0.10654616355895996
0.17147302627563477
0.12774372100830078
0.07227063179016113
0.07894277572631836
0.10800790786743164
0.0924069881439209
0.11369943618774414
0.08643770217895508
0.09288978576660156
0.1215047836303711
0.1211552619934082
0.09242033958435059
0.1010591983795166
0.10707545280456543
0.10091733932495117
0.14802789688110352
0.12765169143676758
0.14862632751464844
0.1065514087677002
0.11082863807678223
0.09679150581359863
0.11730742454528809
0.15183448791503906
0.09131884574890137
0.08240890502929688
0.15391921997070312
0.07986569404602051
0.0767974853515625
0.08635210990905762
0.15368437767028809
0.09124922752380371
0.10881209373474121
0.096588134765625
0.12457752227783203
0.08489155769348145
0.09907078742980957
0.14247393608093262
0.07339096069335938
0.10913634300231934
0.1135721206665039
0.12162184715270996
0.10880255699157715
0.0995340347290039
0.07213187217712402
0.1480574607849121
0.12812018394470215
0.10140609741210938
0.11308526992797852
0.12783551216125488
0.0911402702331543
0.1638200283050537
0.14937639236450195
0.08905291557312012
0.10216474533081055
0.0830380916595459
0.12488389015197754
0.14377617835998535
0.09716796875
0.10068941116333008
0.10812973976135254
0.13052988052368164
0.17847394943237305
0.11916494369506836
0.10188961029052734
0.10152626037597656
0.12854623794555664
0.14343953132629395
0.12186431884765625
0.10055875778198242
0.08571434020996094
0.09778308868408203
0.10310602188110352
0.10219573974609375
0.12149262428283691
0.12693214416503906
0.08225750923156738
0.09709763526916504
0.13724231719970703
0.09500885009765625
0.1102595329284668
0.13436269760131836
0.16028046607971191
0.10390639305114746
0.09419703483581543
0.1650533676147461
0.1463603973388672
0.1219491958618164
0.0945274829864502
0.1194303035736084
0.10892343521118164
0.10028386116027832
0.08079791069030762
0.05577993392944336
0.052213191986083984
0.033896684646606445
0.046132802963256836
0.032393693923950195
0.0321803092956543
0.032422542572021484
0.03141331672668457
0.031876325607299805
0.03197026252746582
0.03119206428527832
1.6037452220916748
0.04478645324707031
0.03549456596374512
0.03867292404174805
0.0355987548828125
0.03496503829956055
0.03516101837158203
0.03502011299133301
0.046002864837646484
0.0526273250579834
0.0344080924987793
0.037012577056884766
0.03517794609069824
0.05023789405822754
0.03694462776184082
0.030463457107543945
0.03084421157836914
0.04290485382080078
0.03479814529418945
0.045113563537597656
0.03373360633850098
0.03480648994445801
0.03342890739440918
0.03332114219665527
0.03348541259765625
0.030559062957763672
0.03310084342956543
0.03375983238220215
0.03347444534301758
0.03408455848693848
0.03338122367858887
0.03336787223815918
0.0351567268371582
0.03490257263183594
0.03439950942993164
0.03182506561279297
0.03537774085998535
0.03428387641906738
0.03395438194274902
0.03448009490966797
0.03535175323486328
0.03462862968444824
0.03411102294921875
0.03383684158325195
0.03461599349975586
0.03374004364013672
0.03366255760192871
0.03322005271911621
0.034361839294433594
0.03326869010925293
0.03435230255126953
0.03392386436462402
0.0351557731628418
0.03550386428833008
0.035164594650268555
0.03420853614807129
0.03437542915344238
0.03423023223876953
0.03426837921142578
0.03447461128234863
0.03952670097351074
0.03393888473510742
0.04630637168884277
0.040047407150268555
0.03390145301818848
0.034523963928222656
0.03205108642578125
0.031033754348754883
0.031041383743286133
0.03158140182495117
0.03127098083496094
0.030561208724975586
0.030518054962158203
0.03144335746765137
0.030990123748779297
0.032883644104003906
0.03361868858337402
0.0334932804107666
0.0334320068359375
0.03973841667175293
0.03759884834289551
0.030616044998168945
0.03068828582763672
0.03004765510559082
0.03122258186340332
0.030741453170776367
0.030707120895385742
0.030859947204589844
0.031040668487548828
0.030875205993652344
0.03067922592163086
0.031130313873291016
0.030978918075561523
0.0310821533203125
0.03043055534362793
0.030219554901123047
0.030264854431152344
0.031624555587768555
0.030606508255004883
0.031111478805541992
0.0483098030090332
0.03173089027404785
0.03071427345275879
0.03367209434509277
0.03418588638305664
0.03415727615356445
0.03377938270568848
0.033455848693847656
0.033743858337402344
0.0338282585144043
0.04130887985229492
0.03489565849304199
0.031563758850097656
0.03191399574279785
0.03253293037414551
0.04263567924499512
0.031412363052368164
0.04243946075439453
0.030257225036621094
0.03328394889831543
0.03456544876098633
0.03400564193725586
0.03388714790344238
0.03355050086975098
0.03379392623901367
0.03361964225769043
0.03568840026855469
0.03372621536254883
0.034890174865722656
0.034415483474731445
0.03520536422729492
0.034154415130615234
0.03423619270324707
0.034677982330322266
0.03342175483703613
0.03337574005126953
0.03382110595703125
0.03327798843383789
0.03332328796386719
0.03352952003479004
0.03364419937133789
0.03295421600341797
0.033731698989868164
0.03378748893737793
0.03392744064331055
0.03351712226867676
0.03385019302368164
0.043877363204956055
0.03373217582702637
0.03504633903503418
0.03356766700744629
0.04406237602233887
0.033865928649902344
0.03373551368713379
0.033362388610839844
0.03311753273010254
0.03291463851928711
0.03380012512207031
0.03341412544250488
0.03425407409667969
0.03449416160583496
0.04178977012634277
0.03717350959777832
0.04761815071105957
0.03406190872192383
0.0362544059753418
0.050849199295043945
0.03441667556762695
0.03394794464111328
0.03356599807739258
0.03369593620300293
0.03384208679199219
0.033554792404174805
0.03387904167175293
0.03364920616149902
0.03350710868835449
0.03396463394165039
0.03402543067932129
0.03363513946533203
0.03418135643005371
0.03397512435913086
0.03388166427612305
0.03388333320617676
0.034101009368896484
0.04583168029785156
0.047034263610839844
0.03370523452758789
0.04011225700378418
0.034323692321777344
0.03344607353210449
0.033118486404418945
0.03342175483703613
0.0334925651550293
0.0335996150970459
0.03341507911682129
0.03318953514099121
0.032680511474609375
0.03375649452209473
0.033885955810546875
0.03344869613647461
0.03315258026123047
0.034880876541137695
0.03296804428100586
0.03332924842834473
0.033736467361450195
0.03424668312072754
0.03364133834838867
0.044852495193481445
0.03481340408325195
0.045316219329833984
0.03319382667541504
0.0449371337890625
0.03403353691101074
0.034183502197265625
0.036215782165527344
0.03619265556335449
0.036833763122558594
0.03577423095703125
0.03410482406616211
0.031077861785888672
0.03026413917541504
0.03052973747253418
0.0333404541015625
0.03329896926879883
0.0333402156829834
0.045998334884643555
0.034148216247558594
0.04054570198059082
0.04526686668395996
0.03064703941345215
0.03363037109375
0.034418344497680664
0.047554731369018555
0.03491473197937012
0.03506302833557129
0.035874366760253906
0.033707380294799805
0.03287005424499512
0.033156633377075195
0.0336766242980957
0.03283238410949707
0.03334212303161621
0.03442096710205078
0.04011678695678711
0.0333561897277832
0.0338132381439209
0.03363323211669922
0.033620357513427734
0.03385114669799805
0.036003828048706055
0.0348353385925293
0.03209543228149414
0.03107142448425293
0.030806303024291992
0.03448653221130371
0.03179645538330078
0.034250497817993164
0.03435707092285156
0.03502607345581055
0.03379535675048828
0.03412485122680664
0.033577680587768555
0.03017401695251465
0.0311279296875
0.03277993202209473
0.03123641014099121
0.031094789505004883
0.032334089279174805
0.031702518463134766
0.03412914276123047
0.034246206283569336
0.04193615913391113
0.03141164779663086
0.03091144561767578
0.03047013282775879
0.0312650203704834
0.030853986740112305
0.030750751495361328
0.03125572204589844
0.03229689598083496
0.03268146514892578
0.0323033332824707
0.03247380256652832
0.03260445594787598
0.03206825256347656
0.03178000450134277
0.03212928771972656
0.032007694244384766
0.034210205078125
0.03392767906188965
0.033881425857543945
0.03163599967956543
0.031145811080932617
0.030797243118286133
0.031403303146362305
0.0314946174621582
0.03152656555175781
0.031249284744262695
0.0426023006439209
0.0314488410949707
0.033481597900390625
0.03360462188720703
0.0337679386138916
0.03443098068237305
0.03183293342590332
0.03102731704711914
0.030777931213378906
0.030861854553222656
0.03062272071838379
0.03142046928405762
0.03096485137939453
0.03094172477722168
0.030994892120361328
0.031587839126586914
0.031092166900634766
0.03452301025390625
0.03475832939147949
0.031823158264160156
0.03109574317932129
0.030822038650512695
0.030854463577270508
0.031336307525634766
0.03205394744873047
0.034903764724731445
0.0350651741027832
0.035613059997558594
0.0342714786529541
0.03369283676147461
0.03444981575012207
0.03438925743103027
0.03493952751159668
0.033885955810546875
0.03383684158325195
0.03403067588806152
0.03391432762145996
0.03420376777648926
0.03375697135925293
0.03449821472167969
0.03430676460266113
0.033736228942871094
0.034155845642089844
0.03425765037536621
0.034674882888793945
0.03543210029602051
0.03439688682556152
0.0342104434967041
0.03461265563964844
0.03612089157104492
0.0339818000793457
0.033173561096191406
0.03359079360961914
0.034520864486694336
0.03325605392456055
0.06261897087097168
0.03306126594543457
0.03091263771057129
0.033251047134399414
0.03390145301818848
0.03483104705810547
0.04701948165893555
0.04073596000671387
0.03513646125793457
0.034174442291259766
0.03340864181518555
0.03336906433105469
0.03563570976257324
0.03123641014099121
0.03211569786071777
0.0463714599609375
0.03700828552246094
0.035013437271118164
0.03436017036437988
0.034003257751464844
0.03522539138793945
0.03518486022949219
0.0346226692199707
0.03418445587158203
0.033609867095947266
0.03454232215881348
0.03339219093322754
0.033579349517822266
0.033570051193237305
0.033603668212890625
0.03334474563598633
0.0333104133605957
0.03362154960632324
0.034061431884765625
0.031046628952026367
0.03060150146484375
0.03037428855895996
0.033492326736450195
0.030890464782714844
0.030731678009033203
0.030986547470092773
0.03412771224975586
0.03336286544799805
0.03202509880065918
0.0407412052154541
0.03034496307373047
0.0304107666015625
0.03082895278930664
0.03364682197570801
0.044850826263427734
0.03519320487976074
0.03446197509765625
0.03425788879394531
0.03437519073486328
0.03502488136291504
0.03383636474609375
0.033571720123291016
0.030611276626586914
0.031248092651367188
0.03312230110168457
0.033338308334350586
0.03355813026428223
0.034912824630737305
0.03337574005126953
0.03330039978027344
0.033266305923461914
0.0337824821472168
0.03326535224914551
0.03325200080871582
0.03324079513549805
0.03387784957885742
0.03122687339782715
0.031636714935302734
0.03393101692199707
0.04327034950256348
0.03366279602050781
0.03352785110473633
0.031113386154174805
0.03122735023498535
0.032057762145996094
0.030875444412231445
0.033478498458862305
0.03347587585449219
0.03363633155822754
0.034395456314086914
0.0335690975189209
0.034004926681518555
0.044593095779418945
0.033315420150756836
0.03102588653564453
0.03098773956298828
0.031548261642456055
0.033858299255371094
0.033754587173461914
0.03371143341064453
0.03470492362976074
0.033414602279663086
0.04321599006652832
0.03459477424621582
0.030864477157592773
0.03352522850036621
0.034401655197143555
0.03352999687194824
0.032273292541503906
0.03141164779663086
0.03168034553527832
0.03022623062133789
0.030704498291015625
0.030694246292114258
0.03138470649719238
0.030636072158813477
0.030800580978393555
0.031060457229614258
0.03120565414428711
0.03084397315979004
0.031044721603393555
0.030755996704101562
0.03132486343383789
0.03386688232421875
0.03329658508300781
0.033518314361572266
0.03404498100280762
0.0334928035736084
0.03359651565551758
0.033782005310058594
0.03371000289916992
0.03305339813232422
0.03208494186401367
0.030439376831054688
0.04278254508972168
0.042958736419677734
0.033468008041381836
0.03439617156982422
0.03167891502380371
0.03155016899108887
0.031223058700561523
0.031334877014160156
0.031621694564819336
0.03154253959655762
0.031232833862304688
0.03051900863647461
0.030723094940185547
0.030514240264892578
0.032813072204589844
0.030593395233154297
0.03397250175476074
0.03130483627319336
0.031214475631713867
0.0306546688079834
0.030786514282226562
0.03100419044494629
0.03281879425048828
0.030677318572998047
0.04371023178100586
0.042291879653930664
0.031047582626342773
0.030752897262573242
0.031857967376708984
0.03148245811462402
0.052780866622924805
0.031121492385864258
0.030385732650756836
0.030460596084594727
0.03003239631652832
0.03157639503479004
0.04091763496398926
0.030503511428833008
0.03037285804748535
0.03300023078918457
0.030755996704101562
0.030572891235351562
0.030956029891967773
0.03158211708068848
0.03060603141784668
0.030345678329467773
0.030579090118408203
0.030817270278930664
0.03363847732543945
0.03440713882446289
0.03469347953796387
0.03490853309631348
0.03388094902038574
0.03388166427612305
0.046021461486816406
0.03388261795043945
0.03330206871032715
0.05776333808898926
0.035774946212768555
0.031024694442749023
0.031606197357177734
0.033760786056518555
0.03476858139038086
0.03361082077026367
0.03386974334716797
0.035190582275390625
0.034729719161987305
0.03448915481567383
0.03356361389160156
0.03247475624084473
0.03136634826660156
0.03355717658996582
0.04645085334777832
0.030643939971923828
0.03211498260498047
0.031127452850341797
0.0312955379486084
0.03423309326171875
0.044690847396850586
0.034835100173950195
0.03525590896606445
0.058682918548583984
0.03499484062194824
0.04530739784240723
0.034451961517333984
0.033925771713256836
0.03427720069885254
0.03404688835144043
0.03378462791442871
0.03356504440307617
0.0347599983215332
0.033795833587646484
0.03340458869934082
0.03405427932739258
0.03399085998535156
0.03081035614013672
0.030627727508544922
0.030551671981811523
0.031723976135253906
0.03080582618713379
0.03484630584716797
0.03145027160644531
0.03125405311584473
0.030856847763061523
0.033388376235961914
0.034029483795166016
0.03171968460083008
0.030902624130249023
0.030666589736938477
0.035021066665649414
0.034417152404785156
0.03374147415161133
0.034066200256347656
0.04676008224487305
0.036768198013305664
0.04756665229797363
0.03216719627380371
0.03031778335571289
0.030437231063842773
0.03060007095336914
0.031644344329833984
0.030495643615722656
0.04337739944458008
0.030680418014526367
0.031103849411010742
0.030221939086914062
0.030529260635375977
0.031095027923583984
0.03129386901855469
0.033448219299316406
0.034792423248291016
0.0335841178894043
0.031542301177978516
0.030878543853759766
0.030431270599365234
0.03119659423828125
0.03139853477478027
0.03108072280883789
0.0312345027923584
0.031003236770629883
0.03131604194641113
0.0346226692199707
0.031796932220458984
0.03174853324890137
0.03150057792663574
0.03154397010803223
0.05105161666870117
0.030880451202392578
0.03031635284423828
0.0306093692779541
0.03155040740966797
0.030686616897583008
0.030277013778686523
0.031069517135620117
0.03169107437133789
0.030831098556518555
0.030679702758789062
0.03094029426574707
0.031649112701416016
0.03520321846008301
0.031830787658691406
0.0308687686920166
0.030213117599487305
0.03367257118225098
0.03306937217712402
0.03378605842590332
0.03404855728149414
0.033907413482666016
0.0337369441986084
0.034178972244262695
0.034852027893066406
0.03513979911804199
0.03472304344177246
0.03505349159240723
0.03231167793273926
0.03471493721008301
0.03243827819824219
0.0359501838684082
0.033811092376708984
0.033412933349609375
0.03379034996032715
0.03464174270629883
0.04886269569396973
0.036512136459350586
0.034963369369506836
0.03498244285583496
0.03474283218383789
0.0338747501373291
0.033228158950805664
0.03304553031921387
0.03350710868835449
0.03342175483703613
0.033150672912597656
0.030975818634033203
0.030820369720458984
0.030812740325927734
0.03402233123779297
0.03394007682800293
0.03341484069824219
0.033399105072021484
0.03476142883300781
0.033454179763793945
0.03352475166320801
0.03357887268066406
0.032025814056396484
0.03368043899536133
0.033742666244506836
0.03355741500854492
0.034809112548828125
0.034142494201660156
0.0341496467590332
0.03489041328430176
0.05101346969604492
0.046192169189453125
0.03531193733215332
0.034215450286865234
0.03330636024475098
0.033739328384399414
0.03483152389526367
0.03337240219116211
0.033144235610961914
0.03359174728393555
0.03432607650756836
0.033158302307128906
0.03313946723937988
0.03373241424560547
0.03511476516723633
0.03359532356262207
0.034096717834472656
0.03842616081237793
0.03548407554626465
0.03537607192993164
0.03528022766113281
0.046324729919433594
0.04092812538146973
0.037397146224975586
0.03359365463256836
0.03387618064880371
0.033675432205200195
0.03388214111328125
0.03423166275024414
0.03278374671936035
0.03374600410461426
0.03469252586364746
0.030670642852783203
0.03034687042236328
0.030827045440673828
0.03120279312133789
0.030961990356445312
0.030733346939086914
0.030516386032104492
0.031538963317871094
0.03126120567321777
0.03268170356750488
0.033318281173706055
0.03382444381713867
0.0335688591003418
0.0338902473449707
0.03379201889038086
0.03414773941040039
0.03095841407775879
0.03083968162536621
0.030425548553466797
0.03309798240661621
0.03157854080200195
0.031906843185424805
0.03167223930358887
0.032541751861572266
0.04169774055480957
0.04271125793457031
0.03177332878112793
0.03245997428894043
0.030986309051513672
0.031177282333374023
0.03171110153198242
0.03323531150817871
0.030766963958740234
0.03120875358581543
0.03202700614929199
0.031359195709228516
0.03419637680053711
0.03436446189880371
0.04508018493652344
0.03374600410461426
0.03489422798156738
0.03357863426208496
0.03393220901489258
0.03467988967895508
0.03509926795959473
0.03482842445373535
0.03280925750732422
0.03357076644897461
0.030468225479125977
0.030643224716186523
0.031068086624145508
0.03162074089050293
0.03161215782165527
0.04665064811706543
0.04766488075256348
0.03355669975280762
0.03315114974975586
0.04475045204162598
0.03624153137207031
0.033881187438964844
0.03454875946044922
0.03498077392578125
0.03401970863342285
0.042391061782836914
0.033823251724243164
0.03347158432006836
0.03323221206665039
0.03332066535949707
0.03539681434631348
0.03396105766296387
0.03389883041381836
0.033865928649902344
0.03597426414489746
0.0341644287109375
0.03424406051635742
0.034111976623535156
0.034024715423583984
0.03349900245666504
0.04334259033203125
0.033172607421875
0.03368186950683594
0.03423309326171875
0.03582477569580078
0.034276485443115234
0.034345388412475586
0.03402256965637207
0.033777475357055664
0.03353166580200195
0.033959150314331055
0.033661603927612305
0.034125328063964844
0.03421640396118164
0.04627394676208496
0.03320503234863281
0.033373117446899414
0.04619336128234863
0.034987449645996094
0.04309797286987305
0.03422260284423828
0.03418302536010742
0.03457283973693848
0.03483700752258301
0.03438210487365723
0.03354144096374512
0.03406548500061035
0.03404808044433594
0.04590868949890137
0.0335392951965332
0.03386735916137695
0.03409242630004883
0.03402066230773926
0.03423309326171875
0.03371691703796387
0.033962249755859375
0.03297090530395508
0.033162832260131836
0.03324627876281738
0.03343820571899414
0.03293442726135254
0.03313422203063965
0.03326535224914551
0.03330683708190918
0.033118486404418945
0.03284645080566406
0.03288865089416504
0.03371381759643555
0.04992413520812988
0.03355288505554199
0.03397321701049805
0.03305459022521973
0.03394627571105957
0.033828020095825195
0.033399343490600586
0.03334546089172363
0.03348350524902344
0.03317141532897949
0.034631967544555664
0.033829689025878906
0.03412461280822754
0.033905029296875
0.034630537033081055
0.03442645072937012
0.03481316566467285
0.0342099666595459
0.034464120864868164
0.03464150428771973
0.033911943435668945
0.03394031524658203
0.034049272537231445
0.03899693489074707
0.03533363342285156
0.034484148025512695
0.03371167182922363
0.04565906524658203
0.03063797950744629
0.030451059341430664
0.033040761947631836
0.033262014389038086
0.03315472602844238
0.033692121505737305
0.03365969657897949
0.03405356407165527
0.030841350555419922
0.03103327751159668
0.03027176856994629
0.03336954116821289
0.03478431701660156
0.0473780632019043
0.04326272010803223
0.03592395782470703
0.03505373001098633
0.03439450263977051
0.0464777946472168
0.03487372398376465
0.03416085243225098
0.034188032150268555
0.03398585319519043
0.03383636474609375
0.03354191780090332
0.03384995460510254
0.03370356559753418
0.03392791748046875
0.03385567665100098
0.03435325622558594
0.03416585922241211
0.030663013458251953
0.036527395248413086
0.030239582061767578
0.03299903869628906
0.030623197555541992
0.030253887176513672
0.03367352485656738
0.03606700897216797
0.03354072570800781
0.03311514854431152
0.033510684967041016
0.030246257781982422
0.02958512306213379
0.03280282020568848
0.031264543533325195
0.030520200729370117
0.0319669246673584
0.03371453285217285
0.032576560974121094
0.035717010498046875
0.03500962257385254
0.03151249885559082
0.030454635620117188
0.03053903579711914
0.030306339263916016
0.03536272048950195
0.03101348876953125
0.03067922592163086
0.03118896484375
0.03175830841064453
0.04263496398925781
0.03693747520446777
0.03685355186462402
0.03082442283630371
0.030684471130371094
0.03081202507019043
0.031813621520996094
0.03452920913696289
0.03513479232788086
0.03493356704711914
0.03290152549743652
0.03137922286987305
0.03139328956604004
0.0308074951171875
0.03143143653869629
0.030986785888671875
0.031219005584716797
0.0313105583190918
0.031583309173583984
0.034354209899902344
0.03461790084838867
0.03490757942199707
0.03479456901550293
0.03259110450744629
0.03204751014709473
0.031132936477661133
0.031386613845825195
0.031418561935424805
0.031851768493652344
0.032514095306396484
0.031972646713256836
0.03133535385131836
0.03285932540893555
0.03151202201843262
0.03475308418273926
0.03446817398071289
0.0317838191986084
0.031760215759277344
0.031057119369506836
0.031024932861328125
0.043096303939819336
0.046463966369628906
0.05305290222167969
0.046164751052856445
0.03366351127624512
0.034734487533569336
0.03914976119995117
0.041306495666503906
0.033720970153808594
0.03768634796142578
0.03381085395812988
0.03415966033935547
0.03316783905029297
0.03325247764587402
0.03338789939880371
0.04654669761657715
0.03456449508666992
0.04677581787109375
0.03430914878845215
0.03316617012023926
0.043657541275024414
0.033368587493896484
0.041638851165771484
0.034841060638427734
0.033895254135131836
0.033644914627075195
0.045279741287231445
0.034888505935668945
0.033931732177734375
0.0308229923248291
0.04417610168457031
0.033380746841430664
0.033205509185791016
0.03331708908081055
0.03415632247924805
0.03367018699645996
0.03308606147766113
0.034133195877075195
0.03445768356323242
0.034088134765625
0.03381943702697754
0.03354811668395996
0.03383135795593262
0.03162527084350586
0.03225874900817871
0.03437995910644531
0.04472064971923828
0.03454780578613281
0.03550386428833008
0.03427481651306152
0.034264564514160156
0.03400754928588867
0.033284902572631836
0.03330183029174805
0.033101558685302734
0.034656524658203125
0.033593177795410156
0.034084320068359375
0.033547401428222656
0.03399038314819336
0.03326988220214844
0.03354334831237793
0.03381967544555664
0.051377296447753906
0.03061699867248535
0.03043532371520996
0.034670114517211914
0.031236886978149414
0.031615257263183594
0.032036542892456055
0.045955657958984375
0.033858299255371094
0.031239032745361328
0.033586978912353516
0.0404973030090332
0.030840158462524414
0.030974626541137695
0.04077267646789551
0.034090280532836914
0.03480243682861328
0.034082651138305664
0.033686161041259766
0.034093379974365234
0.03436589241027832
0.033780813217163086
0.03323793411254883
0.030585050582885742
0.031174182891845703
0.03888416290283203
0.03308558464050293
0.03387594223022461
0.03402566909790039
0.05002164840698242
0.03404498100280762
0.034789085388183594
0.03408455848693848
0.03439950942993164
0.034265995025634766
0.03524184226989746
0.03171229362487793
0.03241729736328125
0.040746450424194336
0.03429865837097168
0.03347039222717285
0.033408164978027344
0.03315258026123047
0.030649662017822266
0.030442476272583008
0.031227827072143555
0.03339242935180664
0.033655643463134766
0.03382396697998047
0.03615736961364746
0.03881359100341797
0.034128427505493164
0.03468513488769531
0.03409838676452637
0.03100109100341797
0.03159832954406738
0.03145861625671387
0.033797264099121094
0.03414750099182129
0.03351593017578125
0.034746646881103516
0.033736228942871094
0.03793931007385254
0.03339958190917969
0.034163475036621094
0.030794620513916016
0.03433680534362793
0.03424954414367676
0.03350567817687988
0.030295372009277344
0.031220197677612305
0.03986954689025879
0.03175473213195801
0.031374454498291016
0.031024456024169922
0.030568599700927734
0.030504226684570312
0.031357765197753906
0.031862497329711914
0.031183481216430664
0.030977725982666016
0.031072616577148438
0.03154778480529785
0.03362751007080078
0.03363370895385742
0.04492616653442383
0.03366589546203613
0.03328347206115723
0.0331568717956543
0.0338292121887207
0.03404736518859863
0.033629655838012695
0.031334638595581055
0.03141474723815918
0.03213310241699219
0.03471684455871582
0.032227516174316406
0.03240489959716797
0.04245734214782715
0.03270983695983887
0.031302690505981445
0.031024932861328125
0.031188249588012695
0.04504585266113281
0.030728578567504883
0.04029393196105957
0.030330419540405273
0.03150582313537598
0.030714750289916992
0.030614852905273438
0.031050682067871094
0.03162384033203125
0.0314333438873291
0.030534744262695312
0.03161048889160156
0.031790733337402344
0.03164839744567871
0.030995607376098633
0.030688047409057617
0.030893564224243164
0.03172445297241211
0.034499406814575195
0.031192302703857422
0.03053879737854004
0.03184318542480469
0.03200483322143555
0.031847238540649414
0.03155517578125
0.031064748764038086
0.030759334564208984
0.03124856948852539
0.03147435188293457
0.03135561943054199
0.0314791202545166
0.03156304359436035
0.030696392059326172
0.030609846115112305
0.03125810623168945
0.03157520294189453
0.03068256378173828
0.031189680099487305
0.03302502632141113
0.031774282455444336
0.03354763984680176
0.03363180160522461
0.03409767150878906
0.04388689994812012
0.033746957778930664
0.03372979164123535
0.033615827560424805
0.034563302993774414
0.03381800651550293
0.033843278884887695
0.033986806869506836
0.03185606002807617
0.03190898895263672
0.034938812255859375
0.03452587127685547
0.03450894355773926
0.03446698188781738
0.03523397445678711
0.03554582595825195
0.03463578224182129
0.033989906311035156
0.03156399726867676
0.030634641647338867
0.033219337463378906
0.03361248970031738
0.032703399658203125
0.03127765655517578
0.03081512451171875
0.03088688850402832
0.031041622161865234
0.03319525718688965
0.033945560455322266
0.03435087203979492
0.03414273262023926
0.03333234786987305
0.033319950103759766
0.033598899841308594
0.033867835998535156
0.03320670127868652
0.03375887870788574
0.047838449478149414
0.03448486328125
0.03926277160644531
0.03443336486816406
0.03437614440917969
0.03372597694396973
0.03360867500305176
0.03360462188720703
0.04620957374572754
0.0318300724029541
0.031346797943115234
0.04381513595581055
0.032341957092285156
0.03229689598083496
0.032811880111694336
0.03256869316101074
0.03126168251037598
0.03359675407409668
0.03421497344970703
0.03195023536682129
0.03160285949707031
0.03281760215759277
0.03386402130126953
0.03312039375305176
0.03272533416748047
0.03341197967529297
0.03381705284118652
0.03437519073486328
0.03383231163024902
0.03399658203125
0.03243374824523926
0.03178262710571289
0.030674219131469727
0.030518293380737305
0.030895471572875977
0.03039383888244629
0.03081512451171875
0.031641483306884766
0.03185105323791504
0.03153109550476074
0.031186342239379883
0.03197455406188965
0.031981706619262695
0.03427004814147949
0.0340731143951416
0.034432411193847656
0.0320429801940918
0.03847789764404297
0.030800580978393555
0.03150200843811035
0.03186821937561035
0.03436994552612305
0.030718088150024414
0.03073263168334961
0.03107166290283203
0.0314335823059082
0.0410914421081543
0.03180050849914551
0.03182053565979004
0.031153202056884766
0.031537532806396484
0.03135251998901367
0.030943870544433594
0.030805349349975586
0.03132224082946777
0.03223538398742676
0.03141450881958008
0.03138542175292969
0.031733036041259766
0.03183102607727051
0.03143715858459473
0.03214740753173828
0.031891822814941406
0.03119969367980957
0.030735254287719727
0.03143882751464844
0.030844688415527344
0.033696889877319336
0.05178332328796387
0.036876678466796875
0.034618377685546875
0.03348088264465332
0.03323507308959961
0.03379964828491211
0.033188581466674805
0.03324127197265625
0.03345656394958496
0.031164884567260742
0.031044960021972656
0.03364396095275879
0.03169870376586914
0.034789085388183594
0.03310585021972656
0.03338503837585449
0.033118486404418945
0.034471988677978516
0.0346677303314209
0.0355372428894043
0.03525233268737793
0.03572392463684082
0.036103248596191406
0.046041250228881836
0.04640460014343262
0.03602457046508789
0.03437066078186035
0.03650164604187012
0.031272172927856445
0.030967235565185547
0.03135085105895996
0.03475475311279297
0.03449726104736328
0.03518247604370117
0.034281015396118164
0.03510761260986328
0.033472537994384766
0.052397966384887695
0.03143477439880371
0.03399801254272461
0.03385663032531738
0.03409981727600098
0.03508496284484863
0.033837318420410156
0.03316950798034668
0.03379321098327637
0.035123586654663086
0.033374786376953125
0.03311419486999512
0.030668973922729492
0.03361082077026367
0.03642916679382324
0.033498525619506836
0.03448891639709473
0.03441977500915527
0.03733253479003906
0.03627371788024902
0.035208940505981445
0.03404426574707031
0.033582210540771484
0.03381967544555664
0.03462791442871094
0.03675675392150879
0.03425908088684082
0.033699989318847656
0.03451704978942871
0.03432917594909668
0.034322261810302734
0.03404092788696289
0.034058332443237305
0.033898353576660156
0.0335841178894043
0.034392595291137695
0.03358817100524902
0.043233633041381836
0.03515958786010742
0.03343057632446289
0.03333640098571777
0.0341496467590332
0.05912947654724121
0.03371882438659668
0.030759572982788086
0.03430461883544922
0.031366586685180664
0.03152894973754883
0.03184914588928223
0.03180336952209473
0.03382062911987305
0.034095048904418945
0.03425002098083496
0.05309271812438965
0.0334012508392334
0.03578662872314453
0.03100109100341797
0.030745744705200195
0.030731916427612305
0.03068375587463379
0.030975818634033203
0.03022289276123047
0.030226469039916992
0.030765295028686523
0.031086444854736328
0.041992902755737305
0.03081536293029785
0.04198050498962402
0.030927419662475586
0.03912043571472168
0.03390192985534668
0.03188061714172363
0.030625343322753906
0.03165483474731445
0.03137803077697754
0.03186535835266113
0.031975746154785156
0.03440976142883301
0.03474068641662598
0.03427290916442871
0.03502321243286133
0.03424382209777832
0.03389763832092285
0.03422808647155762
0.034928083419799805
0.03492546081542969
0.03432345390319824
0.03121018409729004
0.03146624565124512
0.030707597732543945
0.030819416046142578
0.030631303787231445
0.03067493438720703
0.030561208724975586
0.0338137149810791
0.033759117126464844
0.03410220146179199
0.03374791145324707
0.03327059745788574
0.04836225509643555
0.0387113094329834
0.04993605613708496
0.05214285850524902
0.03632044792175293
0.03369712829589844
0.03409886360168457
0.03409862518310547
0.03586459159851074
0.034060001373291016
0.0329890251159668
0.033609628677368164
0.046267032623291016
0.034804582595825195
0.035411834716796875
0.03448605537414551
0.03476834297180176
0.03429126739501953
0.040004730224609375
0.03304028511047363
0.033480167388916016
0.0331721305847168
0.04605889320373535
0.03238105773925781
0.03162431716918945
0.03147435188293457
0.031500816345214844
0.030848979949951172
0.029907703399658203
0.03017401695251465
0.030508041381835938
0.03037548065185547
1.5085995197296143
0.058507442474365234
0.03623342514038086
0.03340768814086914
0.048523664474487305
0.04062199592590332
0.03375673294067383
0.033644914627075195
0.031119346618652344
0.03220677375793457
0.034234046936035156
0.03377580642700195
0.033811092376708984
0.03416085243225098
0.03285789489746094
0.03310799598693848
0.03329896926879883
0.03322434425354004
0.03286433219909668
0.03310823440551758
0.03299522399902344
0.03391242027282715
0.03323674201965332
0.03324770927429199
0.03469657897949219
0.03519701957702637
0.034674882888793945
0.03495597839355469
0.035157203674316406
0.03127169609069824
0.030933618545532227
0.03079366683959961
0.034792184829711914
0.031685829162597656
0.03157520294189453
0.03151416778564453
0.03422880172729492
0.03438091278076172
0.034195899963378906
0.0315709114074707
0.031205415725708008
0.030771493911743164
0.03137779235839844
0.033553123474121094
0.03348994255065918
0.03394603729248047
0.03409147262573242
0.03381848335266113
0.033229827880859375
0.03354811668395996
0.03446793556213379
0.03350472450256348
0.03327512741088867
0.03087925910949707
0.03165388107299805
0.03310203552246094
0.03310847282409668
0.03349709510803223
0.03440666198730469
0.033618927001953125
0.03342294692993164
0.033341169357299805
0.03435230255126953
0.03447270393371582
0.03420257568359375
0.03360939025878906
0.03381609916687012
0.03137469291687012
0.03219461441040039
0.034119606018066406
0.03398847579956055
0.033675193786621094
0.0334775447845459
0.03329586982727051
0.03071308135986328
0.030654191970825195
0.030794620513916016
0.03297567367553711
0.0332489013671875
0.03407645225524902
0.033953189849853516
0.03349041938781738
0.040580034255981445
0.03437948226928711
0.0340726375579834
0.030863523483276367
0.031141042709350586
0.031790733337402344
0.03323769569396973
0.0337214469909668
0.03358769416809082
0.03489494323730469
0.03444266319274902
0.03383231163024902
0.0341033935546875
0.03429293632507324
0.030762434005737305
0.03354024887084961
0.03373146057128906
0.03345918655395508
0.03032851219177246
0.03130149841308594
0.03035116195678711
0.03076338768005371
0.03113389015197754
0.0314640998840332
0.031028032302856445
0.0305941104888916
0.03130674362182617
0.03191709518432617
0.04150032997131348
0.03947710990905762
0.04416513442993164
0.031018972396850586
0.04415297508239746
0.0344696044921875
0.03424811363220215
0.033911705017089844
0.033826589584350586
0.03367447853088379
0.03555941581726074
0.03340554237365723
0.03066563606262207
0.0433347225189209
0.034516334533691406
0.03488564491271973
0.03277897834777832
0.03234672546386719
0.032099246978759766
0.03890037536621094
0.03113389015197754
0.0427556037902832
0.04004073143005371
0.033682823181152344
0.045133352279663086
0.034021854400634766
0.04363274574279785
0.032991886138916016
0.0303952693939209
0.030469655990600586
0.0316777229309082
0.030718564987182617
0.03536677360534668
0.030867576599121094
0.03129315376281738
0.04100370407104492
0.030376672744750977
0.030347108840942383
0.031084299087524414
0.03081655502319336
0.03100752830505371
0.044328927993774414
0.03084707260131836
0.030631065368652344
0.031348466873168945
0.031976938247680664
0.031275272369384766
0.030704259872436523
0.03091597557067871
0.03075551986694336
0.03921079635620117
0.04039263725280762
0.030726909637451172
0.03029799461364746
0.03038334846496582
0.03230118751525879
0.039053916931152344
0.04251670837402344
0.030982255935668945
0.030704259872436523
0.03318214416503906
0.032938480377197266
0.033217668533325195
0.04268646240234375
0.03504467010498047
0.03335762023925781
0.03333139419555664
0.04175138473510742
0.03281426429748535
0.03317832946777344
0.03327655792236328
0.03396868705749512
0.03222513198852539
0.05451846122741699
0.03529644012451172
0.03497815132141113
0.05130720138549805
0.03460359573364258
0.034740447998046875
0.033814191818237305
0.03158116340637207
0.03058481216430664
0.03325819969177246
0.03315401077270508
0.031185150146484375
0.030943870544433594
0.030598878860473633
0.030583620071411133
0.03142142295837402
0.03776860237121582
0.04580879211425781
0.03343605995178223
0.03466176986694336
0.04916119575500488
0.03983879089355469
0.03398728370666504
0.03345799446105957
0.048482656478881836
0.03396439552307129
0.033637046813964844
0.034620046615600586
0.03438878059387207
0.03457140922546387
0.033560752868652344
0.03378415107727051
0.03369140625
0.03438258171081543
0.031009912490844727
0.030875205993652344
0.030662059783935547
0.03625011444091797
0.03249478340148926
0.031250715255737305
0.030799150466918945
0.031462907791137695
0.03110361099243164
0.03612256050109863
0.033887386322021484
0.03173995018005371
0.04354119300842285
0.040270328521728516
0.03448772430419922
0.032868385314941406
0.037946462631225586
0.035692691802978516
0.03868365287780762
0.03865456581115723
0.03364729881286621
0.031874895095825195
0.04149365425109863
0.04202771186828613
0.03224468231201172
0.039151906967163086
0.03338289260864258
0.031403303146362305
0.03201007843017578
0.03113532066345215
0.03141522407531738
0.03129315376281738
0.03146958351135254
0.03392148017883301
0.03401303291320801
0.03402972221374512
0.031598567962646484
0.03139209747314453
0.03095102310180664
0.031217575073242188
0.03138160705566406
0.03129124641418457
0.030901432037353516
0.03050374984741211
0.030237436294555664
0.030739545822143555
0.030596256256103516
0.030675649642944336
0.030974388122558594
0.031238794326782227
0.030272722244262695
0.031175613403320312
0.031109333038330078
0.031155824661254883
0.031061649322509766
0.03162670135498047
0.030724287033081055
0.030907630920410156
0.03076171875
0.031960248947143555
0.031095027923583984
0.030955791473388672
0.03155374526977539
0.033797502517700195
0.03149747848510742
0.03136754035949707
0.031293630599975586
0.03109598159790039
0.030806541442871094
0.03337526321411133
0.033594369888305664
0.04636216163635254
0.04106903076171875
0.04308271408081055
0.036065101623535156
0.03375124931335449
0.03401303291320801
0.04270434379577637
0.03256344795227051
0.035053253173828125
0.03493070602416992
0.050429344177246094
0.04380369186401367
0.03417658805847168
0.034256935119628906
0.0341031551361084
0.034064292907714844
0.04223918914794922
0.048174142837524414
0.03455662727355957
0.03390645980834961
0.04402661323547363
0.03430938720703125
0.0347747802734375
0.03434157371520996
0.031568288803100586
0.031128644943237305
0.030832290649414062
0.03338289260864258
0.03346967697143555
0.03558206558227539
0.033727169036865234
0.03420519828796387
0.0339963436126709
0.03388190269470215
0.03366351127624512
0.03159666061401367
0.03441047668457031
0.03411984443664551
0.03358578681945801
0.0498967170715332
0.03351950645446777
0.0338594913482666
0.044507503509521484
0.03424644470214844
0.033835411071777344
0.03281283378601074
0.033944129943847656
0.04037332534790039
0.03312492370605469
0.03358578681945801
0.03685712814331055
0.03392457962036133
0.03402900695800781
0.03440451622009277
0.03418874740600586
0.03365731239318848
0.03394794464111328
0.03417372703552246
0.03454256057739258
0.034998416900634766
0.03488731384277344
0.035509347915649414
0.03495430946350098
0.03440141677856445
0.03396916389465332
0.03399801254272461
0.03391861915588379
0.03355073928833008
0.036423683166503906
0.03390836715698242
0.03336381912231445
0.03438711166381836
0.0363764762878418
0.03339409828186035
0.04068613052368164
0.03362417221069336
0.0302886962890625
0.03029322624206543
0.0305325984954834
0.031500816345214844
0.031153202056884766
0.030927419662475586
0.042580604553222656
0.030657291412353516
0.033621788024902344
0.03366589546203613
0.03406834602355957
0.03392434120178223
0.03341078758239746
0.03386878967285156
0.033780813217163086
0.030195236206054688
0.04440474510192871
0.03204512596130371
0.03091573715209961
0.02992868423461914
0.030138015747070312
0.030588388442993164
0.0313105583190918
0.03031754493713379
0.030552387237548828
0.031116962432861328
0.03171658515930176
0.040323734283447266
0.03027033805847168
0.0522303581237793
0.03147554397583008
0.030918121337890625
0.030376911163330078
0.04649949073791504
0.03138852119445801
0.03379344940185547
0.034073829650878906
0.034540653228759766
0.035329341888427734
0.03447580337524414
0.03408336639404297
0.03401446342468262
0.03520917892456055
0.034464120864868164
0.03471851348876953
0.031203508377075195
0.031010150909423828
0.030570268630981445
0.042185068130493164
0.03237771987915039
0.031993865966796875
0.0341799259185791
0.034340620040893555
0.03638911247253418
0.03396320343017578
0.03395247459411621
0.03443098068237305
0.03688454627990723
0.0360105037689209
0.03622150421142578
0.03627133369445801
0.034549713134765625
0.033684730529785156
0.03387880325317383
0.03413510322570801
0.03435397148132324
0.03397417068481445
0.03444838523864746
0.034494876861572266
0.033925533294677734
0.03423619270324707
0.034172773361206055
0.03455638885498047
0.033745527267456055
0.03546595573425293
0.03371119499206543
0.03335237503051758
0.03444170951843262
0.03750920295715332
0.03577089309692383
0.03419899940490723
0.03533935546875
0.04092550277709961
0.033791542053222656
0.03342151641845703
0.03499197959899902
0.03361821174621582
0.03324127197265625
0.03335309028625488
0.034181833267211914
0.03356146812438965
0.03414750099182129
0.03433346748352051
0.03376936912536621
0.03386402130126953
0.034037113189697266
0.033803462982177734
0.03424406051635742
0.03420138359069824
0.03477191925048828
0.03498983383178711
0.035718679428100586
0.03537178039550781
0.034626007080078125
0.03375983238220215
0.03407144546508789
0.03475642204284668
0.033795833587646484
0.033625125885009766
0.03383898735046387
0.03419756889343262
0.033701419830322266
0.03340721130371094
0.033281564712524414
0.033974647521972656
0.03331589698791504
0.03347325325012207
0.03350210189819336
0.03385663032531738
0.03336048126220703
0.033757925033569336
0.03383207321166992
0.03466391563415527
0.033849239349365234
0.0341031551361084
0.03474116325378418
0.03435921669006348
0.03462028503417969
0.03415513038635254
0.04671931266784668
0.03311967849731445
0.0340883731842041
0.03395271301269531
0.03308606147766113
0.03315901756286621
0.033408403396606445
0.03331613540649414
0.03378438949584961
0.03393220901489258
0.03397846221923828
0.04585075378417969
0.0332944393157959
0.034189701080322266
0.03308272361755371
0.0331571102142334
0.04620075225830078
0.033704519271850586
0.03356742858886719
0.04428982734680176
0.03440213203430176
0.03912711143493652
0.03484201431274414
0.03364849090576172
0.030759811401367188
0.030009031295776367
0.030732393264770508
0.033109188079833984
0.03298640251159668
0.033174991607666016
0.03378653526306152
0.042864084243774414
0.03400278091430664
0.043859004974365234
0.03188037872314453
0.03319072723388672
0.033362627029418945
0.03395867347717285
0.03321385383605957
0.03371429443359375
0.033521413803100586
0.03432965278625488
0.046215057373046875
0.038852691650390625
0.037261009216308594
0.03338885307312012
0.03311324119567871
0.03554868698120117
0.03331160545349121
0.033339738845825195
0.03331637382507324
0.03385567665100098
0.03376126289367676
0.03431510925292969
0.03524899482727051
0.03378462791442871
0.03350377082824707
0.030701637268066406
0.03045034408569336
0.030675411224365234
0.03661751747131348
0.030826807022094727
0.03345131874084473
0.033721923828125
0.03369593620300293
0.04162478446960449
0.03386211395263672
0.030385494232177734
0.0297396183013916
0.03286290168762207
0.03182721138000488
0.031070947647094727
0.030939340591430664
0.03297019004821777
0.0307004451751709
0.033080101013183594
0.03336834907531738
0.031180381774902344
0.030491352081298828
0.03066253662109375
0.030487775802612305
0.030975818634033203
0.03079676628112793
0.031014204025268555
0.03150177001953125
0.03241920471191406
0.031401872634887695
0.03174614906311035
0.03104686737060547
0.032091379165649414
0.03132510185241699
0.03132009506225586
0.031357765197753906
0.0319819450378418
0.03374934196472168
0.03383684158325195
0.03375601768493652
0.03233146667480469
0.03126192092895508
0.03103804588317871
0.031288862228393555
0.03154134750366211
0.031132221221923828
0.031014204025268555
0.031055927276611328
0.0313413143157959
0.03558015823364258
0.05515122413635254
0.03354239463806152
0.034114837646484375
0.03196239471435547
0.03130459785461426
0.03088521957397461
0.0307159423828125
0.030371904373168945
0.031079530715942383
0.030777454376220703
0.04525876045227051
0.032100677490234375
0.03092646598815918
0.03336763381958008
0.034166812896728516
0.0313265323638916
0.036194562911987305
0.039020538330078125
0.031164884567260742
0.032193899154663086
0.036495208740234375
0.03450822830200195
0.034616708755493164
0.0335843563079834
0.033803701400756836
0.03304481506347656
0.03317666053771973
0.03347587585449219
0.034180402755737305
0.033303260803222656
0.033208608627319336
0.03307175636291504
0.034423828125
0.033057212829589844
0.03358912467956543
0.0338134765625
0.03485560417175293
0.03304886817932129
0.04541301727294922
0.03438925743103027
0.03414177894592285
0.034600019454956055
0.03349423408508301
0.033541202545166016
0.034078359603881836
0.03452014923095703
0.0333867073059082
0.03318428993225098
0.03402853012084961
0.036348581314086914
0.033083200454711914
0.0461118221282959
0.04734325408935547
0.031758785247802734
0.03296160697937012
0.033080101013183594
0.033702850341796875
0.033582210540771484
0.033452510833740234
0.03334856033325195
0.03401780128479004
0.03340506553649902
0.033499956130981445
0.03409981727600098
0.034705400466918945
0.031906843185424805
0.04482102394104004
0.03434896469116211
0.04097580909729004
0.034003257751464844
0.03301048278808594
0.03325223922729492
0.03335976600646973
0.033193111419677734
0.03278803825378418
0.03279590606689453
0.0332951545715332
0.033937931060791016
0.03350234031677246
0.03429698944091797
0.03359055519104004
0.03354787826538086
0.03282451629638672
0.04766988754272461
0.034093379974365234
0.03067159652709961
0.030459165573120117
0.030417919158935547
0.03388047218322754
0.030469179153442383
0.030971527099609375
0.044341325759887695
0.033895254135131836
0.033860206604003906
0.0311126708984375
0.030755043029785156
0.030252456665039062
0.03000664710998535
0.031342267990112305
0.0431516170501709
0.03499412536621094
0.04689955711364746
0.03332090377807617
0.033437252044677734
0.033841609954833984
0.03456425666809082
0.03368973731994629
0.033823251724243164
0.043888092041015625
0.030810117721557617
0.047647714614868164
0.045067787170410156
0.03423047065734863
0.033034563064575195
0.050063133239746094
0.03442049026489258
0.03389883041381836
0.03413796424865723
0.03372073173522949
0.034291982650756836
0.03185844421386719
0.03237104415893555
0.03499603271484375
0.03745245933532715
0.0332186222076416
0.04292607307434082
0.032472848892211914
0.034494638442993164
0.04895830154418945
0.033951520919799805
0.03305864334106445
0.03288459777832031
0.033762216567993164
0.0330812931060791
0.033010244369506836
0.0334630012512207
0.03916573524475098
0.03867292404174805
0.03148150444030762
0.0446474552154541
0.03330039978027344
0.0333709716796875
0.03367257118225098
0.03400468826293945
0.03316450119018555
0.033355712890625
0.03361320495605469
0.03452754020690918
0.030755996704101562
0.03346562385559082
0.033890485763549805
0.03338456153869629
0.030766963958740234
0.03136634826660156
0.030469894409179688
0.03102707862854004
0.031388282775878906
0.03220558166503906
0.031016111373901367
0.041655778884887695
0.031266212463378906
0.030932903289794922
0.03055119514465332
0.030346155166625977
0.030168533325195312
0.031656742095947266
0.03337430953979492
0.034008026123046875
0.03365135192871094
0.037001609802246094
0.03337693214416504
0.03328680992126465
0.03346419334411621
0.03361392021179199
0.03357720375061035
0.030985355377197266
0.03143048286437988
0.031584739685058594
0.03389096260070801
0.034697771072387695
0.0332643985748291
0.031450748443603516
0.031041622161865234
0.03399991989135742
0.03091573715209961
0.030407190322875977
0.0307924747467041
0.03138995170593262
0.0305023193359375
0.030562162399291992
0.03125762939453125
0.03217434883117676
0.031470298767089844
0.03143572807312012
0.03139829635620117
0.03165626525878906
0.031502723693847656
0.03108525276184082
0.044800519943237305
0.03241372108459473
0.039309024810791016
0.03390145301818848
0.03104376792907715
0.031033754348754883
0.030553102493286133
0.030434131622314453
0.030694961547851562
0.03203868865966797
0.03079533576965332
0.031305789947509766
0.03106379508972168
0.030849695205688477
0.03059101104736328
0.03150010108947754
0.030625104904174805
0.03107285499572754
0.03169512748718262
0.03148460388183594
0.03808164596557617
0.031049013137817383
0.031133413314819336
0.03172707557678223
0.031206846237182617
0.0393221378326416
0.033161163330078125
0.03197288513183594
0.03382372856140137
0.03319525718688965
0.03550243377685547
0.034133195877075195
0.0333249568939209
0.03373599052429199
0.04313492774963379
0.04640913009643555
0.043074607849121094
0.038248300552368164
0.04120588302612305
0.03229212760925293
0.035283803939819336
0.035188913345336914
0.034958839416503906
0.03446769714355469
0.03497886657714844
0.034691810607910156
0.033918142318725586
0.033538103103637695
0.03110957145690918
0.03035426139831543
0.03298473358154297
0.033127784729003906
0.03969168663024902
0.041953325271606445
0.031302690505981445
0.03175783157348633
0.046996116638183594
0.045691490173339844
0.036305904388427734
0.03356051445007324
0.033800363540649414
0.03350067138671875
0.03454923629760742
0.034105777740478516
0.033865928649902344
0.05454850196838379
0.03416848182678223
0.03316354751586914
0.033460378646850586
0.03362751007080078
0.03379034996032715
0.033118486404418945
0.03344917297363281
0.03325819969177246
0.03210043907165527
0.03285932540893555
0.030539751052856445
0.029974937438964844
0.031189441680908203
0.030811309814453125
0.03072500228881836
0.03056478500366211
0.030426979064941406
0.04247927665710449
0.03537726402282715
0.03247523307800293
0.03168630599975586
0.030780792236328125
0.03372812271118164
0.03404688835144043
0.03354668617248535
0.03377413749694824
0.03463435173034668
0.035162925720214844
0.03507828712463379
0.034668922424316406
0.032874107360839844
0.03168344497680664
0.0344843864440918
0.031229734420776367
0.031737565994262695
0.030582189559936523
0.030714035034179688
0.03126955032348633
0.031267642974853516
0.031210899353027344
0.03056931495666504
0.03095698356628418
0.030854463577270508
0.030741214752197266
0.03648543357849121
0.033449649810791016
0.03410696983337402
0.03139686584472656
0.030765295028686523
0.031233787536621094
0.047071218490600586
0.030994176864624023
0.03129839897155762
0.030585050582885742
0.031034231185913086
0.030623435974121094
0.030785799026489258
0.0315861701965332
0.03191208839416504
0.04399275779724121
0.032500267028808594
0.03094792366027832
0.0317533016204834
0.031227827072143555
0.03148770332336426
0.030770063400268555
0.03073573112487793
0.040193796157836914
0.0316011905670166
0.030559778213500977
0.0402982234954834
0.03121471405029297
0.03110337257385254
0.030507326126098633
0.030473709106445312
0.03077864646911621
0.03705859184265137
0.03303813934326172
0.05414462089538574
0.037012577056884766
0.03461146354675293
0.03481745719909668
0.03611183166503906
0.03394055366516113
0.03336524963378906
0.03470277786254883
0.031590938568115234
0.03227424621582031
0.0465395450592041
0.03847670555114746
0.035530805587768555
0.03466486930847168
0.03385567665100098
0.03433561325073242
0.04511451721191406
0.035101890563964844
0.0346837043762207
0.03513765335083008
0.03545784950256348
0.03480339050292969
0.034951210021972656
0.034429073333740234
0.03412055969238281
0.03383588790893555
0.03404402732849121
0.03107738494873047
0.030811786651611328
0.0434420108795166
0.03417181968688965
0.0484769344329834
0.03427767753601074
0.04299306869506836
0.03673291206359863
0.03303337097167969
0.03334665298461914
0.030570507049560547
0.03249621391296387
0.03311038017272949
0.03342413902282715
0.03414154052734375
0.03330516815185547
0.03394675254821777
0.03551936149597168
0.03424811363220215
0.03374981880187988
0.03127884864807129
0.03409600257873535
0.03377842903137207
0.04390263557434082
0.0354456901550293
0.03386330604553223
0.03326725959777832
0.033709049224853516
0.033774614334106445
0.04691576957702637
0.03491830825805664
0.043190956115722656
0.034677982330322266
0.03403353691101074
0.03503823280334473
0.03469419479370117
0.03545570373535156
0.035414934158325195
0.03536272048950195
0.034713029861450195
0.03430533409118652
0.034947872161865234
0.034189701080322266
0.03475165367126465
0.0345005989074707
0.03451418876647949
0.04467344284057617
0.035565853118896484
0.0337529182434082
0.03381800651550293
0.03431582450866699
0.04135608673095703
0.0308377742767334
0.031572818756103516
0.030610084533691406
0.03089427947998047
0.03158307075500488
0.031693458557128906
0.03328680992126465
0.04784703254699707
0.03324270248413086
0.05180954933166504
0.03506016731262207
0.03445100784301758
0.03134632110595703
0.030720233917236328
0.03093266487121582
0.03129267692565918
0.03122234344482422
0.031216859817504883
0.03082585334777832
0.0308835506439209
0.030658245086669922
0.03995251655578613
0.032593488693237305
0.032095909118652344
0.03137636184692383
0.03166842460632324
0.031046152114868164
0.031249046325683594
0.030725955963134766
0.030543088912963867
0.030736446380615234
0.030920982360839844
0.03191685676574707
0.030979633331298828
0.03366684913635254
0.04475212097167969
0.0331728458404541
0.036209821701049805
0.04925346374511719
0.03371906280517578
0.03568267822265625
0.035204410552978516
0.03713107109069824
0.031992197036743164
0.031775712966918945
0.030925273895263672
0.03177237510681152
0.031226634979248047
0.03159046173095703
0.03365159034729004
0.03394579887390137
0.034554243087768555
0.03518366813659668
0.03376317024230957
0.03442025184631348
0.033905982971191406
0.051790475845336914
0.042675018310546875
0.03713178634643555
0.03360557556152344
0.033711910247802734
0.03482484817504883
0.03386521339416504
0.03304934501647949
0.03316473960876465
0.03318524360656738
0.03371882438659668
0.03327608108520508
0.033548593521118164
0.0337982177734375
0.034311532974243164
0.03373289108276367
0.03379487991333008
0.03362083435058594
0.033617258071899414
0.033719539642333984
0.03428173065185547
0.03335142135620117
0.034854888916015625
0.03354692459106445
0.033785343170166016
0.033252716064453125
0.03403353691101074
0.03430056571960449
0.034609317779541016
0.03417849540710449
0.03378152847290039
0.036715030670166016
0.03387761116027832
0.03447723388671875
0.03420114517211914
0.03413224220275879
0.03352189064025879
0.033917903900146484
0.03314542770385742
0.03377342224121094
0.03375554084777832
0.03468441963195801
0.035166263580322266
0.03475069999694824
0.03469061851501465
0.03430008888244629
0.03380107879638672
0.035288333892822266
0.035027503967285156
0.03435778617858887
0.03389620780944824
0.034842729568481445
0.05329465866088867
0.03316307067871094
0.03339695930480957
0.0339665412902832
0.03449511528015137
0.033689022064208984
0.03428387641906738
0.03467988967895508
0.03420853614807129
0.03379631042480469
0.03369641304016113
0.03452444076538086
0.04345083236694336
0.03290510177612305
0.032923221588134766
0.03359246253967285
0.0335087776184082
0.03355264663696289
0.0343327522277832
0.034406185150146484
0.03420376777648926
0.0340578556060791
0.03391551971435547
0.03402376174926758
0.033945560455322266
0.033477783203125
0.03380775451660156
0.03350710868835449
0.03503823280334473
0.03363776206970215
0.03296303749084473
0.03358745574951172
0.03417181968688965
0.03324770927429199
0.033358097076416016
0.04730367660522461
0.034369468688964844
0.0341191291809082
0.035819053649902344
0.03505373001098633
0.03531193733215332
0.03512978553771973
0.03376507759094238
0.030754804611206055
0.030735492706298828
0.04326200485229492
0.03295469284057617
0.035195350646972656
0.03287696838378906
0.03348135948181152
0.03384852409362793
0.03413724899291992
0.03388786315917969
0.030965805053710938
0.03055095672607422
0.03317904472351074
0.03433084487915039
0.034404754638671875
0.03391218185424805
0.04393792152404785
0.037537574768066406
0.04160022735595703
0.033135175704956055
0.03368258476257324
0.03337550163269043
0.03555798530578613
0.0347750186920166
0.03473615646362305
0.03389692306518555
0.0343623161315918
0.034157514572143555
0.03422141075134277
0.03388667106628418
0.03959465026855469
0.03433346748352051
0.034204959869384766
0.030861377716064453
0.030705928802490234
0.044622182846069336
0.0346980094909668
0.030411720275878906
0.033037424087524414
0.03338432312011719
0.033335208892822266
0.033025264739990234
0.03288745880126953
0.032773494720458984
0.03832411766052246
0.03251934051513672
0.04332232475280762
0.030805349349975586
0.03145265579223633
0.030984163284301758
0.03322243690490723
0.033681631088256836
0.03158283233642578
0.031331777572631836
0.03138256072998047
0.03119826316833496
0.03176069259643555
0.03126668930053711
0.03081512451171875
0.031357765197753906
0.031569719314575195
0.03264474868774414
0.03261280059814453
0.03230452537536621
0.03164839744567871
0.03146529197692871
0.030498266220092773
0.030961275100708008
0.03046131134033203
0.053965091705322266
0.05076766014099121
0.05044889450073242
0.036913156509399414
0.030469179153442383
0.030797243118286133
0.049268245697021484
0.03271913528442383
0.03138542175292969
0.030632734298706055
0.03354144096374512
0.03319978713989258
0.033736467361450195
0.03436160087585449
0.03180837631225586
0.032591819763183594
0.03122544288635254
0.030779361724853516
0.030501365661621094
0.031151533126831055
0.03134751319885254
0.03066873550415039
0.03016042709350586
0.03003072738647461
0.030661344528198242
0.03039264678955078
0.03348278999328613
0.033240556716918945
0.030872106552124023
0.030344009399414062
0.03050708770751953
0.03084874153137207
0.03222918510437012
0.03556966781616211
0.03446221351623535
0.047003984451293945
0.03377079963684082
0.034002065658569336
0.03394889831542969
0.044411659240722656
0.03421640396118164
0.03771233558654785
0.0328984260559082
0.03284096717834473
0.03347039222717285
0.032828569412231445
0.03308296203613281
0.0336611270904541
0.03377056121826172
0.03563809394836426
0.03741884231567383
0.03393054008483887
0.03409004211425781
0.03456425666809082
0.033483266830444336
0.03388619422912598
0.03381967544555664
0.03415393829345703
0.03291010856628418
0.03324747085571289
0.03347182273864746
0.03388023376464844
0.03338766098022461
0.0331723690032959
0.030627012252807617
0.031142234802246094
0.030635356903076172
0.03340554237365723
0.0337986946105957
0.0350642204284668
0.03443336486816406
0.033843040466308594
0.03350710868835449
0.03404593467712402
0.03333783149719238
0.03322863578796387
0.03339028358459473
0.03424429893493652
0.032106637954711914
0.03258633613586426
0.03440594673156738
0.03467130661010742
0.0343477725982666
0.03857851028442383
0.03378486633300781
0.03403425216674805
0.0345458984375
0.03417778015136719
0.03417515754699707
0.03383612632751465
0.03436994552612305
0.033356666564941406
0.033240318298339844
0.03349161148071289
0.03383779525756836
0.03316187858581543
0.03336477279663086
0.033524274826049805
0.03368186950683594
0.03115367889404297
0.030991077423095703
0.03043532371520996
0.033719539642333984
0.031679391860961914
0.03078937530517578
0.030505895614624023
0.034422874450683594
0.033739566802978516
0.03209996223449707
0.031903743743896484
0.031430959701538086
0.03222084045410156
0.031385183334350586
0.035164833068847656
0.03341197967529297
0.03400111198425293
0.03484296798706055
0.03295564651489258
0.033225059509277344
0.0338129997253418
0.03463029861450195
0.03300809860229492
0.03328442573547363
0.03045177459716797
0.03069305419921875
0.033365488052368164
0.03367018699645996
0.03353691101074219
0.03423309326171875
0.033271074295043945
0.03351902961730957
0.03331756591796875
0.03380155563354492
0.03333282470703125
0.03329944610595703
0.033254384994506836
0.03390097618103027
0.03156614303588867
0.03305244445800781
0.03507089614868164
0.03495526313781738
0.03493666648864746
0.033986806869506836
0.03120279312133789
0.0313112735748291
0.03189420700073242
0.03429818153381348
0.0338289737701416
0.03357958793640137
0.034288883209228516
0.0341188907623291
0.033533334732055664
0.03405261039733887
0.03488874435424805
0.03363966941833496
0.031136274337768555
0.03106093406677246
0.03195071220397949
0.033936500549316406
0.033835649490356445
0.033779144287109375
0.034355878829956055
0.04927945137023926
0.0390772819519043
0.03458237648010254
0.03145575523376465
0.0343935489654541
0.03459334373474121
0.03354668617248535
0.031012773513793945
0.030991792678833008
0.03125452995300293
0.03186368942260742
0.03152799606323242
0.03162741661071777
0.03149080276489258
0.031139373779296875
0.03107285499572754
0.030922651290893555
0.03057074546813965
0.030590295791625977
0.030670881271362305
0.030400514602661133
0.03251981735229492
0.03274106979370117
0.03345346450805664
0.03349733352661133
0.03450655937194824
0.03416728973388672
0.033771514892578125
0.03535127639770508
0.03442502021789551
0.03194260597229004
0.03632616996765137
0.03146815299987793
0.03447580337524414
0.03579354286193848
0.03226900100708008
0.03321051597595215
0.04188418388366699
0.034966230392456055
0.030050039291381836
0.03198742866516113
0.04118704795837402
0.031893253326416016
0.030894041061401367
0.030882596969604492
0.03074932098388672
0.03107452392578125
0.03072643280029297
0.04292726516723633
0.031723737716674805
0.031177520751953125
0.03261733055114746
0.03377199172973633
0.030596494674682617
0.03127408027648926
0.04262948036193848
0.030975818634033203
0.0328521728515625
0.030850887298583984
0.030497312545776367
0.030431270599365234
0.043843746185302734
0.04149508476257324
0.031755685806274414
0.031633615493774414
0.04531097412109375
0.031836509704589844
0.031058788299560547
0.030665874481201172
0.030352115631103516
0.03558826446533203
0.035256385803222656
0.030675172805786133
0.0312349796295166
0.030784130096435547
0.031054973602294922
0.030415773391723633
0.030243873596191406
0.030582427978515625
0.03100442886352539
0.033045053482055664
0.03348517417907715
0.03325486183166504
0.03385353088378906
0.03315424919128418
0.03346896171569824
0.03305482864379883
0.04796648025512695
0.03423738479614258
0.03865647315979004
0.04170846939086914
0.03195619583129883
0.04479789733886719
0.03470110893249512
0.046875953674316406
0.03735494613647461
0.034772396087646484
0.03497028350830078
0.03372955322265625
0.03293561935424805
0.030631303787231445
0.030562400817871094
0.03286314010620117
0.03340578079223633
0.031280517578125
0.03079819679260254
0.030544757843017578
0.030648469924926758
0.03154802322387695
0.033081769943237305
0.03304767608642578
0.03308892250061035
0.03326916694641113
0.03277325630187988
0.03443169593811035
0.033269405364990234
0.03366351127624512
0.033391475677490234
0.033357858657836914
0.03303265571594238
0.03305196762084961
0.033598899841308594
0.03382468223571777
0.03353238105773926
0.053865671157836914
0.037279605865478516
0.03349781036376953
0.033692121505737305
0.0306546688079834
0.03040456771850586
0.030345439910888672
0.030781984329223633
0.031019210815429688
0.03103804588317871
0.031221628189086914
0.03211212158203125
0.031472206115722656
0.033783912658691406
0.03390049934387207
0.032299041748046875
0.031062602996826172
0.03044867515563965
0.0346834659576416
0.03368830680847168
0.033513784408569336
0.03615403175354004
0.03556013107299805
0.033995866775512695
0.03423023223876953
0.03398418426513672
0.03220820426940918
0.030352115631103516
0.030623674392700195
0.0302889347076416
0.03069162368774414
0.03041863441467285
0.030694246292114258
0.031127452850341797
0.032012939453125
0.031124353408813477
0.03103160858154297
0.030744314193725586
0.038107872009277344
0.03628230094909668
0.03358888626098633
0.043528079986572266
0.031800270080566406
0.036618709564208984
0.031294822692871094
0.03249239921569824
0.04261970520019531
0.031209945678710938
0.031011104583740234
0.03053903579711914
0.03076028823852539
0.030400991439819336
0.03126883506774902
0.0308835506439209
0.03179001808166504
0.030700206756591797
0.031111717224121094
0.03095412254333496
0.030913591384887695
0.030721426010131836
0.031441450119018555
0.030996322631835938
0.0314488410949707
0.03132796287536621
0.03174400329589844
0.03152203559875488
0.031369686126708984
0.03143572807312012
0.04407477378845215
0.04273176193237305
0.03313016891479492
0.03019428253173828
0.030855655670166016
0.033333778381347656
0.03368091583251953
0.033660173416137695
0.043060302734375
0.033487796783447266
0.03389883041381836
0.03400468826293945
0.03572201728820801
0.0347902774810791
0.031728267669677734
0.03146648406982422
0.03525543212890625
0.03234720230102539
0.03593754768371582
0.0350492000579834
0.03405880928039551
0.03428292274475098
0.03383302688598633
0.047319650650024414
0.03484511375427246
0.04052090644836426
0.052701711654663086
0.05148959159851074
0.05109238624572754
0.034479618072509766
0.0347287654876709
0.03526496887207031
0.03219461441040039
0.03156399726867676
0.03121352195739746
0.03487229347229004
0.03420710563659668
0.03368949890136719
0.03404808044433594
0.03479361534118652
0.03356814384460449
0.03327536582946777
0.03343701362609863
0.03215217590332031
0.03337597846984863
0.033308982849121094
0.0341949462890625
0.03425097465515137
0.0336453914642334
0.033722877502441406
0.03389716148376465
0.0343327522277832
0.033415794372558594
0.03343009948730469
0.031982421875
0.03456735610961914
0.04086017608642578
0.03360581398010254
0.035321950912475586
0.03373384475708008
0.03542017936706543
0.03433585166931152
0.03477120399475098
0.03330564498901367
0.03318667411804199
0.033574819564819336
0.03437542915344238
0.034212589263916016
0.03407573699951172
0.03425192832946777
0.0349125862121582
0.03480076789855957
0.036185503005981445
0.04696965217590332
0.03310060501098633
0.03305625915527344
0.033265113830566406
0.04513216018676758
0.034462690353393555
0.03402233123779297
0.033936500549316406
0.03344893455505371
0.033464908599853516
0.03399395942687988
0.03170180320739746
0.04064321517944336
0.030908823013305664
0.03126215934753418
0.030863046646118164
0.030662059783935547
0.030582904815673828
0.03161883354187012
0.045297861099243164
0.04972243309020996
0.03371286392211914
0.033532142639160156
0.0341954231262207
0.03438258171081543
0.03114008903503418
0.030863285064697266
0.031046628952026367
0.030862092971801758
0.030552148818969727
0.030233144760131836
0.030305862426757812
0.03081488609313965
0.030631303787231445
0.03023386001586914
0.030010461807250977
0.03060173988342285
0.03172135353088379
0.030447006225585938
0.03223443031311035
0.03521251678466797
0.03145647048950195
0.03072667121887207
0.031118392944335938
0.03087449073791504
0.03211402893066406
0.03194451332092285
0.03473544120788574
0.03432273864746094
0.03423619270324707
0.034215450286865234
0.03374648094177246
0.033882856369018555
0.033892154693603516
0.03563213348388672
0.03544330596923828
0.035307884216308594
0.03181910514831543
0.0314335823059082
0.03121018409729004
0.030742883682250977
0.030603647232055664
0.031161785125732422
0.030796289443969727
0.033448219299316406
0.03348970413208008
0.033766746520996094
0.033431053161621094
0.03319263458251953
0.033408164978027344
0.03356814384460449
0.03277873992919922
0.03282785415649414
0.03337502479553223
0.033392906188964844
0.033057212829589844
0.03334999084472656
0.046216726303100586
0.03717994689941406
0.033933401107788086
0.03413033485412598
0.034239768981933594
0.03361082077026367
0.0333247184753418
0.03385424613952637
0.03466200828552246
0.03368544578552246
0.03408169746398926
0.033539772033691406
0.0337529182434082
0.03426933288574219
0.03412127494812012
0.03404569625854492
0.03421735763549805
0.034523963928222656
0.03437209129333496
0.033783912658691406
0.03409147262573242
0.03358817100524902
0.034430742263793945
0.033792734146118164
0.03366994857788086
0.04259490966796875
0.03321099281311035
0.03401684761047363
0.033935546875
0.03365635871887207
0.03369450569152832
0.04656791687011719
0.045771121978759766
0.03460264205932617
0.033959388732910156
0.03438854217529297
0.035104990005493164
0.03541994094848633
0.03492283821105957
0.05446481704711914
0.033753395080566406
0.033891916275024414
0.03371620178222656
0.03316903114318848
0.033442020416259766
0.0335235595703125
0.033208370208740234
0.03293037414550781
0.03338742256164551
0.03345179557800293
0.032974958419799805
0.03327441215515137
0.03382277488708496
0.03409314155578613
0.03333759307861328
0.03531289100646973
0.03452277183532715
0.03388261795043945
0.03387308120727539
0.033946990966796875
0.03439188003540039
0.03407025337219238
0.03351593017578125
0.034001827239990234
0.034073829650878906
0.03313565254211426
0.034581661224365234
0.03405117988586426
0.0337672233581543
0.03292369842529297
0.03474760055541992
0.035306453704833984
0.03684639930725098
0.03461766242980957
0.03391075134277344
0.03356671333312988
0.03393435478210449
0.03422856330871582
0.03340554237365723
0.03331804275512695
0.03299736976623535
0.034082651138305664
0.03323531150817871
0.05703234672546387
0.034281253814697266
0.040212154388427734
0.05195951461791992
0.04952740669250488
0.034319400787353516
0.031167030334472656
0.03394055366516113
0.03313732147216797
0.03271150588989258
0.034098148345947266
0.032828569412231445
0.03719663619995117
0.046192169189453125
0.035036325454711914
0.048534393310546875
0.033579349517822266
0.034630537033081055
0.032749176025390625
0.033121347427368164
0.03267383575439453
0.03547406196594238
0.03316617012023926
0.033357858657836914
0.03331255912780762
0.03407430648803711
0.033800601959228516
0.03357267379760742
0.0347292423248291
0.033983469009399414
0.03371429443359375
0.03439903259277344
0.03360247611999512
0.03355979919433594
0.0356903076171875
0.03491091728210449
0.034351348876953125
0.030898332595825195
0.030370712280273438
0.030744314193725586
0.034761905670166016
0.031114578247070312
0.03345942497253418
0.033516883850097656
0.034510135650634766
0.03413033485412598
0.03454160690307617
0.033748626708984375
0.030372142791748047
0.03116750717163086
0.03228306770324707
0.031174659729003906
0.0313725471496582
0.03261208534240723
0.03149294853210449
0.03386807441711426
0.03449392318725586
0.03251957893371582
0.03116130828857422
0.030935287475585938
0.030577421188354492
0.031262874603271484
0.03098440170288086
0.03105020523071289
0.030824661254882812
0.03207874298095703
0.03237748146057129
0.03536796569824219
0.032637834548950195
0.03240060806274414
0.031291961669921875
0.031180381774902344
0.031725406646728516
0.03174328804016113
0.034060001373291016
0.03391408920288086
0.03388476371765137
0.03347277641296387
0.031401634216308594
0.031442880630493164
0.0334315299987793
0.03171944618225098
0.03167080879211426
0.03163647651672363
0.0319521427154541
0.03171229362487793
0.0337376594543457
0.03356122970581055
0.033979177474975586
0.03430652618408203
0.03213858604431152
0.03184175491333008
0.031209230422973633
0.03346610069274902
0.030867576599121094
0.03045201301574707
0.03094768524169922
0.030625581741333008
0.03067636489868164
0.0422210693359375
0.031914710998535156
0.04576826095581055
0.03388833999633789
0.03094482421875
0.03046703338623047
0.030141353607177734
0.042878150939941406
0.031800270080566406
0.0459599494934082
0.03515219688415527
0.03410172462463379
0.03441977500915527
0.033057451248168945
0.046373844146728516
0.03345227241516113
0.03371477127075195
0.03358101844787598
0.03349137306213379
0.04713177680969238
0.03319811820983887
0.033142805099487305
0.033394813537597656
0.046227216720581055
0.03499174118041992
0.03415679931640625
0.03406810760498047
0.03411221504211426
0.03353238105773926
0.03417062759399414
0.04394698143005371
0.03412127494812012
0.03697776794433594
0.033144235610961914
0.033556222915649414
0.03362703323364258
0.033380985260009766
0.033225297927856445
0.047942399978637695
0.03186511993408203
0.04204130172729492
0.03362250328063965
0.03318428993225098
0.0433049201965332
0.033557891845703125
0.0338740348815918
0.03399848937988281
0.0339658260345459
0.04465055465698242
0.033628225326538086
0.033857107162475586
0.031111717224121094
0.032438039779663086
0.04593682289123535
0.03514599800109863
0.03802800178527832
0.03411746025085449
0.03389430046081543
0.034342288970947266
0.03595089912414551
0.03436136245727539
0.03333330154418945
0.033593177795410156
0.03396153450012207
0.03307676315307617
0.03304243087768555
0.03325366973876953
0.03373098373413086
0.033492326736450195
0.044870853424072266
0.03467154502868652
0.03141498565673828
0.042345285415649414
0.03971123695373535
0.03383159637451172
0.030570507049560547
0.030539989471435547
0.03090071678161621
0.03414034843444824
0.03343319892883301
0.03124713897705078
0.0312802791595459
0.030826330184936523
0.03082275390625
0.031446218490600586
0.033653974533081055
0.03386569023132324
0.050829410552978516
0.038271427154541016
0.03381848335266113
0.03463339805603027
0.03439664840698242
0.03424072265625
0.03362584114074707
0.030910253524780273
0.033731937408447266
0.034560441970825195
0.03339099884033203
0.04610753059387207
0.03972458839416504
0.03421783447265625
0.034475088119506836
0.03674674034118652
0.03437948226928711
0.0485537052154541
0.033761024475097656
0.04515886306762695
0.03257608413696289
0.03498411178588867
0.03417468070983887
0.034046173095703125
0.033867597579956055
0.03391122817993164
0.03128957748413086
0.03146791458129883
0.03153276443481445
0.03340911865234375
0.03355598449707031
0.03370380401611328
0.03503894805908203
0.03427314758300781
0.04590320587158203
0.035855770111083984
0.05326557159423828
0.03164076805114746
0.030982017517089844
0.03323197364807129
0.045340776443481445
0.03716778755187988
0.04813838005065918
0.04411625862121582
0.033414363861083984
0.03300356864929199
0.03345847129821777
0.033226966857910156
0.033660888671875
0.03377985954284668
0.03307938575744629
0.030486106872558594
0.030953407287597656
0.0307159423828125
0.031248807907104492
0.030902385711669922
0.032623291015625
0.03134560585021973
0.031121492385864258
0.031016111373901367
0.031159162521362305
0.030739545822143555
0.031047344207763672
0.03061985969543457
0.0349879264831543
0.03312945365905762
0.033204078674316406
0.03359532356262207
0.03368568420410156
0.03478646278381348
0.033814191818237305
0.03426504135131836
0.03418612480163574
0.031258344650268555
0.03166770935058594
0.031077146530151367
0.03115057945251465
0.034210920333862305
0.03469228744506836
0.03195667266845703
0.03148341178894043
0.030914306640625
0.04868054389953613
0.05486154556274414
0.0328826904296875
0.031216859817504883
0.03110527992248535
0.031057119369506836
0.030655622482299805
0.030472517013549805
0.03032398223876953
0.03059530258178711
0.030577659606933594
0.031064510345458984
0.030952930450439453
0.030404090881347656
0.03042292594909668
0.03168177604675293
0.030782461166381836
0.030491352081298828
0.03986620903015137
0.032129764556884766
0.03128457069396973
0.031585693359375
0.0315251350402832
0.031978607177734375
0.031167030334472656
0.03160810470581055
0.031273841857910156
0.03138613700866699
0.031078100204467773
0.030474185943603516
0.0305936336517334
0.030499696731567383
0.03045940399169922
0.030753612518310547
0.031061172485351562
0.030757904052734375
0.0310208797454834
0.03106999397277832
0.030673742294311523
0.030327320098876953
0.030422687530517578
0.03035759925842285
0.0318455696105957
0.03371262550354004
0.03379559516906738
0.03391718864440918
0.034528255462646484
0.0333399772644043
0.0333712100982666
0.03879809379577637
0.03396940231323242
0.03333473205566406
0.03389859199523926
0.0337214469909668
0.034201860427856445
0.031583309173583984
0.03217649459838867
0.03439974784851074
0.037802934646606445
0.033791542053222656
0.03583335876464844
0.03504061698913574
0.0346376895904541
0.0338742733001709
0.03144264221191406
0.030925989151000977
0.03333616256713867
0.03385734558105469
0.03193330764770508
0.031126976013183594
0.04243898391723633
0.042847633361816406
0.0333707332611084
0.04436635971069336
0.03422403335571289
0.03494524955749512
0.03323054313659668
0.04522228240966797
0.03331565856933594
0.03380274772644043
0.0333101749420166
0.03332853317260742
0.033223628997802734
0.03628110885620117
0.043863773345947266
0.03339576721191406
0.03481626510620117
0.033438920974731445
0.03486061096191406
0.0341343879699707
0.03362536430358887
0.03071451187133789
0.030948638916015625
0.03064703941345215
0.03149700164794922
0.03040289878845215
0.0310976505279541
0.03110027313232422
0.03126978874206543
0.03246712684631348
0.033541202545166016
0.03384041786193848
0.031529903411865234
0.03290224075317383
0.031225204467773438
0.03422260284423828
0.03389453887939453
0.03373551368713379
0.033492088317871094
0.03473162651062012
0.03435325622558594
0.03433036804199219
0.03434872627258301
0.032747507095336914
0.03225064277648926
0.033054351806640625
0.03999733924865723
0.032190561294555664
0.04678535461425781
0.03245902061462402
0.03199577331542969
0.03086996078491211
0.03093099594116211
0.03136634826660156
0.031642913818359375
0.03395533561706543
0.03372335433959961
0.0340578556060791
0.03205084800720215
0.03096175193786621
0.030771493911743164
0.030925750732421875
0.03192019462585449
0.03136706352233887
0.03122735023498535
0.03121185302734375
0.031114816665649414
0.03175187110900879
0.03048396110534668
0.030792951583862305
0.031031370162963867
0.03156089782714844
0.03073883056640625
0.031217336654663086
0.03975868225097656
0.03122568130493164
0.030577898025512695
0.031014680862426758
0.03048563003540039
0.030965089797973633
0.031174898147583008
0.031685590744018555
0.03085947036743164
0.03098320960998535
0.03145241737365723
0.03160572052001953
0.03053569793701172
0.030724763870239258
0.030636072158813477
0.031824588775634766
0.033979177474975586
0.03821158409118652
0.0334622859954834
0.03430342674255371
0.033344268798828125
0.033382415771484375
0.03439617156982422
0.03345060348510742
0.03366661071777344
0.03422689437866211
0.030973434448242188
0.03147125244140625
0.03389310836791992
0.031502485275268555
0.03472757339477539
0.03402137756347656
0.03998398780822754
0.033687591552734375
0.03410053253173828
0.034037113189697266
0.034116506576538086
0.034978628158569336
0.03565025329589844
0.03575325012207031
0.03417038917541504
0.03448343276977539
0.03381776809692383
0.0338435173034668
0.03359842300415039
0.042490482330322266
0.031253814697265625
0.03114628791809082
0.031189680099487305
0.03390359878540039
0.03372359275817871
0.03446793556213379
0.03417611122131348
0.03459310531616211
0.03462576866149902
0.034212350845336914
0.031903743743896484
0.034538984298706055
0.03854012489318848
0.0454096794128418
0.03392219543457031
0.033174991607666016
0.03359055519104004
0.033452510833740234
0.03376340866088867
0.032964468002319336
0.03360342979431152
0.03135538101196289
0.03397631645202637
0.03370332717895508
0.03375959396362305
0.033385276794433594
0.03399968147277832
0.033411502838134766
0.03352713584899902
0.045896053314208984
0.03345918655395508
0.049471139907836914
0.03969216346740723
0.05040764808654785
0.03954052925109863
0.03468060493469238
0.03498697280883789
0.03502655029296875
0.03448605537414551
0.05771493911743164
0.03233623504638672
1.489786148071289
0.04719209671020508
0.048532724380493164
0.03811359405517578
0.04392075538635254
0.034674644470214844
0.03940105438232422
0.03171682357788086
0.031096935272216797
0.030993223190307617
0.03126215934753418
0.03131985664367676
0.03373432159423828
0.03217339515686035
0.03128790855407715
0.03334689140319824
0.052758216857910156
0.03437066078186035
0.03354144096374512
0.03388476371765137
0.03450131416320801
0.030469417572021484
0.030180931091308594
0.03725576400756836
0.03104090690612793
0.030025482177734375
0.030197858810424805
0.031076669692993164
0.03175806999206543
0.03139328956604004
0.030774593353271484
0.031104326248168945
0.03174304962158203
0.03535580635070801
0.030948162078857422
0.03105950355529785
0.04212355613708496
0.030684232711791992
0.030504465103149414
0.030813217163085938
0.031525373458862305
0.03199458122253418
0.03439974784851074
0.03458285331726074
0.034235239028930664
0.034914255142211914
0.034117937088012695
0.03380990028381348
0.034749507904052734
0.03497767448425293
0.04366922378540039
0.03474926948547363
0.03199911117553711
0.031823158264160156
0.030696630477905273
0.03165292739868164
0.032190561294555664
0.031078577041625977
0.03376889228820801
0.05198931694030762
0.03649544715881348
0.03347206115722656
0.03382468223571777
0.033513784408569336
0.033663272857666016
0.03322482109069824
0.03323054313659668
0.03399991989135742
0.03426671028137207
0.033568382263183594
0.05727553367614746
0.03412199020385742
0.03336763381958008
0.0392758846282959
0.04793286323547363
0.03372907638549805
0.045989990234375
0.03374528884887695
0.047484397888183594
0.035353899002075195
0.03389787673950195
0.048030853271484375
0.03532981872558594
0.033652544021606445
0.04237532615661621
0.03670835494995117
0.034882545471191406
0.03416013717651367
0.03362607955932617
0.033617258071899414
0.034261465072631836
0.03338909149169922
0.03292059898376465
0.03302145004272461
0.03420090675354004
0.03441762924194336
0.035178422927856445
0.03734302520751953
0.038993120193481445
0.033815622329711914
0.033460140228271484
0.0335845947265625
0.03456735610961914
0.03458428382873535
0.033834218978881836
0.033945322036743164
0.03437519073486328
0.03346538543701172
0.03293585777282715
0.032994985580444336
0.032781362533569336
0.03323960304260254
0.032939910888671875
0.0327451229095459
0.033187150955200195
0.03377270698547363
0.05259060859680176
0.042003631591796875
0.03431963920593262
0.033026695251464844
0.03374147415161133
0.03319835662841797
0.03392744064331055
0.03298640251159668
0.033126115798950195
0.045958757400512695
0.03381848335266113
0.03372693061828613
0.03361630439758301
0.03397035598754883
0.033911943435668945
0.03405308723449707
0.03389310836791992
0.034049034118652344
0.033165693283081055
0.033719539642333984
0.033493995666503906
0.033559322357177734
0.03341984748840332
0.03379511833190918
0.033737897872924805
0.03429770469665527
0.0342097282409668
0.03473806381225586
0.03357529640197754
0.034380435943603516
0.03480386734008789
0.03421783447265625
0.03395795822143555
0.04257965087890625
0.03394126892089844
0.03330588340759277
0.03292441368103027
0.033061981201171875
0.03387045860290527
0.0482943058013916
0.038028717041015625
0.043649911880493164
0.030011653900146484
0.030580997467041016
0.03298759460449219
0.03540205955505371
0.03304171562194824
0.03404855728149414
0.032971858978271484
0.03304100036621094
0.03329133987426758
0.03101325035095215
0.030237913131713867
0.033193349838256836
0.046155691146850586
0.03420233726501465
0.03351902961730957
0.036008358001708984
0.0339047908782959
0.033524274826049805
0.0337066650390625
0.03379249572753906
0.03458237648010254
0.03619027137756348
0.03309321403503418
0.03387880325317383
0.04781079292297363
0.04223799705505371
0.034471750259399414
0.0627439022064209
0.03628945350646973
0.035172462463378906
0.03340601921081543
0.030491352081298828
0.030811071395874023
0.0305483341217041
0.03414630889892578
0.030987024307250977
0.03302597999572754
0.03348207473754883
0.04827713966369629
0.03337883949279785
0.033719539642333984
0.030059814453125
0.030469655990600586
0.036841630935668945
0.03135395050048828
0.03110527992248535
0.030884265899658203
0.03179216384887695
0.030627965927124023
0.0332942008972168
0.03362894058227539
0.03100442886352539
0.0304563045501709
0.03050374984741211
0.03039407730102539
0.03162074089050293
0.030808210372924805
0.030916452407836914
0.0310971736907959
0.032053232192993164
0.03128528594970703
0.03165936470031738
0.041838884353637695
0.031078815460205078
0.03036022186279297
0.0304262638092041
0.030186176300048828
0.03414177894592285
0.033493995666503906
0.032892465591430664
0.03353238105773926
0.14400315284729004
0.06514930725097656
0.03364157676696777
0.03289794921875
0.032920122146606445
0.03281283378601074
0.03209114074707031
0.032056570053100586
0.032872915267944336
1.2573528289794922
0.05386090278625488
0.036107778549194336
0.034189462661743164
0.03470611572265625
0.03617143630981445
0.04891228675842285
0.03501081466674805
0.03773093223571777
0.0356450080871582
0.03341221809387207
0.03407740592956543
0.036110877990722656
0.03702998161315918
0.03789019584655762
0.035703182220458984
0.03636765480041504
0.03473520278930664
0.03423810005187988
0.03342103958129883
0.03430294990539551
0.03659677505493164
0.03618168830871582
0.03684568405151367
0.03775334358215332
0.03571510314941406
0.03781294822692871
0.05944681167602539
0.03680419921875
0.03792619705200195
0.036984920501708984
0.03541731834411621
0.03676605224609375
0.039502859115600586
0.03841352462768555
0.03852200508117676
0.03809666633605957
0.03907465934753418
0.03785395622253418
0.036988258361816406
0.03452253341674805
0.0456690788269043
0.03549456596374512
0.046158552169799805
0.03320121765136719
0.04711151123046875
0.03372669219970703
0.03520083427429199
0.04793882369995117
0.041901350021362305
0.03575325012207031
0.1094050407409668
0.03654170036315918
0.03730130195617676
0.0356903076171875
0.03647041320800781
0.04043698310852051
0.036328792572021484
0.03687334060668945
0.03696560859680176
0.036255598068237305
0.0361025333404541
0.03818798065185547
0.03561854362487793
0.033884525299072266
0.035429954528808594
0.033788442611694336
0.03352165222167969
0.033466339111328125
0.0339961051940918
0.03301262855529785
0.05124950408935547
0.03300952911376953
0.045206308364868164
0.03329300880432129
0.036804914474487305
0.03614091873168945
0.036385536193847656
0.03632950782775879
0.03804469108581543
0.03784441947937012
0.0375819206237793
0.03574657440185547
0.0340116024017334
0.033280134201049805
0.033063650131225586
0.03422808647155762
0.032865047454833984
0.03364849090576172
0.03347945213317871
0.03358268737792969
0.0338137149810791
0.033655643463134766
0.033537864685058594
0.03431296348571777
0.03541445732116699
0.03792285919189453
0.03337693214416504
0.03418993949890137
0.03432297706604004
0.03313732147216797
0.03351187705993652
0.03371286392211914
0.033586740493774414
0.03369498252868652
0.033898115158081055
0.037877798080444336
0.05547523498535156
0.03998565673828125
0.03325152397155762
0.03438162803649902
0.10923051834106445
0.05683708190917969
0.03494143486022949
0.046151161193847656
0.04122328758239746
0.044930219650268555
0.03285360336303711
0.034264564514160156
0.03272366523742676
0.035205841064453125
0.042682647705078125
0.035601139068603516
0.03586292266845703
0.03615570068359375
0.036847591400146484
0.035512447357177734
0.0359044075012207
0.05166983604431152
0.04704451560974121
0.03481340408325195
0.03676652908325195
0.038420677185058594
0.03607058525085449
0.039621829986572266
0.03750443458557129
0.0373082160949707
0.03677678108215332
0.03726029396057129
0.03746485710144043
0.037909507751464844
0.03768444061279297
0.04103398323059082
0.03724789619445801
0.03686714172363281
0.03666329383850098
0.03750753402709961
0.03667330741882324
0.03711986541748047
0.033356428146362305
0.03312993049621582
0.03415679931640625
0.03696918487548828
0.03618359565734863
0.036479949951171875
0.03678607940673828
0.03750896453857422
0.03625297546386719
0.06702423095703125
0.03663229942321777
0.035897016525268555
0.03772425651550293
0.03653216361999512
0.0351862907409668
0.042775630950927734
0.03784656524658203
0.03636956214904785
0.03338289260864258
0.047423601150512695
0.0449826717376709
0.04767441749572754
0.10985779762268066
0.03643083572387695
0.03768348693847656
0.0370943546295166
0.03855323791503906
0.03747057914733887
0.03848624229431152
0.036734819412231445
0.03725314140319824
0.03784298896789551
0.03774118423461914
0.03818464279174805
0.03770780563354492
0.036342620849609375
0.03600668907165527
0.03573274612426758
0.03580641746520996
0.0355076789855957
0.03772902488708496
0.03629803657531738
0.051598310470581055
0.049280405044555664
0.03792309761047363
0.03339576721191406
0.04321146011352539
0.042093753814697266
0.03199601173400879
0.0345616340637207
0.03593015670776367
0.03766226768493652
0.03689241409301758
0.03783679008483887
0.036657094955444336
0.03550362586975098
0.0396878719329834
0.03348207473754883
0.033278703689575195
0.03531002998352051
0.0328974723815918
0.03356647491455078
0.032759904861450195
0.0333094596862793
0.03408622741699219
0.03398013114929199
0.03420710563659668
0.035294294357299805
0.03488636016845703
0.03416013717651367
0.03993964195251465
0.03289794921875
0.03428173065185547
0.033745765686035156
0.0334935188293457
0.03300642967224121
0.03483843803405762
0.03322792053222656
0.038588762283325195
0.03880620002746582
0.03786802291870117
0.03558945655822754
0.10857987403869629
0.03708529472351074
0.03737449645996094
0.03455853462219238
0.034693241119384766
0.03216099739074707
0.047994136810302734
0.0345761775970459
0.03272199630737305
0.037303924560546875
0.03680133819580078
0.03868293762207031
0.03613591194152832
0.03642892837524414
0.03701066970825195
0.03605914115905762
0.03578495979309082
0.03879857063293457
0.036528825759887695
0.047745466232299805
0.03578042984008789
0.05672597885131836
0.0401606559753418
0.03652787208557129
0.0439608097076416
0.03624081611633301
0.03638958930969238
0.03709864616394043
0.03601646423339844
0.047797203063964844
0.03632521629333496
0.035288333892822266
0.03554511070251465
0.03615260124206543
0.03607773780822754
0.04444622993469238
0.04021620750427246
0.035369873046875
0.03619194030761719
0.03700828552246094
0.035753726959228516
0.035460710525512695
0.036112308502197266
0.03615617752075195
0.03583097457885742
0.03828716278076172
0.0505681037902832
0.05103945732116699
0.03685307502746582
0.03571367263793945
0.03699302673339844
0.05820107460021973
0.03917527198791504
0.038526058197021484
0.037863731384277344
0.04721689224243164
0.03599262237548828
0.037131547927856445
0.035684823989868164
0.03589916229248047
0.11174654960632324
0.03659868240356445
0.03660726547241211
0.0366363525390625
0.03560996055603027
0.036366939544677734
0.0369420051574707
0.03589987754821777
0.03600668907165527
0.0372159481048584
0.037398576736450195
0.036295175552368164
0.03585362434387207
0.03626513481140137
0.035863399505615234
0.0373225212097168
0.037482500076293945
0.04022955894470215
0.03601574897766113
0.03652334213256836
0.03636336326599121
0.035619497299194336
0.03640580177307129
0.03580117225646973
0.03630208969116211
0.03673148155212402
0.03609490394592285
0.03571295738220215
0.03578615188598633
0.03798103332519531
0.03646707534790039
0.03537297248840332
0.04666638374328613
0.03586435317993164
0.03561568260192871
0.041132211685180664
0.03773641586303711
0.03779864311218262
0.03647327423095703
0.03313803672790527
0.032968759536743164
0.033313751220703125
0.038898468017578125
0.03863835334777832
0.038117408752441406
0.03924560546875
0.038244009017944336
0.0361475944519043
0.041507720947265625
0.03308820724487305
0.03551483154296875
0.04244637489318848
0.03348970413208008
0.03718423843383789
0.04748678207397461
0.03827548027038574
0.03677225112915039
0.03780055046081543
0.03766202926635742
0.036522626876831055
0.11287140846252441
0.04001045227050781
0.040706634521484375
0.03968334197998047
0.03845572471618652
0.039487600326538086
0.0378725528717041
0.03809404373168945
0.03476071357727051
0.03458261489868164
0.037645816802978516
0.033735036849975586
0.0361328125
0.03328752517700195
0.037154436111450195
0.037366390228271484
0.036222219467163086
0.034822940826416016
0.03656959533691406
0.03950834274291992
0.03701496124267578
0.03648209571838379
0.03732562065124512
0.03580284118652344
0.03701305389404297
0.03409457206726074
0.03386950492858887
0.03284597396850586
0.03302335739135742
0.03331875801086426
0.03416252136230469
0.033251047134399414
0.03371834754943848
0.033809661865234375
0.035730600357055664
0.03426408767700195
0.03480720520019531
0.03396153450012207
0.034006357192993164
0.0340726375579834
0.03374600410461426
0.034024953842163086
0.03578758239746094
0.03657245635986328
0.036971330642700195
0.03499293327331543
0.03293180465698242
0.033203840255737305
0.03455209732055664
0.03353261947631836
0.03297781944274902
0.03336906433105469
0.03364419937133789
0.036699771881103516
0.03565716743469238
0.036119937896728516
0.03704047203063965
0.03547334671020508
0.03324389457702637
0.03334212303161621
0.10737133026123047
0.04488778114318848
0.03282427787780762
0.033425092697143555
0.03253054618835449
0.03680825233459473
0.03635001182556152
0.0339810848236084
0.03374981880187988
0.03363490104675293
0.034078359603881836
0.03578472137451172
0.03831052780151367
0.051644325256347656
0.03720211982727051
0.033965349197387695
0.03637075424194336
0.036255598068237305
0.03648114204406738
0.03588557243347168
0.036325693130493164
0.036286115646362305
0.03666853904724121
0.03518033027648926
0.0367884635925293
0.04769301414489746
0.03633999824523926
0.03797268867492676
0.03685808181762695
0.036513566970825195
0.03611350059509277
0.03655600547790527
0.035360097885131836
0.0356292724609375
0.03624677658081055
0.0357668399810791
0.03600621223449707
0.036509037017822266
0.03739356994628906
0.04272913932800293
0.03348088264465332
0.03481602668762207
0.03325152397155762
0.048178911209106445
0.03600955009460449
0.03735709190368652
0.035956382751464844
0.036376237869262695
0.03746771812438965
0.03602480888366699
0.03812289237976074
0.037019968032836914
0.03848576545715332
0.03528404235839844
0.03809332847595215
0.03732895851135254
0.036115169525146484
0.036725759506225586
0.05072760581970215
0.036142826080322266
0.11109566688537598
0.03676009178161621
0.03811168670654297
0.036606550216674805
0.03623461723327637
0.03711295127868652
0.036428213119506836
0.036516666412353516
0.04916787147521973
0.03741312026977539
0.04713845252990723
0.03233671188354492
0.03548383712768555
0.0325617790222168
0.03214669227600098
0.0333552360534668
0.036261558532714844
0.03620433807373047
0.04469013214111328
0.033690452575683594
0.03253912925720215
0.03375244140625
0.03540849685668945
0.03611135482788086
0.036092281341552734
0.03839468955993652
0.03663492202758789
0.03653550148010254
0.0366358757019043
0.035700321197509766
0.036803245544433594
0.03376269340515137
0.034250736236572266
0.03590965270996094
0.03590273857116699
0.03556251525878906
0.03698587417602539
0.03544807434082031
0.0354764461517334
0.03666543960571289
0.035892486572265625
0.036077022552490234
