1.1786165237426758
0.2548248767852783
0.3698711395263672
0.316511869430542
0.5177788734436035
0.10290670394897461
0.4188361167907715
0.12586045265197754
0.09802126884460449
0.16974520683288574
0.22090482711791992
0.19294333457946777
0.24863982200622559
0.0962526798248291
0.11645936965942383
1.1940231323242188
0.12530922889709473
0.07367706298828125
0.18282628059387207
0.1628568172454834
0.24512314796447754
0.07922482490539551
0.11560916900634766
0.21408414840698242
0.0952613353729248
0.10175704956054688
0.12291526794433594
0.3118629455566406
0.23460054397583008
0.13004565238952637
0.45160818099975586
0.15645861625671387
0.15048813819885254
0.09596753120422363
0.1278061866760254
0.12883257865905762
0.09999918937683105
0.1120908260345459
0.10999798774719238
0.1544513702392578
0.1387939453125
0.12549829483032227
0.1494300365447998
0.11454892158508301
0.15621614456176758
0.12930846214294434
3.5671820640563965
0.1377403736114502
0.12662482261657715
0.15320110321044922
0.13538193702697754
0.15819501876831055
0.11246275901794434
0.15065431594848633
0.15109825134277344
0.13562726974487305
0.1401822566986084
0.17017364501953125
0.11545467376708984
0.10811066627502441
0.11978960037231445
0.1503429412841797
0.18874645233154297
0.2072463035583496
0.11334347724914551
0.12204670906066895
0.1248464584350586
0.15169835090637207
0.09717226028442383
0.09581303596496582
0.14476466178894043
0.09511876106262207
0.16142773628234863
0.12068963050842285
0.12331867218017578
0.12794780731201172
0.11465978622436523
0.16152191162109375
0.11583709716796875
0.1465137004852295
0.07930898666381836
0.07025694847106934
0.126054048538208
0.11826467514038086
0.10578441619873047
0.15380001068115234
0.15146493911743164
0.15709638595581055
0.1096489429473877
0.12177228927612305
0.1525287628173828
0.09427690505981445
0.09200096130371094
0.15212440490722656
0.19468116760253906
0.12522459030151367
0.09461021423339844
0.10901427268981934
0.13252639770507812
0.09565591812133789
0.12205290794372559
0.12941193580627441
0.09608221054077148
0.1053466796875
0.16983628273010254
0.11765933036804199
0.1145172119140625
0.1220240592956543
0.07133984565734863
0.12889862060546875
0.13904857635498047
0.09426999092102051
0.08830642700195312
0.1283712387084961
0.1204066276550293
0.11062932014465332
0.14974427223205566
0.11293220520019531
0.1301863193511963
0.13620352745056152
0.06812024116516113
0.11974930763244629
0.14810395240783691
0.12367844581604004
0.14524316787719727
0.08121085166931152
0.08146309852600098
0.16358256340026855
0.11611080169677734
0.1720430850982666
0.09788656234741211
0.1318812370300293
0.1372663974761963
3.26409649848938
0.1185612678527832
0.11144208908081055
0.09058570861816406
0.09871172904968262
0.15556716918945312
0.19165349006652832
0.12057256698608398
0.1308302879333496
0.1196291446685791
0.12104988098144531
0.09950137138366699
0.14056777954101562
0.1234745979309082
0.13261723518371582
0.13526344299316406
0.10766029357910156
0.09608054161071777
0.09706687927246094
0.09396648406982422
0.1105797290802002
0.1155402660369873
0.11437344551086426
0.1781787872314453
0.15145015716552734
0.09949851036071777
0.11930251121520996
0.1034235954284668
0.14156413078308105
0.11222076416015625
0.15072011947631836
0.11620712280273438
0.1104745864868164
0.11890196800231934
0.10187005996704102
0.11027693748474121
0.12023472785949707
0.07531952857971191
0.07960724830627441
0.1332864761352539
0.12878036499023438
0.09128451347351074
0.13953399658203125
0.12265825271606445
0.21198225021362305
0.10236907005310059
0.09230208396911621
0.1162271499633789
0.14208602905273438
0.11151719093322754
0.09888982772827148
0.15245842933654785
0.12529730796813965
0.09197807312011719
0.13706660270690918
0.09572815895080566
0.23339605331420898
0.10742902755737305
0.11251115798950195
0.14788460731506348
0.11611175537109375
0.13332676887512207
0.10203051567077637
0.18233752250671387
0.1411755084991455
0.144669771194458
0.1111295223236084
0.08756637573242188
0.1365823745727539
0.11454033851623535
0.10720157623291016
0.11370635032653809
0.14937186241149902
0.11391234397888184
0.1078789234161377
0.17270755767822266
0.14200496673583984
0.08515810966491699
0.15920090675354004
0.09763646125793457
0.1391468048095703
0.18373632431030273
0.08399057388305664
0.15247893333435059
0.12883305549621582
0.10857629776000977
0.09438920021057129
0.16616129875183105
0.1286940574645996
0.16255903244018555
0.1137397289276123
0.1000523567199707
0.15824437141418457
0.09053421020507812
0.1436939239501953
0.12294220924377441
0.10152316093444824
0.1069343090057373
0.12661123275756836
0.12718534469604492
0.14114904403686523
0.11475086212158203
0.1309962272644043
0.14620590209960938
0.15862178802490234
0.13097548484802246
0.1021413803100586
0.1370539665222168
0.18289422988891602
0.12812161445617676
0.163377046585083
0.13871002197265625
0.10341906547546387
0.12086105346679688
0.11615991592407227
0.12102770805358887
0.11884450912475586
0.12066841125488281
0.11558961868286133
0.11420035362243652
0.1222376823425293
0.12566137313842773
0.18265867233276367
0.10226297378540039
0.11840415000915527
0.08658909797668457
0.1161961555480957
0.11205840110778809
0.10621380805969238
0.11476874351501465
0.1152200698852539
0.19179677963256836
0.21383023262023926
0.09622049331665039
0.09524750709533691
0.11305618286132812
0.1065366268157959
0.10833120346069336
0.11694598197937012
0.0960686206817627
0.10622143745422363
0.11944842338562012
0.0885777473449707
0.06626772880554199
0.14081382751464844
0.1956167221069336
0.10820603370666504
0.07146191596984863
0.13375258445739746
0.14822626113891602
0.10629057884216309
0.1175086498260498
0.07696199417114258
0.17688345909118652
0.10007834434509277
0.1299431324005127
0.09844207763671875
0.07940864562988281
0.1432342529296875
0.11925554275512695
0.1289210319519043
0.08792972564697266
0.11375212669372559
2.9964406490325928
0.13556957244873047
0.13971734046936035
0.09903478622436523
0.1314857006072998
0.1351947784423828
0.15737462043762207
0.0840911865234375
0.12053704261779785
0.17412805557250977
0.11971187591552734
0.12401366233825684
0.12049508094787598
0.114990234375
0.13072609901428223
0.11271119117736816
0.11606812477111816
0.13834547996520996
0.13960528373718262
0.09413003921508789
0.16350007057189941
0.12958240509033203
0.10922598838806152
0.09341597557067871
0.1619718074798584
0.13323307037353516
0.14087724685668945
0.10286140441894531
0.09560704231262207
0.1301581859588623
0.10735297203063965
0.09869885444641113
0.12770676612854004
0.10554265975952148
0.10753202438354492
0.13608574867248535
0.10080838203430176
0.11841559410095215
0.10408186912536621
0.11106681823730469
0.0747840404510498
0.11127567291259766
0.1510310173034668
0.12749958038330078
0.07803821563720703
0.16173362731933594
0.07790279388427734
0.07506251335144043
0.0835263729095459
0.1341691017150879
0.11036992073059082
0.14484357833862305
0.15103960037231445
0.06346940994262695
0.1334519386291504
0.11545920372009277
0.39056944847106934
0.14255189895629883
0.09874939918518066
0.10652494430541992
0.17371392250061035
0.33866095542907715
0.11185479164123535
0.10995268821716309
0.08705973625183105
0.07947635650634766
0.0876619815826416
0.0986790657043457
0.16933369636535645
0.08771991729736328
0.10629081726074219
0.10234928131103516
0.17734122276306152
0.11174249649047852
0.09007477760314941
0.11097931861877441
0.12783288955688477
0.1618797779083252
0.3076443672180176
0.27223777770996094
0.10257315635681152
0.16514015197753906
0.11855864524841309
0.1228325366973877
0.11142563819885254
0.10109710693359375
0.15196585655212402
0.11641812324523926
0.12721872329711914
0.10389280319213867
0.1199793815612793
0.10257792472839355
0.13691067695617676
0.09993243217468262
0.09649872779846191
0.12205791473388672
0.0884866714477539
0.09598875045776367
0.11095643043518066
0.15451598167419434
0.1391739845275879
0.14160966873168945
0.07052755355834961
0.06800389289855957
0.10557031631469727
0.10678219795227051
0.09418058395385742
0.1619579792022705
0.12434148788452148
0.12898492813110352
0.16300272941589355
0.08151721954345703
0.10543656349182129
0.08442926406860352
0.12501788139343262
0.09692955017089844
0.1406538486480713
0.15536928176879883
0.08160662651062012
0.08196544647216797
0.06384944915771484
0.09579896926879883
0.1318964958190918
0.11116194725036621
0.13997507095336914
0.1421372890472412
0.13049888610839844
0.10102295875549316
0.15270519256591797
0.13568782806396484
0.09805512428283691
0.14010882377624512
0.10997152328491211
0.0818321704864502
0.1567075252532959
0.12633991241455078
0.0780634880065918
0.14894795417785645
0.10411310195922852
0.14618444442749023
0.09260439872741699
0.053832054138183594
0.09635663032531738
0.1629490852355957
0.06589269638061523
0.10238122940063477
0.09830141067504883
0.17534661293029785
0.07140541076660156
0.1534409523010254
0.10767793655395508
0.13816523551940918
0.07482004165649414
0.06995892524719238
0.14707565307617188
0.06797981262207031
0.08069062232971191
0.10351419448852539
0.16004276275634766
0.18793988227844238
0.08188939094543457
0.09135222434997559
0.12555813789367676
0.09360003471374512
0.0633847713470459
0.12148523330688477
0.13756155967712402
0.10738611221313477
0.11145424842834473
0.11933565139770508
0.10314679145812988
0.3110642433166504
0.10645318031311035
0.11539220809936523
0.09805107116699219
0.11381936073303223
0.11345458030700684
0.10988688468933105
0.10327672958374023
0.12649297714233398
0.10375595092773438
0.12451982498168945
0.1760709285736084
0.1402738094329834
0.130967378616333
0.23142385482788086
0.0852651596069336
0.13689541816711426
0.12318301200866699
0.10497236251831055
0.13418197631835938
0.07682013511657715
0.14952945709228516
0.0847477912902832
0.10078048706054688
0.10825848579406738
0.07213258743286133
0.08490538597106934
0.20657706260681152
0.09204840660095215
0.09117698669433594
0.10275101661682129
0.15070843696594238
0.1604928970336914
0.21377158164978027
0.1278080940246582
0.10033583641052246
0.14958739280700684
0.12700510025024414
0.10850787162780762
0.2518749237060547
0.12111639976501465
0.16190457344055176
0.09517407417297363
0.16309523582458496
0.14317035675048828
0.15830278396606445
0.08551263809204102
0.12998151779174805
0.11010527610778809
0.10603618621826172
0.15996360778808594
0.09342789649963379
0.1007223129272461
0.11341547966003418
0.14157342910766602
0.12531828880310059
0.1006169319152832
0.09192085266113281
0.09279298782348633
0.15426898002624512
0.17566967010498047
0.11797523498535156
0.1189734935760498
0.08098101615905762
0.1009376049041748
0.12717628479003906
0.11158299446105957
0.08443856239318848
0.12551546096801758
0.11908435821533203
0.09603428840637207
0.317842960357666
0.3146398067474365
0.08095979690551758
0.09219694137573242
0.06363821029663086
0.1564171314239502
0.07440710067749023
0.09359407424926758
0.12026476860046387
0.14829540252685547
0.1485457420349121
0.1333317756652832
0.06937074661254883
0.18370962142944336
0.10347676277160645
0.07902908325195312
0.06950640678405762
0.13444757461547852
0.12105846405029297
0.149613618850708
0.140122652053833
0.09123945236206055
0.15280985832214355
0.06995582580566406
0.08585429191589355
0.14360356330871582
0.13223886489868164
0.10388493537902832
0.13929319381713867
0.1826627254486084
0.15076351165771484
0.1304762363433838
0.10490250587463379
0.10953378677368164
0.1321241855621338
0.10765910148620605
0.12631845474243164
0.1328449249267578
0.07155466079711914
0.1155557632446289
0.11045265197753906
0.1455707550048828
0.13947725296020508
0.13257980346679688
0.11434459686279297
0.172468900680542
0.0879049301147461
0.09240055084228516
0.10986900329589844
0.12856006622314453
0.12576913833618164
0.08522629737854004
0.0887608528137207
0.11944293975830078
0.10439300537109375
0.08748054504394531
0.07407927513122559
0.13357305526733398
0.1554882526397705
0.17649579048156738
0.09573721885681152
0.10862565040588379
0.11082601547241211
0.12052607536315918
0.10208940505981445
0.1421520709991455
0.08096837997436523
0.12962579727172852
0.10141992568969727
0.07098674774169922
0.12795782089233398
0.1182551383972168
0.09678077697753906
0.1599409580230713
0.10864830017089844
0.08803415298461914
0.09796595573425293
0.08595442771911621
0.11515116691589355
0.07607483863830566
0.15916919708251953
0.13968205451965332
0.0947265625
0.12283658981323242
0.11213350296020508
0.13176655769348145
0.12622809410095215
0.24610567092895508
0.10317039489746094
0.09628820419311523
0.11133360862731934
0.1213383674621582
0.11850380897521973
0.0879974365234375
0.09382772445678711
0.13483023643493652
0.1301584243774414
0.09879183769226074
0.12203240394592285
0.1680130958557129
0.17236733436584473
0.12019658088684082
0.11386299133300781
0.1484668254852295
0.07220816612243652
0.13086676597595215
0.12214088439941406
0.13803863525390625
0.1290302276611328
0.11474967002868652
0.07486510276794434
0.10082864761352539
0.10907220840454102
0.07083702087402344
0.16211581230163574
0.09247279167175293
0.16574501991271973
0.12918925285339355
0.08923459053039551
0.1931908130645752
0.09504985809326172
0.08651542663574219
0.12779855728149414
0.12175917625427246
0.15427613258361816
0.1642897129058838
0.07248258590698242
0.10832905769348145
0.1292586326599121
0.10458707809448242
0.0820763111114502
0.10161042213439941
0.06315231323242188
0.0974431037902832
0.16982007026672363
0.0870363712310791
0.0899503231048584
0.08754348754882812
0.14151501655578613
0.06692862510681152
0.13312625885009766
0.1095120906829834
0.07911467552185059
0.11934590339660645
0.11844706535339355
0.17882895469665527
0.13342881202697754
0.15440130233764648
0.07166075706481934
0.09207916259765625
0.13357949256896973
0.15268397331237793
0.09070205688476562
0.08066201210021973
0.09983420372009277
0.11095952987670898
0.14591479301452637
0.056971073150634766
0.1297283172607422
0.0847008228302002
0.1350259780883789
0.07873821258544922
0.12219595909118652
0.11974501609802246
0.16553235054016113
0.09516739845275879
0.11118078231811523
0.07772517204284668
0.13034653663635254
0.09397077560424805
0.1108853816986084
0.09652519226074219
0.10985326766967773
0.13807988166809082
0.12482929229736328
0.2549574375152588
0.09799456596374512
0.06719470024108887
0.09314107894897461
0.16318774223327637
0.06560850143432617
0.1171257495880127
0.10322332382202148
0.13159537315368652
0.131866455078125
0.10915303230285645
0.1410980224609375
0.12353634834289551
0.0850372314453125
0.0932466983795166
0.1105642318725586
0.1183464527130127
0.18238091468811035
0.10305404663085938
0.0913245677947998
0.10209989547729492
0.1231069564819336
0.13849544525146484
0.10405635833740234
0.12137818336486816
0.11585712432861328
0.14252138137817383
0.2751502990722656
0.13768720626831055
0.17436671257019043
0.07213473320007324
0.10564875602722168
0.10765910148620605
0.1309816837310791
0.07975888252258301
0.12808728218078613
0.12189269065856934
0.06090188026428223
0.10551166534423828
0.19687104225158691
0.14522242546081543
0.12935566902160645
0.09831809997558594
0.12157464027404785
0.12715673446655273
0.11476302146911621
0.13468432426452637
0.12584829330444336
0.06763982772827148
0.15001344680786133
0.08502483367919922
0.14850306510925293
0.06952166557312012
0.1191415786743164
0.09934473037719727
0.08957266807556152
0.061167240142822266
0.08600091934204102
0.10888457298278809
0.12605714797973633
0.19704365730285645
0.1643972396850586
0.12083077430725098
0.09492254257202148
0.1133887767791748
0.12877178192138672
0.14133858680725098
0.1413741111755371
0.11161327362060547
0.18433260917663574
0.08230042457580566
0.12200665473937988
0.12345671653747559
0.1024940013885498
0.12329530715942383
0.11740541458129883
0.11087918281555176
0.15276670455932617
0.11469125747680664
0.09815096855163574
0.16025090217590332
0.1288454532623291
0.20006394386291504
0.09386563301086426
0.13025188446044922
0.12042641639709473
0.14487385749816895
0.1112680435180664
0.12341070175170898
0.17111444473266602
0.10082268714904785
0.12843537330627441
0.23418641090393066
0.08159971237182617
0.13091230392456055
0.133148193359375
0.217573881149292
0.14515995979309082
0.09087872505187988
0.1114661693572998
0.11393094062805176
0.07820510864257812
0.09262466430664062
0.06470441818237305
0.12110114097595215
0.13239240646362305
0.12502074241638184
0.09617805480957031
0.13464140892028809
0.08935046195983887
0.08783316612243652
0.09445977210998535
0.4915318489074707
0.11622834205627441
0.12364745140075684
0.12366676330566406
0.06929683685302734
0.3422582149505615
0.13221454620361328
0.07035470008850098
0.1153876781463623
0.19965386390686035
0.064971923828125
0.11677169799804688
0.09056258201599121
0.12105703353881836
0.11277389526367188
0.08876991271972656
0.10343241691589355
0.09585404396057129
0.14161181449890137
0.09130477905273438
0.13802671432495117
0.10885286331176758
0.1151587963104248
0.14055848121643066
0.15828299522399902
0.11504197120666504
0.11707472801208496
0.09078145027160645
0.1015775203704834
0.1156306266784668
0.10254764556884766
0.13936400413513184
0.16915011405944824
0.10005974769592285
0.11411380767822266
0.10866045951843262
0.08473014831542969
0.17002367973327637
0.07180666923522949
0.12541890144348145
0.13446974754333496
0.09384584426879883
0.09069180488586426
0.1298236846923828
0.06770801544189453
0.11831879615783691
0.07328510284423828
0.11514735221862793
0.14216184616088867
0.15870118141174316
0.07372307777404785
0.10675907135009766
0.11055684089660645
0.08725261688232422
0.13504958152770996
0.1127176284790039
0.14275646209716797
0.16900944709777832
0.09885525703430176
0.11233401298522949
0.10358428955078125
0.07847094535827637
0.0930776596069336
0.1153099536895752
0.09202742576599121
0.1742873191833496
0.15734362602233887
0.20261120796203613
0.09657073020935059
0.10608577728271484
0.08417057991027832
0.10868000984191895
0.09357595443725586
0.07083678245544434
0.11291384696960449
0.10746502876281738
0.1446826457977295
0.08786606788635254
0.12243032455444336
0.08888101577758789
0.08338522911071777
0.10302472114562988
0.10705685615539551
0.13959527015686035
0.06379437446594238
0.16361236572265625
0.10816454887390137
0.06639671325683594
0.11505007743835449
0.12717580795288086
0.11602520942687988
0.16228485107421875
0.12484335899353027
0.11129117012023926
0.12190413475036621
0.13540387153625488
0.14696764945983887
0.21180248260498047
0.1063237190246582
0.07845592498779297
0.12039375305175781
0.14509224891662598
0.10791873931884766
0.2734990119934082
0.08138155937194824
0.08855605125427246
0.14406776428222656
0.07201790809631348
0.14030909538269043
0.1270744800567627
0.147050142288208
0.29451441764831543
0.08784103393554688
0.12465882301330566
0.09128642082214355
0.09949707984924316
0.09933686256408691
0.11528301239013672
0.07619643211364746
0.08240461349487305
0.14553236961364746
0.11153793334960938
0.11680173873901367
0.11630368232727051
0.0883786678314209
0.10749673843383789
0.07629132270812988
0.11141753196716309
0.12929773330688477
0.11511850357055664
0.08184242248535156
0.10176920890808105
0.09746623039245605
0.0861215591430664
0.09899663925170898
0.13013005256652832
0.08645915985107422
0.12210965156555176
0.11530637741088867
0.13215374946594238
0.10882425308227539
0.10901832580566406
0.10612273216247559
0.11675643920898438
0.10270023345947266
0.13158369064331055
0.1379244327545166
0.12530946731567383
0.0831754207611084
0.11542963981628418
0.1496884822845459
0.14469051361083984
0.07967519760131836
0.10099172592163086
0.14392495155334473
0.12693428993225098
0.0850074291229248
0.10808014869689941
0.09932446479797363
0.12229323387145996
0.08020734786987305
0.07118654251098633
0.12595081329345703
0.18066716194152832
0.20577788352966309
0.09304547309875488
0.10481929779052734
0.10799956321716309
0.1046605110168457
0.16170144081115723
0.09731554985046387
0.1088399887084961
0.11057090759277344
0.12178516387939453
0.1104898452758789
0.10646581649780273
0.12201261520385742
0.12297534942626953
0.12088513374328613
0.2696652412414551
0.08427929878234863
0.1351628303527832
0.14568614959716797
0.08518099784851074
0.16469740867614746
0.0757148265838623
0.15889930725097656
0.08114051818847656
0.09757041931152344
0.12848711013793945
0.08951830863952637
0.07393074035644531
0.11082625389099121
0.11733198165893555
0.06894326210021973
0.08668208122253418
0.10325860977172852
0.15120506286621094
0.07135629653930664
0.11415290832519531
0.10469651222229004
0.06832098960876465
0.1000063419342041
0.08825469017028809
0.12213492393493652
0.1385819911956787
0.10047459602355957
0.08587980270385742
0.09938573837280273
0.09432840347290039
0.12826800346374512
0.18150973320007324
0.09869241714477539
0.11463069915771484
0.1073453426361084
0.1371142864227295
0.1979377269744873
0.08505702018737793
0.1348268985748291
0.06778287887573242
0.08762931823730469
0.11129951477050781
0.09696125984191895
0.07683491706848145
0.11038994789123535
0.1112217903137207
0.11493277549743652
0.11239743232727051
0.11499691009521484
0.14366388320922852
0.17568254470825195
0.2169795036315918
0.10759496688842773
0.06856584548950195
0.29705142974853516
0.10193443298339844
0.1191866397857666
0.08311724662780762
0.16156363487243652
0.0733346939086914
0.10114049911499023
0.10412406921386719
0.08377313613891602
0.09332680702209473
0.07475399971008301
0.08289909362792969
0.11572933197021484
0.10710334777832031
0.10862350463867188
0.1126863956451416
0.11136412620544434
0.11374235153198242
0.07691597938537598
0.10303378105163574
0.08994150161743164
0.10985541343688965
0.09320497512817383
0.09504461288452148
0.07219839096069336
0.07025337219238281
0.10316848754882812
0.09396839141845703
0.1693432331085205
0.12673616409301758
0.11359786987304688
0.1742866039276123
0.07095718383789062
0.10627865791320801
0.10863924026489258
0.12142252922058105
0.10985088348388672
0.16167497634887695
0.1064615249633789
0.11613965034484863
0.09954524040222168
0.07643508911132812
0.11758947372436523
0.1269683837890625
0.09058904647827148
0.12031745910644531
0.09260082244873047
0.16299176216125488
0.12053036689758301
0.12232303619384766
0.11840224266052246
0.09789872169494629
0.08550548553466797
0.16820359230041504
0.08833670616149902
0.15192461013793945
0.10701704025268555
0.10338592529296875
0.13806772232055664
0.14620423316955566
0.16491007804870605
0.13895273208618164
0.13928723335266113
0.1210317611694336
0.13771462440490723
0.06468319892883301
0.16702651977539062
0.09958720207214355
0.09065914154052734
0.14986157417297363
0.19049644470214844
0.257735013961792
0.13220977783203125
0.1902143955230713
0.06836080551147461
0.11321663856506348
0.12543988227844238
0.08844137191772461
0.09771990776062012
0.10550594329833984
0.14128375053405762
0.1593029499053955
0.17991375923156738
0.08984780311584473
0.06060051918029785
0.07773947715759277
0.14971065521240234
0.11197209358215332
0.12199759483337402
0.1680457592010498
0.11224627494812012
0.08062267303466797
0.15126276016235352
0.13849973678588867
0.13046956062316895
0.10748124122619629
0.08865737915039062
0.15298891067504883
0.12608623504638672
0.10898733139038086
0.11451387405395508
0.09419918060302734
0.07701373100280762
0.09926199913024902
0.11446475982666016
0.1360454559326172
0.13854360580444336
0.09736180305480957
0.11297392845153809
0.08026719093322754
0.10053849220275879
0.12451171875
0.08674502372741699
0.1110391616821289
0.13689589500427246
0.09365200996398926
0.06716275215148926
0.10268759727478027
0.1483767032623291
0.0868527889251709
0.0735316276550293
0.12106537818908691
0.13558578491210938
0.12085962295532227
0.07804346084594727
0.12729954719543457
0.14753460884094238
0.09743666648864746
0.20090699195861816
0.17220091819763184
0.09601807594299316
0.09481978416442871
0.0689542293548584
0.07764983177185059
0.13100934028625488
0.07164144515991211
0.12541651725769043
0.15668082237243652
0.13698959350585938
0.16225075721740723
0.10768914222717285
0.11390256881713867
0.09534955024719238
0.11611723899841309
0.1328134536743164
0.16163039207458496
0.06729960441589355
0.10904240608215332
0.11764836311340332
0.14481401443481445
0.10145282745361328
0.10861086845397949
0.10503768920898438
0.09457111358642578
0.060869693756103516
0.1776421070098877
0.06035947799682617
0.10290265083312988
0.061513662338256836
0.1377863883972168
0.10077881813049316
0.05926513671875
0.13367843627929688
0.06907129287719727
0.12254190444946289
0.10684657096862793
0.1315937042236328
0.09427881240844727
0.08067107200622559
0.09452939033508301
0.11102652549743652
0.14799022674560547
0.10024499893188477
0.06594038009643555
0.07386541366577148
0.0964808464050293
0.07054781913757324
0.15126824378967285
0.13266348838806152
0.11844158172607422
0.10154581069946289
0.15269899368286133
0.08736538887023926
0.07462120056152344
0.1261005401611328
0.10411977767944336
0.11210393905639648
0.10587596893310547
0.12684321403503418
0.1087801456451416
0.08996772766113281
0.11327791213989258
0.11922025680541992
0.058539628982543945
0.11250591278076172
0.12577056884765625
0.15269017219543457
0.09479069709777832
0.09030532836914062
0.10697269439697266
0.11168026924133301
0.06877517700195312
0.1097710132598877
0.07924556732177734
0.15616059303283691
0.1300048828125
0.1298069953918457
0.09386110305786133
0.10601019859313965
0.10898375511169434
0.08160567283630371
0.4015321731567383
0.12326908111572266
0.16797494888305664
0.08324646949768066
0.09555578231811523
0.11037731170654297
0.10629081726074219
0.13077640533447266
0.11193227767944336
0.07410550117492676
0.12401747703552246
0.10845541954040527
0.07233524322509766
0.14601635932922363
0.1323258876800537
0.13823199272155762
0.10648202896118164
0.08702969551086426
0.09826850891113281
0.0851290225982666
0.07247185707092285
0.10018730163574219
0.14319968223571777
0.14190196990966797
0.10444378852844238
0.1359097957611084
0.16761422157287598
0.09487366676330566
0.08543992042541504
0.10120987892150879
0.08903861045837402
0.10825181007385254
0.1256103515625
0.12761521339416504
0.0946035385131836
0.08067059516906738
0.13048338890075684
0.1484684944152832
0.07674264907836914
0.16797375679016113
0.09353208541870117
0.07679986953735352
0.11699438095092773
0.08692479133605957
0.1676945686340332
0.19488120079040527
0.09044480323791504
0.16940093040466309
0.11166739463806152
0.4412038326263428
0.21603131294250488
0.16384410858154297
0.18690967559814453
0.10298466682434082
0.1799769401550293
0.15806913375854492
0.1716933250427246
0.07022643089294434
0.11236572265625
0.12759089469909668
0.3610379695892334
0.13825035095214844
0.1945507526397705
0.06979846954345703
0.07647919654846191
0.1283416748046875
0.07513713836669922
0.12971019744873047
0.09316301345825195
0.10543608665466309
0.1618208885192871
0.13821053504943848
0.15814685821533203
0.10665059089660645
0.06825900077819824
0.12432289123535156
0.08463668823242188
0.17543745040893555
0.09998297691345215
0.15860533714294434
0.1279585361480713
0.13411307334899902
0.12842345237731934
0.1110849380493164
0.13597869873046875
0.10176944732666016
0.14766550064086914
0.0723414421081543
0.1660926342010498
0.07241344451904297
0.1413729190826416
0.11835026741027832
0.08449268341064453
0.12611055374145508
0.11746644973754883
0.15592002868652344
0.08909797668457031
0.12666082382202148
0.08141398429870605
0.11630439758300781
0.11686563491821289
0.12265205383300781
0.15104126930236816
0.11491084098815918
0.1085050106048584
0.11876606941223145
0.07656383514404297
0.2692229747772217
0.1482381820678711
0.12285375595092773
0.08513879776000977
0.10241961479187012
0.11359000205993652
0.09012985229492188
0.11325931549072266
0.1383371353149414
0.13216710090637207
0.10429906845092773
0.09713006019592285
0.1367473602294922
0.08736538887023926
0.15550994873046875
0.12807869911193848
0.15314030647277832
0.1217951774597168
0.13271331787109375
0.20367145538330078
0.17333316802978516
0.07041263580322266
0.16641521453857422
0.15642976760864258
0.14074182510375977
0.16903162002563477
0.1041865348815918
0.17720866203308105
0.12477803230285645
0.1413562297821045
0.08671426773071289
0.10480427742004395
0.0964658260345459
0.10283327102661133
0.11042356491088867
0.09392762184143066
0.10099649429321289
0.0935831069946289
0.1048734188079834
0.11062812805175781
0.10527825355529785
0.07869505882263184
0.08293986320495605
0.11269068717956543
0.0749824047088623
0.09916377067565918
0.08640742301940918
0.1440134048461914
0.11443519592285156
0.17077040672302246
0.1822190284729004
0.08427715301513672
0.07862520217895508
0.1087639331817627
0.12501883506774902
0.08974552154541016
0.12289977073669434
0.08738374710083008
0.11586666107177734
0.14702773094177246
0.11842083930969238
0.0935063362121582
0.10478544235229492
0.14089035987854004
0.3427150249481201
0.09377646446228027
0.13512921333312988
0.06870841979980469
0.12423849105834961
0.11387276649475098
0.11177515983581543
0.11822295188903809
0.10275506973266602
0.0908210277557373
0.11884760856628418
0.14124822616577148
0.08745765686035156
0.11313581466674805
0.10027527809143066
0.0758066177368164
0.18478012084960938
0.06990861892700195
0.08754491806030273
0.09305667877197266
0.06998419761657715
0.09851479530334473
0.14603638648986816
0.09610342979431152
0.09200835227966309
0.1279621124267578
0.09401702880859375
0.1134653091430664
0.16121792793273926
0.1706249713897705
0.10845017433166504
0.11165356636047363
0.1247415542602539
0.1585831642150879
0.08855366706848145
0.1758253574371338
0.135880708694458
0.12439513206481934
0.1256260871887207
0.16518807411193848
0.31171607971191406
0.2579917907714844
0.11079835891723633
0.14708566665649414
0.10289597511291504
0.1071786880493164
0.08756852149963379
0.08007502555847168
0.07970142364501953
0.1270761489868164
0.11758947372436523
0.12128686904907227
0.13618230819702148
0.09260773658752441
0.15717387199401855
0.158738374710083
0.09230613708496094
0.09578585624694824
0.10213041305541992
0.10890865325927734
0.1491701602935791
0.09874844551086426
0.15050578117370605
0.09467363357543945
0.08632779121398926
0.1571645736694336
0.08667969703674316
0.10912704467773438
0.06794190406799316
0.08892226219177246
0.14915251731872559
0.17014408111572266
0.09000229835510254
0.10406088829040527
0.1167140007019043
0.16754150390625
0.14496946334838867
0.09921145439147949
0.13285303115844727
0.09241485595703125
0.12839674949645996
0.10425639152526855
0.11643528938293457
0.08160662651062012
0.14273834228515625
0.10276246070861816
0.0699012279510498
0.08701276779174805
0.08594655990600586
0.1364147663116455
0.1318199634552002
0.17122793197631836
0.11074090003967285
0.08369874954223633
0.1204993724822998
0.10727047920227051
0.12399482727050781
0.08735918998718262
0.0677790641784668
0.08438944816589355
0.09568023681640625
0.06189298629760742
0.1327505111694336
0.14104342460632324
0.08897161483764648
0.13575363159179688
0.12651729583740234
0.09454846382141113
0.06258082389831543
0.12201428413391113
0.11993670463562012
0.13630199432373047
0.13178730010986328
0.12208986282348633
0.15769577026367188
0.17531061172485352
0.06534528732299805
0.13170695304870605
0.10564184188842773
0.11583089828491211
0.11732006072998047
0.12310147285461426
0.08673882484436035
0.13480854034423828
0.10416293144226074
0.09523487091064453
0.08979344367980957
0.0894467830657959
0.15581488609313965
0.12386274337768555
0.1421494483947754
0.10488080978393555
0.13112616539001465
0.15577268600463867
0.1517014503479004
0.09197640419006348
0.16998052597045898
0.11493968963623047
0.09078025817871094
0.13672423362731934
0.093475341796875
0.10376739501953125
0.08954071998596191
0.1145784854888916
0.09652090072631836
0.06343221664428711
0.13375544548034668
0.13065052032470703
0.11662650108337402
0.13216781616210938
0.07316374778747559
0.10822868347167969
0.12221717834472656
0.11942458152770996
0.0951848030090332
0.10144758224487305
0.1177976131439209
0.11605358123779297
0.12726068496704102
0.1319901943206787
0.0870661735534668
0.11492753028869629
0.12438511848449707
0.15360736846923828
0.11666417121887207
0.1170353889465332
0.08717226982116699
0.10432100296020508
0.11282634735107422
0.16307640075683594
0.13924169540405273
0.09232187271118164
0.09222912788391113
0.09406208992004395
0.1050422191619873
0.12098932266235352
0.0762777328491211
0.10157632827758789
0.09563302993774414
0.10567784309387207
0.11174321174621582
0.1261441707611084
0.11291146278381348
0.17937421798706055
0.06398129463195801
0.09669899940490723
0.09565401077270508
0.12734365463256836
0.11229610443115234
0.1721968650817871
0.1161644458770752
0.09543848037719727
0.15874528884887695
0.08449244499206543
0.07602620124816895
0.1413881778717041
0.10590314865112305
0.07365894317626953
0.12830567359924316
0.12230324745178223
0.12653899192810059
0.1405777931213379
0.06086897850036621
0.11322927474975586
0.11466813087463379
0.11372971534729004
0.09550881385803223
0.0814816951751709
0.13830137252807617
0.17351579666137695
0.11537432670593262
0.10661458969116211
0.10757064819335938
0.08015894889831543
0.11460399627685547
0.06965923309326172
0.12035036087036133
0.0803532600402832
0.12818598747253418
0.12406682968139648
0.08954691886901855
0.08865499496459961
0.13104534149169922
0.2222599983215332
0.16454362869262695
0.11081123352050781
0.28075194358825684
0.23054027557373047
0.16639924049377441
0.11998271942138672
0.1294102668762207
0.17128586769104004
0.13470149040222168
0.10820174217224121
0.14073729515075684
0.08535528182983398
0.14720916748046875
0.11627483367919922
0.06463360786437988
0.1364433765411377
0.11347723007202148
0.07180356979370117
0.1512899398803711
0.12144207954406738
0.13078904151916504
0.156144380569458
0.09372711181640625
0.10338807106018066
0.15909171104431152
0.10942983627319336
0.13209867477416992
0.16855239868164062
0.06490969657897949
0.08559870719909668
0.17703628540039062
0.08013153076171875
0.1446361541748047
0.12663841247558594
0.10731220245361328
0.09256434440612793
0.16851258277893066
0.07566642761230469
0.39740657806396484
0.12479090690612793
0.17476725578308105
0.14409995079040527
0.12507057189941406
0.19559216499328613
0.12732267379760742
0.13123011589050293
0.14719104766845703
0.1225435733795166
0.10179734230041504
0.145827054977417
0.13442611694335938
0.1445450782775879
0.07041001319885254
0.17007112503051758
0.12434625625610352
0.12075924873352051
0.09976458549499512
0.09850144386291504
0.10359978675842285
0.0865175724029541
0.11141514778137207
0.09781289100646973
0.1247401237487793
0.1387643814086914
0.1609342098236084
0.15010523796081543
0.11151909828186035
0.11648821830749512
0.12659978866577148
0.11391520500183105
0.13031625747680664
0.2599477767944336
0.19990873336791992
0.1373293399810791
0.09458208084106445
0.11540555953979492
0.1561872959136963
0.12639689445495605
0.08823180198669434
0.09447646141052246
0.16553449630737305
0.1472029685974121
0.13068509101867676
0.10259509086608887
0.16676020622253418
0.16309595108032227
0.1909198760986328
0.0797269344329834
0.12121868133544922
0.15098190307617188
0.14768195152282715
0.07044649124145508
0.07499217987060547
0.1545121669769287
0.07555413246154785
0.06404805183410645
0.16380834579467773
0.08111715316772461
0.12811779975891113
0.11166024208068848
0.09934449195861816
0.13522696495056152
0.09864282608032227
0.34581708908081055
0.19342494010925293
0.1115877628326416
0.10526609420776367
0.12523746490478516
0.16133451461791992
0.09680485725402832
0.12333369255065918
0.10579109191894531
0.07474422454833984
0.10840916633605957
0.09384393692016602
0.10198831558227539
0.09434676170349121
0.17687225341796875
0.10064363479614258
0.12013769149780273
0.14045333862304688
0.1440873146057129
0.11002802848815918
0.1314384937286377
0.12711715698242188
0.1102609634399414
0.11111044883728027
0.08983063697814941
0.11626768112182617
0.0956580638885498
0.09261322021484375
0.1260073184967041
0.07943868637084961
0.10192608833312988
0.11584329605102539
0.13817811012268066
0.07124686241149902
0.06393289566040039
0.08064794540405273
0.10790681838989258
0.12203097343444824
0.11993169784545898
0.1172170639038086
0.10963773727416992
0.16985058784484863
0.12007498741149902
0.0868067741394043
0.11178112030029297
0.12758636474609375
0.09667062759399414
0.11614036560058594
0.12948107719421387
0.07935619354248047
0.06611371040344238
0.11956143379211426
0.12088704109191895
0.12335681915283203
0.1368391513824463
0.17106127738952637
0.10620570182800293
0.12281298637390137
0.1353590488433838
0.10341358184814453
0.10979843139648438
0.1078195571899414
0.2652933597564697
0.0959775447845459
0.14109039306640625
0.11887931823730469
0.18542790412902832
0.17821311950683594
0.11470365524291992
0.07067608833312988
0.13877415657043457
0.33832263946533203
0.3390662670135498
0.14736247062683105
0.10236144065856934
0.11230063438415527
0.10240936279296875
0.09992384910583496
0.11861872673034668
0.11351275444030762
0.11493706703186035
0.125349760055542
0.12228107452392578
0.10796260833740234
0.0754694938659668
0.21274089813232422
0.10931229591369629
0.087554931640625
0.06772303581237793
0.11947417259216309
0.1290597915649414
0.09440422058105469
0.07979202270507812
0.10461187362670898
0.09480524063110352
0.21294164657592773
0.08342814445495605
0.19461607933044434
0.15903687477111816
0.08384585380554199
0.07269144058227539
0.11372089385986328
0.12598943710327148
0.0826268196105957
0.10633039474487305
0.12268948554992676
0.12890386581420898
0.1520388126373291
0.08761906623840332
0.06656694412231445
0.13765478134155273
0.10368728637695312
0.12428927421569824
0.09434032440185547
0.10185027122497559
0.08635330200195312
0.08699369430541992
0.1575911045074463
0.1337597370147705
0.13333678245544434
0.08004045486450195
0.1512129306793213
0.0724172592163086
0.10686922073364258
0.14592218399047852
0.13779115676879883
0.06863594055175781
0.09208440780639648
0.12919116020202637
0.0737001895904541
0.14382648468017578
0.12610220909118652
0.1042184829711914
0.1434006690979004
0.11775445938110352
0.11020779609680176
0.07196211814880371
0.0735929012298584
0.13119888305664062
0.08695411682128906
0.10552668571472168
0.1224360466003418
0.11787986755371094
0.18714189529418945
0.08987545967102051
0.24064421653747559
0.11015820503234863
0.13022208213806152
0.11104583740234375
0.12128305435180664
0.1578078269958496
0.08105158805847168
0.10291218757629395
0.1535348892211914
0.08977055549621582
0.16121983528137207
0.20479488372802734
0.09686994552612305
0.1058807373046875
0.13544654846191406
0.1745145320892334
0.11528301239013672
0.26021599769592285
0.1119375228881836
0.09825754165649414
0.10758090019226074
0.16070294380187988
0.11235857009887695
0.12994766235351562
0.08436465263366699
0.11351537704467773
0.06814336776733398
0.11021685600280762
0.07364153861999512
0.13173580169677734
0.08199620246887207
0.10253047943115234
0.13495612144470215
0.08520674705505371
0.09436893463134766
0.10800433158874512
0.13515853881835938
0.13204145431518555
0.14253711700439453
0.15190577507019043
0.09241223335266113
0.06945228576660156
0.07360363006591797
0.10258293151855469
0.1259746551513672
0.10947227478027344
0.1027834415435791
0.09131550788879395
0.10986590385437012
0.1165611743927002
0.08879637718200684
0.10081648826599121
0.08469414710998535
0.10155010223388672
0.12896227836608887
0.16834330558776855
0.16770648956298828
0.07871627807617188
0.10682988166809082
0.09473347663879395
0.10249137878417969
0.11252641677856445
0.12429213523864746
0.1377732753753662
0.09781646728515625
0.08878660202026367
0.08785128593444824
0.14183259010314941
0.12185835838317871
0.09645342826843262
0.12393665313720703
0.16321086883544922
0.11100530624389648
0.09055304527282715
0.13640046119689941
0.08556103706359863
0.09714245796203613
0.11942601203918457
0.12826180458068848
0.11304688453674316
0.10628080368041992
0.17336058616638184
0.10342907905578613
0.1085977554321289
0.09824919700622559
0.10403728485107422
0.11912393569946289
0.11762475967407227
0.11251211166381836
0.09312772750854492
0.10701179504394531
0.11977672576904297
0.12581110000610352
0.1497797966003418
0.10321378707885742
0.12350130081176758
0.09295344352722168
0.13222432136535645
0.10817122459411621
0.1695563793182373
0.1663351058959961
0.0982828140258789
0.13997983932495117
0.10620880126953125
0.12308120727539062
0.09008169174194336
0.16292762756347656
0.09434199333190918
0.15176153182983398
0.09401202201843262
0.11988496780395508
0.12297272682189941
0.15453004837036133
0.13021540641784668
0.13443613052368164
0.10742759704589844
0.08721446990966797
0.11277437210083008
0.16809749603271484
0.07746338844299316
0.16616487503051758
0.09035372734069824
0.15886902809143066
0.13909173011779785
0.11327862739562988
0.12438464164733887
0.1465623378753662
0.10621023178100586
0.1174001693725586
0.15337371826171875
0.14425277709960938
0.14472174644470215
0.11286711692810059
0.09020686149597168
0.1026313304901123
0.11101055145263672
0.12946653366088867
0.13734674453735352
0.19008302688598633
0.12169885635375977
0.1280834674835205
0.14898920059204102
0.13696002960205078
0.1449263095855713
0.09303808212280273
0.17123794555664062
0.11433005332946777
0.14752745628356934
0.11041617393493652
0.07277798652648926
0.16869020462036133
0.13702893257141113
0.14866375923156738
0.09778141975402832
0.07873797416687012
0.10250139236450195
0.13364171981811523
0.0908362865447998
0.1340641975402832
0.11365032196044922
0.08323001861572266
0.09387755393981934
0.08266282081604004
0.09114742279052734
0.13922333717346191
0.08947873115539551
0.08695769309997559
0.12618160247802734
0.11451959609985352
0.11529850959777832
0.15884757041931152
0.10623598098754883
0.11958646774291992
0.14507794380187988
0.0879218578338623
0.14948678016662598
0.1427898406982422
0.11482858657836914
0.10695505142211914
0.11757516860961914
0.1308906078338623
0.14092040061950684
0.0883185863494873
0.08780407905578613
0.09886407852172852
0.13767528533935547
0.12017655372619629
0.11255741119384766
0.1271684169769287
0.10542106628417969
0.20541930198669434
0.08139419555664062
0.10929226875305176
0.12619590759277344
0.1307542324066162
0.1147298812866211
0.07868409156799316
0.09340596199035645
0.11737561225891113
0.10211706161499023
0.12849688529968262
0.14229130744934082
0.23950672149658203
0.12263727188110352
0.10520672798156738
0.10557937622070312
0.12391996383666992
0.11574864387512207
0.18665480613708496
0.10769772529602051
0.12456631660461426
0.11022281646728516
0.1367194652557373
0.14388298988342285
0.31009364128112793
0.11828184127807617
0.1188805103302002
0.11269855499267578
0.11622977256774902
0.09178805351257324
0.1584160327911377
0.11396670341491699
0.08987164497375488
0.08885598182678223
0.08412790298461914
0.17454171180725098
0.07779884338378906
0.109161376953125
0.09191608428955078
0.07916498184204102
0.12966251373291016
0.14102792739868164
0.11796736717224121
0.10863804817199707
0.14092135429382324
0.07602238655090332
0.10590720176696777
0.12824130058288574
0.13432955741882324
0.14194083213806152
0.09447669982910156
0.19332242012023926
0.1502094268798828
0.39875197410583496
0.10564184188842773
0.10294747352600098
0.14749813079833984
0.13928580284118652
0.12774276733398438
0.15591740608215332
0.08298015594482422
0.08022022247314453
0.10455083847045898
0.09498333930969238
0.12035822868347168
0.10836195945739746
0.09982681274414062
0.22094106674194336
0.0809476375579834
0.09923028945922852
0.1387624740600586
0.09064149856567383
0.10650277137756348
0.10306215286254883
0.11044979095458984
0.16866803169250488
0.13549399375915527
0.08352947235107422
0.09211182594299316
0.10394096374511719
0.10858893394470215
0.20653247833251953
0.10053133964538574
0.09399032592773438
0.08946824073791504
0.1285078525543213
0.12853050231933594
0.14751958847045898
0.07865643501281738
0.10548186302185059
0.11478948593139648
0.10118365287780762
0.11049199104309082
0.11066675186157227
0.14029932022094727
0.14637351036071777
0.19251561164855957
0.15314555168151855
0.1481332778930664
0.3228919506072998
0.3258669376373291
0.09876728057861328
0.12113690376281738
0.13692760467529297
0.1751406192779541
0.07750916481018066
0.1733548641204834
0.18984770774841309
0.0820457935333252
0.17283296585083008
0.07113957405090332
0.06438231468200684
0.10830020904541016
0.1264336109161377
0.10591387748718262
0.14870738983154297
0.11183524131774902
0.11310029029846191
0.13052678108215332
0.12417745590209961
0.16996335983276367
0.10047006607055664
0.11283469200134277
0.12456130981445312
0.0788569450378418
0.09382963180541992
0.11346936225891113
0.11199641227722168
0.1289827823638916
0.11602377891540527
0.0811617374420166
0.16028976440429688
0.1376514434814453
0.07592654228210449
0.11119222640991211
0.10226583480834961
0.20913457870483398
0.10141444206237793
0.10667252540588379
0.06457948684692383
0.09992408752441406
0.09178519248962402
0.08124709129333496
0.11258411407470703
0.11558413505554199
0.18327665328979492
0.1274576187133789
0.11719417572021484
0.16234707832336426
0.3400099277496338
0.09837865829467773
0.09114933013916016
0.12180423736572266
0.1502058506011963
0.15088558197021484
0.12271857261657715
0.15856194496154785
0.10956954956054688
0.0662832260131836
0.1680445671081543
0.1401352882385254
0.12262392044067383
0.22766971588134766
0.12454509735107422
0.1273822784423828
0.09762215614318848
0.16686558723449707
0.18185186386108398
0.12510967254638672
0.1688246726989746
0.17862343788146973
0.13666486740112305
0.19558143615722656
0.2265617847442627
0.08523344993591309
0.08368992805480957
0.126434326171875
0.1589648723602295
0.17076563835144043
0.1637871265411377
0.2725944519042969
0.14821839332580566
0.15824222564697266
0.13422036170959473
0.08597779273986816
0.12394142150878906
0.08342838287353516
0.17896318435668945
0.16481947898864746
0.15501856803894043
0.1008000373840332
0.10556197166442871
0.08657407760620117
0.12378144264221191
0.09871363639831543
0.10308408737182617
0.13989663124084473
0.15378189086914062
0.09731745719909668
0.09811949729919434
0.11576962471008301
0.16786694526672363
0.10540175437927246
0.1061563491821289
0.12255358695983887
0.10212326049804688
0.12377643585205078
0.13638591766357422
0.08153700828552246
0.10563826560974121
0.10545825958251953
0.10353589057922363
0.09013819694519043
0.1185598373413086
0.16021013259887695
0.12713885307312012
0.07936596870422363
0.10535120964050293
0.09161019325256348
0.13193392753601074
0.09168696403503418
0.12274813652038574
0.06775069236755371
0.07171750068664551
0.14757728576660156
0.18312668800354004
0.11587238311767578
0.13339638710021973
0.1327824592590332
0.13560819625854492
0.13097119331359863
0.1342029571533203
0.14644718170166016
0.12694549560546875
0.1336972713470459
0.1275937557220459
0.10453200340270996
0.07650327682495117
0.16024327278137207
0.14209699630737305
0.1080014705657959
0.0922539234161377
0.0926213264465332
0.08983659744262695
0.09462141990661621
0.11388850212097168
0.11887645721435547
0.09405970573425293
0.10082077980041504
0.1197652816772461
0.120208740234375
0.12123751640319824
0.09702062606811523
0.1144416332244873
0.11457085609436035
0.10190987586975098
0.13458681106567383
0.10746645927429199
0.09881591796875
0.13601040840148926
0.15497493743896484
0.13646626472473145
0.07868838310241699
0.12415170669555664
0.11215686798095703
0.15473031997680664
0.09528970718383789
0.14800047874450684
0.13977622985839844
0.34769511222839355
0.1547234058380127
0.22101187705993652
0.10483908653259277
0.11177611351013184
0.09485769271850586
0.11850380897521973
0.1641552448272705
0.11059784889221191
0.15201973915100098
0.0992288589477539
0.10647773742675781
0.1354966163635254
0.05540943145751953
0.16212749481201172
0.09883832931518555
0.10510611534118652
0.12254858016967773
0.10279726982116699
0.08678770065307617
0.11864781379699707
0.11091160774230957
0.10449576377868652
0.1268482208251953
0.12404513359069824
0.10499787330627441
0.08917236328125
0.08281826972961426
0.11342954635620117
0.12212705612182617
0.1018221378326416
0.09364533424377441
0.0829153060913086
0.08236384391784668
0.16313552856445312
0.10364603996276855
0.0907294750213623
0.13413023948669434
0.11966061592102051
0.10456228256225586
0.0720369815826416
0.10490083694458008
0.10937047004699707
0.08629918098449707
0.08549928665161133
0.13676857948303223
0.07912158966064453
0.09080147743225098
0.11629414558410645
0.14725852012634277
0.11405611038208008
0.10211944580078125
0.13206815719604492
0.1300487518310547
0.19089007377624512
0.13835835456848145
0.08876657485961914
0.09834766387939453
0.07063555717468262
0.07756614685058594
0.12393021583557129
0.09608173370361328
0.10133123397827148
0.12679433822631836
0.11518716812133789
0.12069177627563477
0.10614538192749023
0.1240241527557373
0.1352555751800537
0.09683108329772949
0.10556697845458984
0.13457608222961426
0.11101317405700684
0.07229161262512207
0.13544487953186035
0.10526657104492188
0.09609580039978027
0.12673711776733398
0.14478468894958496
0.10481095314025879
0.09374427795410156
0.09753584861755371
0.11612844467163086
0.10425305366516113
0.1076047420501709
0.12094402313232422
0.1271359920501709
0.11631965637207031
0.10035443305969238
0.13604474067687988
0.14014458656311035
0.11937189102172852
0.09755563735961914
0.0787820816040039
0.10455679893493652
0.10207343101501465
0.11241745948791504
0.14107036590576172
0.11356139183044434
0.11196517944335938
0.1051323413848877
0.11047530174255371
0.11811280250549316
0.13164806365966797
0.12236666679382324
0.10062289237976074
0.11549544334411621
0.08855175971984863
0.13969922065734863
0.13091039657592773
0.13289737701416016
0.13597321510314941
0.08905720710754395
0.10842442512512207
0.09986424446105957
0.09660649299621582
0.15364527702331543
0.07196903228759766
0.12648582458496094
0.08656454086303711
0.13608813285827637
0.11684274673461914
0.09880852699279785
0.14155149459838867
0.10655856132507324
0.13715863227844238
0.12301230430603027
0.11254310607910156
0.12759041786193848
0.08564329147338867
0.12495684623718262
0.11822772026062012
0.14015960693359375
0.16193127632141113
0.06967973709106445
0.10227847099304199
0.10700511932373047
0.10572385787963867
0.08991408348083496
0.09845638275146484
0.07720541954040527
0.10602426528930664
0.1480545997619629
0.1241140365600586
0.1055755615234375
0.08692598342895508
0.13450360298156738
0.0998067855834961
0.09752750396728516
0.12240314483642578
0.11268782615661621
0.13100981712341309
0.0986781120300293
0.11436080932617188
0.2592787742614746
0.1094355583190918
0.19418978691101074
0.09870529174804688
0.08027911186218262
0.08788490295410156
0.11308002471923828
0.09960412979125977
0.13018274307250977
0.10907173156738281
0.0873417854309082
0.10262084007263184
0.13272428512573242
0.07577180862426758
0.14157700538635254
0.13181352615356445
0.11510086059570312
0.16274738311767578
0.09967041015625
0.13458752632141113
0.09567618370056152
0.13283419609069824
0.13213133811950684
0.19076991081237793
0.2028205394744873
0.10634803771972656
0.15299606323242188
0.09229087829589844
0.1086432933807373
0.14374136924743652
0.10312414169311523
0.13086843490600586
0.09428238868713379
0.10908818244934082
0.08806848526000977
0.10822319984436035
0.11767363548278809
0.11863946914672852
0.13050365447998047
0.10065317153930664
0.12057781219482422
0.10849714279174805
0.12083315849304199
0.17414045333862305
0.06430387496948242
0.08646535873413086
0.08605480194091797
0.15213632583618164
0.11750149726867676
0.09096646308898926
0.11174154281616211
0.0953824520111084
0.12924575805664062
0.09013080596923828
0.1412053108215332
0.15014338493347168
0.12746167182922363
0.0556943416595459
0.09422588348388672
0.14321470260620117
0.0921621322631836
0.12565016746520996
0.10330605506896973
0.12158083915710449
0.16644740104675293
0.11868453025817871
0.20693278312683105
0.10644316673278809
0.1438581943511963
0.15205717086791992
0.150557279586792
0.09203195571899414
0.09208846092224121
0.15612077713012695
0.12506723403930664
0.13705968856811523
0.13864731788635254
0.07572269439697266
0.1319868564605713
0.08474850654602051
0.14518499374389648
0.12221240997314453
0.1628572940826416
0.07924985885620117
0.10265064239501953
0.1425178050994873
0.16093778610229492
0.2142479419708252
0.06853675842285156
0.36574602127075195
0.3925464153289795
0.09461736679077148
0.12498092651367188
0.13978075981140137
0.10995173454284668
0.14732646942138672
0.1577916145324707
0.1545259952545166
0.17924237251281738
0.15024209022521973
0.3055000305175781
0.16478848457336426
0.06381511688232422
0.12425541877746582
0.11162447929382324
0.11591720581054688
0.1628563404083252
0.12789106369018555
0.10584878921508789
0.1235809326171875
0.12163853645324707
0.14543485641479492
0.1379997730255127
0.08827519416809082
0.09911823272705078
0.16775798797607422
0.10198044776916504
0.09013748168945312
0.15760374069213867
0.12562108039855957
0.13046765327453613
0.14637255668640137
0.13560938835144043
2.823979139328003
0.10152769088745117
0.16149449348449707
0.1346888542175293
0.08738899230957031
0.12674880027770996
0.1263113021850586
0.09177160263061523
0.08954238891601562
0.177687406539917
0.0662684440612793
0.10326290130615234
0.09120941162109375
0.07305788993835449
0.11518311500549316
0.16683673858642578
0.08478045463562012
0.12726259231567383
0.0928041934967041
0.14216399192810059
0.10625052452087402
0.08177447319030762
0.08758425712585449
0.10289144515991211
0.10444974899291992
0.11104917526245117
0.12744426727294922
0.11135220527648926
0.10750508308410645
0.0751190185546875
0.13710999488830566
0.11816143989562988
0.10356664657592773
0.0830850601196289
0.13866901397705078
0.12333798408508301
0.14407634735107422
0.11796951293945312
0.08985471725463867
0.15509629249572754
0.1670999526977539
0.17087650299072266
0.07811546325683594
0.07384324073791504
0.10093402862548828
0.07990312576293945
0.12842702865600586
0.16104960441589355
0.10459065437316895
0.1422595977783203
0.09232926368713379
0.1557321548461914
0.08563446998596191
0.15298223495483398
0.2406775951385498
0.15957951545715332
0.14154338836669922
0.16449570655822754
0.13785791397094727
0.1326439380645752
0.12158727645874023
0.3190491199493408
0.11718893051147461
0.16898345947265625
0.19306325912475586
0.10612797737121582
0.0988771915435791
0.12353110313415527
0.09350872039794922
0.1520402431488037
0.10052347183227539
0.10514092445373535
0.08521747589111328
0.19621014595031738
0.09041428565979004
0.20545244216918945
0.08883857727050781
0.11297869682312012
0.08415532112121582
0.16710257530212402
0.140777587890625
0.12766695022583008
0.09699535369873047
0.09682035446166992
0.0938570499420166
0.14979290962219238
0.11895751953125
0.07482671737670898
0.08973240852355957
0.059853315353393555
0.15861821174621582
0.08461952209472656
0.12271571159362793
0.1205759048461914
0.21935749053955078
0.08664178848266602
0.10483193397521973
0.07822012901306152
0.09782743453979492
0.10169720649719238
0.16008520126342773
0.12018680572509766
0.10442161560058594
0.1029212474822998
0.10835742950439453
0.15618467330932617
0.07709360122680664
0.15633153915405273
0.12111353874206543
0.10463261604309082
0.12275910377502441
0.13863873481750488
0.14792895317077637
0.11446094512939453
0.13701748847961426
0.12333512306213379
0.12045168876647949
0.11937594413757324
0.12325572967529297
0.1297607421875
0.0922856330871582
0.14765596389770508
0.0873117446899414
0.11080121994018555
0.1352527141571045
0.13966774940490723
0.16846346855163574
0.1466350555419922
0.14206409454345703
0.11756467819213867
0.08823418617248535
0.1145169734954834
0.08725881576538086
0.12509870529174805
0.2167682647705078
0.07436871528625488
0.11855149269104004
0.0887441635131836
0.16095185279846191
0.15725231170654297
0.06814694404602051
0.10935544967651367
0.07631182670593262
0.09824609756469727
0.1172494888305664
0.09721040725708008
0.09772706031799316
0.10773229598999023
0.1216878890991211
0.12197399139404297
0.11009931564331055
0.0975944995880127
0.12384033203125
0.13533592224121094
0.1313157081604004
0.14400887489318848
0.13531947135925293
0.3584880828857422
0.08737754821777344
0.06912660598754883
0.08451724052429199
0.11312723159790039
0.14510440826416016
0.0840139389038086
0.09883809089660645
0.1112985610961914
0.130523681640625
0.1709604263305664
0.08742237091064453
0.1374204158782959
0.11573958396911621
0.14691162109375
0.12273359298706055
0.14217019081115723
0.13023948669433594
0.07381248474121094
0.14709019660949707
0.08344602584838867
0.09526467323303223
0.06332182884216309
0.12468481063842773
0.09823870658874512
0.13448882102966309
0.12348556518554688
0.14936470985412598
0.1384897232055664
0.15425419807434082
0.12743616104125977
0.07763528823852539
0.09615373611450195
0.11428546905517578
0.11454153060913086
0.1252303123474121
0.07466411590576172
0.1436142921447754
0.10181879997253418
0.1632702350616455
0.06757926940917969
0.11433553695678711
0.11921906471252441
0.08354496955871582
0.09115719795227051
0.12746858596801758
0.12287497520446777
0.11679768562316895
0.10534906387329102
0.09556007385253906
0.17155146598815918
0.15167546272277832
0.08089566230773926
0.13753080368041992
0.10493302345275879
0.1747136116027832
0.1523878574371338
0.07230710983276367
0.09830880165100098
0.16669487953186035
0.0900719165802002
0.10597872734069824
0.10963058471679688
0.12425708770751953
0.14203143119812012
0.12340497970581055
0.11205315589904785
0.1278219223022461
0.12708640098571777
0.13410282135009766
0.12278127670288086
0.15688610076904297
0.14948201179504395
0.17902231216430664
0.17867040634155273
0.09135818481445312
0.10656571388244629
0.12804269790649414
0.11888885498046875
0.166581392288208
0.07754683494567871
0.1418600082397461
0.3158853054046631
0.07953667640686035
0.12406373023986816
0.14307022094726562
0.13836908340454102
0.1470201015472412
0.10578227043151855
0.11934494972229004
0.08148932456970215
0.0938267707824707
0.10480737686157227
0.07328224182128906
0.11490535736083984
0.17081308364868164
0.14014506340026855
0.11494040489196777
0.17812275886535645
0.10067605972290039
0.08730745315551758
0.11373353004455566
0.1262497901916504
0.1495683193206787
0.09248185157775879
0.15639114379882812
0.07583308219909668
0.11307454109191895
0.09321880340576172
0.11772775650024414
0.10094022750854492
0.1342306137084961
0.11467361450195312
0.08635163307189941
0.14204883575439453
0.08757281303405762
0.09269237518310547
0.1196279525756836
0.08904719352722168
0.10374736785888672
0.10172557830810547
0.09996891021728516
0.08272957801818848
0.16655468940734863
0.1115732192993164
0.11075663566589355
0.09083676338195801
0.12284374237060547
0.0782780647277832
0.15726757049560547
0.09786581993103027
0.07719826698303223
0.14755654335021973
0.1652219295501709
0.14764142036437988
0.14824843406677246
0.22287631034851074
0.08699917793273926
0.08829116821289062
0.10215306282043457
0.07782697677612305
0.14093732833862305
0.0940854549407959
0.1260523796081543
0.14035606384277344
0.1037905216217041
0.11171770095825195
0.09966516494750977
0.11958503723144531
0.11300826072692871
0.10104107856750488
0.07907342910766602
0.13968586921691895
0.13228440284729004
0.14826464653015137
0.1354844570159912
0.17418861389160156
0.07430839538574219
0.13377714157104492
0.10982751846313477
0.09395027160644531
0.1866292953491211
0.14719915390014648
0.13577699661254883
0.15660548210144043
0.11287260055541992
0.11149072647094727
0.10574769973754883
0.10407662391662598
0.11553716659545898
0.07654833793640137
0.10949492454528809
0.22307896614074707
0.10779213905334473
0.09561467170715332
0.1225888729095459
0.14865350723266602
0.1413583755493164
0.1481313705444336
0.09996271133422852
0.11960220336914062
0.09675407409667969
0.08121848106384277
0.103271484375
0.11756753921508789
0.142775297164917
0.08238506317138672
0.07385611534118652
0.11591720581054688
0.08222651481628418
0.11427927017211914
0.09457683563232422
0.09845232963562012
0.14233851432800293
0.10878372192382812
0.10073971748352051
0.09244370460510254
0.08664989471435547
0.10975408554077148
0.10089850425720215
0.11148357391357422
0.06708836555480957
0.11411809921264648
0.08419179916381836
0.11096382141113281
0.10040092468261719
0.1126713752746582
0.12703537940979004
0.11885881423950195
0.14243173599243164
0.14075756072998047
0.07277178764343262
0.11406803131103516
0.13981318473815918
0.1055753231048584
0.1207876205444336
0.11375665664672852
0.09210896492004395
0.14445853233337402
0.06491351127624512
0.10505843162536621
0.08139681816101074
0.09248185157775879
0.08446526527404785
0.11351704597473145
0.10723567008972168
0.0882253646850586
0.10211324691772461
0.10586428642272949
0.14934849739074707
0.11204123497009277
0.11191415786743164
0.11049413681030273
0.11540341377258301
0.10018038749694824
0.3242666721343994
0.07510590553283691
0.07550406455993652
0.10008716583251953
0.16822075843811035
0.0888214111328125
0.12507057189941406
0.1391758918762207
0.14058876037597656
0.11607074737548828
0.18163681030273438
0.1438891887664795
0.0837855339050293
0.35999369621276855
0.11297178268432617
0.11898064613342285
0.08286404609680176
0.15987014770507812
0.07997798919677734
0.12209844589233398
0.1271204948425293
0.14127898216247559
0.11725735664367676
0.10559368133544922
0.09787702560424805
0.14459943771362305
0.10480761528015137
0.09887957572937012
0.11056685447692871
0.12805700302124023
0.09955930709838867
0.10331964492797852
0.09618496894836426
0.11096525192260742
0.10976052284240723
0.12308502197265625
0.12407684326171875
0.11963963508605957
0.12001371383666992
0.12417721748352051
0.11113834381103516
0.14118385314941406
0.12603139877319336
0.08300590515136719
0.15764975547790527
0.1366283893585205
0.16875696182250977
0.13806629180908203
0.09282708168029785
0.13918137550354004
0.14210915565490723
0.10410428047180176
0.17879796028137207
0.08822751045227051
0.10857057571411133
0.13159465789794922
0.1035008430480957
0.1019587516784668
0.11340737342834473
0.18773221969604492
0.14158082008361816
0.08611440658569336
0.13959932327270508
0.25716710090637207
0.12765026092529297
0.09171056747436523
0.1253352165222168
0.09716987609863281
0.18917226791381836
0.10594725608825684
0.13702130317687988
0.15061330795288086
0.09398865699768066
0.12097001075744629
0.09653592109680176
0.08904457092285156
0.12565040588378906
0.10017967224121094
0.16631102561950684
0.11325597763061523
0.12035083770751953
0.11924290657043457
0.12854886054992676
0.15805435180664062
0.12166190147399902
0.13002657890319824
0.07793498039245605
0.10621428489685059
0.09400224685668945
0.14537382125854492
0.12474989891052246
0.08268332481384277
0.16490650177001953
0.0891268253326416
0.09828925132751465
0.14155340194702148
0.09462428092956543
0.0682222843170166
0.09975910186767578
0.10227489471435547
0.10076355934143066
0.09068942070007324
0.08422470092773438
0.09146404266357422
0.18514180183410645
0.10718822479248047
0.07488703727722168
0.09900999069213867
0.11225748062133789
0.11588430404663086
0.11443758010864258
0.06579780578613281
0.09569168090820312
0.12284255027770996
0.1220240592956543
0.10090970993041992
0.11473679542541504
0.18862462043762207
0.11202883720397949
0.11810970306396484
0.10057783126831055
0.16548991203308105
0.15546059608459473
0.2878079414367676
0.14325976371765137
0.16515231132507324
0.10882997512817383
0.11712431907653809
0.11329150199890137
0.08837270736694336
0.12170267105102539
0.11547565460205078
0.12275147438049316
0.11497902870178223
0.10427141189575195
0.1041254997253418
0.1051321029663086
0.11335158348083496
0.10033607482910156
0.10555148124694824
0.09559440612792969
0.08541131019592285
0.10665082931518555
0.09399867057800293
0.11371731758117676
0.07899689674377441
0.0803368091583252
0.12522435188293457
0.0689249038696289
0.07892513275146484
0.07227635383605957
0.19163107872009277
0.11259698867797852
0.09822511672973633
0.1100168228149414
0.11441707611083984
0.12561798095703125
0.08386397361755371
0.1277916431427002
0.1250758171081543
0.1390836238861084
0.07748198509216309
0.12552952766418457
0.13257646560668945
0.14731049537658691
0.08409953117370605
0.13848567008972168
0.10301518440246582
0.12179136276245117
0.12970352172851562
0.1134037971496582
0.15162110328674316
0.06908082962036133
0.10296201705932617
0.08187246322631836
0.13039469718933105
0.08567047119140625
0.14446043968200684
0.11078596115112305
0.12026810646057129
0.09932971000671387
0.09729623794555664
0.08670306205749512
0.08927464485168457
0.12150835990905762
0.09617185592651367
0.11453580856323242
0.14494919776916504
0.11465859413146973
0.06984543800354004
0.10253000259399414
0.10198807716369629
0.1468360424041748
0.12250828742980957
0.1274106502532959
0.14020609855651855
0.18968510627746582
0.08044123649597168
0.10471987724304199
0.11505436897277832
0.12113070487976074
0.07731819152832031
0.1359388828277588
0.12664413452148438
0.10346722602844238
0.10544991493225098
0.17354083061218262
0.1153712272644043
0.12189555168151855
0.10156607627868652
0.16205358505249023
0.11523294448852539
0.08661794662475586
0.11797380447387695
0.16556167602539062
0.11109018325805664
0.12145018577575684
0.1751413345336914
0.07323980331420898
0.0859525203704834
0.10326552391052246
0.1264946460723877
0.12134528160095215
0.11342549324035645
0.1663684844970703
0.13937067985534668
0.10974359512329102
0.11980366706848145
0.11655616760253906
0.16145777702331543
0.1440286636352539
0.17295169830322266
0.1390976905822754
0.1097254753112793
0.26861572265625
0.1766955852508545
0.13233494758605957
0.09777259826660156
0.1790463924407959
0.08504199981689453
0.1558685302734375
0.09027719497680664
0.10338759422302246
0.11214661598205566
0.14509081840515137
0.09189796447753906
0.10955095291137695
0.08672809600830078
0.13990259170532227
0.09537506103515625
0.13938450813293457
0.08187532424926758
0.10717487335205078
0.2763035297393799
0.10099196434020996
0.10312008857727051
0.12661433219909668
0.10027956962585449
0.11204695701599121
0.11520743370056152
0.22123980522155762
0.19422650337219238
0.06734108924865723
0.13956427574157715
0.14999103546142578
0.12488603591918945
0.17644309997558594
0.14759397506713867
0.121734619140625
0.1572563648223877
0.09429812431335449
0.1599881649017334
0.144484281539917
0.08682703971862793
0.08205556869506836
0.13461685180664062
0.2031722068786621
0.12249517440795898
0.1549828052520752
0.1686248779296875
0.1442561149597168
0.15105724334716797
0.11168622970581055
0.15446066856384277
0.1455371379852295
0.08774876594543457
0.09886765480041504
0.12036776542663574
0.13118553161621094
0.11756134033203125
0.08938479423522949
0.21729779243469238
0.0873117446899414
0.16842198371887207
0.14458775520324707
0.13344931602478027
0.0974583625793457
0.13641667366027832
0.14309191703796387
0.09886050224304199
0.08676528930664062
0.09475374221801758
0.3015265464782715
0.17035651206970215
0.08539414405822754
0.0974280834197998
0.10636329650878906
0.10026764869689941
0.1020653247833252
0.15984368324279785
0.1155998706817627
0.10627245903015137
0.07839179039001465
0.12086224555969238
0.17625045776367188
0.12289595603942871
0.09137344360351562
0.09475874900817871
0.1036381721496582
0.1140749454498291
0.07426571846008301
0.06339645385742188
0.16026067733764648
0.11852049827575684
0.09013819694519043
0.08938193321228027
0.13064146041870117
0.14550423622131348
0.09320974349975586
0.09156990051269531
0.06354784965515137
0.1270918846130371
0.07991790771484375
0.11159443855285645
0.1221611499786377
0.08067774772644043
0.12440061569213867
0.07928276062011719
0.11898660659790039
0.13103246688842773
0.1163177490234375
0.10521364212036133
0.07035398483276367
0.14167428016662598
0.16933822631835938
0.1016697883605957
0.06070303916931152
0.11231613159179688
0.11996746063232422
0.12249565124511719
0.07698655128479004
0.08888959884643555
0.08375096321105957
0.19113850593566895
0.1369178295135498
0.1179361343383789
0.10689306259155273
0.08821558952331543
0.10082530975341797
0.1123049259185791
0.0772552490234375
0.12311196327209473
0.11377882957458496
0.1256556510925293
0.16768264770507812
0.13448262214660645
0.14765286445617676
0.12081599235534668
0.14200258255004883
0.12522387504577637
0.11438202857971191
0.1400003433227539
0.11292219161987305
0.119537353515625
0.09158134460449219
0.10841989517211914
0.10166740417480469
0.08714175224304199
0.07730507850646973
0.16126084327697754
0.14270973205566406
0.09648561477661133
0.11370635032653809
0.10808706283569336
0.10724282264709473
0.10965204238891602
0.1732330322265625
0.13937067985534668
0.09147286415100098
0.07698345184326172
0.09064626693725586
0.16354870796203613
0.06517267227172852
0.12242245674133301
0.1190178394317627
0.1556868553161621
0.06942510604858398
0.18024563789367676
0.14309334754943848
0.13099932670593262
0.09306693077087402
0.11119985580444336
0.1130974292755127
0.16518068313598633
0.11125922203063965
0.1030876636505127
0.06674337387084961
0.07449746131896973
0.15590286254882812
0.10403084754943848
0.10708928108215332
0.11645889282226562
0.10715198516845703
0.07410287857055664
0.18551945686340332
0.07341742515563965
0.11745691299438477
0.12579607963562012
0.1075592041015625
0.0919792652130127
0.13164639472961426
0.14390158653259277
0.13234877586364746
0.19316482543945312
0.23526549339294434
0.12477231025695801
0.0857391357421875
0.10175275802612305
0.15744256973266602
0.12950730323791504
0.11867403984069824
0.1809248924255371
0.08464360237121582
0.20265889167785645
0.3635377883911133
0.14085602760314941
0.06189107894897461
0.11403203010559082
0.17747282981872559
0.09172177314758301
0.15334486961364746
0.08541727066040039
0.10486435890197754
0.11696171760559082
0.09300470352172852
0.11687564849853516
0.21930909156799316
0.13166499137878418
0.07778263092041016
0.12129926681518555
0.10923099517822266
0.12743353843688965
0.13863015174865723
0.08490514755249023
0.14524149894714355
0.09525585174560547
0.0908806324005127
0.09094858169555664
0.1076958179473877
0.09610652923583984
0.10138416290283203
0.11865234375
0.1052403450012207
0.15109705924987793
0.13692593574523926
0.09390473365783691
0.06915974617004395
0.10408449172973633
0.09850645065307617
0.11629319190979004
0.10402917861938477
0.09042620658874512
0.09911203384399414
0.13854312896728516
0.09350323677062988
0.09754300117492676
0.08628511428833008
0.10387539863586426
0.09705686569213867
0.10033917427062988
0.08623170852661133
0.11805081367492676
0.12926530838012695
0.12483906745910645
0.1237492561340332
0.10003185272216797
0.14586830139160156
0.07827329635620117
0.3425557613372803
0.13744735717773438
0.12158846855163574
0.14604854583740234
0.06837821006774902
0.08787059783935547
0.11483335494995117
0.09082293510437012
0.10041332244873047
0.12868952751159668
0.1201012134552002
0.08756566047668457
0.1186990737915039
0.09937548637390137
0.10619091987609863
0.09173202514648438
0.10686397552490234
0.12005853652954102
0.13262462615966797
0.1073756217956543
0.07333135604858398
0.1271839141845703
0.0908195972442627
0.10697031021118164
0.0858914852142334
0.1428534984588623
0.1663830280303955
0.13066959381103516
0.12645959854125977
0.10200953483581543
0.09760451316833496
0.1439964771270752
0.11267757415771484
0.1587357521057129
0.11777067184448242
0.1013340950012207
0.1002650260925293
0.16089534759521484
0.11480903625488281
0.06018495559692383
0.1377413272857666
0.15132403373718262
0.1013643741607666
0.09306693077087402
0.10957670211791992
0.0992882251739502
0.09462523460388184
0.12212872505187988
0.11576581001281738
0.10770726203918457
0.09636402130126953
0.12183856964111328
0.11040878295898438
0.129105806350708
0.14702320098876953
0.1226797103881836
0.07960152626037598
0.11942863464355469
0.12572550773620605
0.1308896541595459
0.09506964683532715
0.0799875259399414
0.11834216117858887
0.0724790096282959
0.11150455474853516
0.14894700050354004
0.10995745658874512
0.12302279472351074
0.07916522026062012
0.08856320381164551
0.1388540267944336
0.13227629661560059
0.10652732849121094
0.11008191108703613
0.1152963638305664
0.12967395782470703
0.07612991333007812
0.09596991539001465
0.11217665672302246
0.11544966697692871
0.1336817741394043
0.12523412704467773
0.1435387134552002
0.08817505836486816
0.09886002540588379
0.0949392318725586
0.06971168518066406
0.1182548999786377
0.12938880920410156
0.13640069961547852
0.08500790596008301
0.11173820495605469
0.1315901279449463
0.09845852851867676
0.0724174976348877
0.09161925315856934
0.07889819145202637
0.09128499031066895
0.09708380699157715
0.148162841796875
0.09938359260559082
0.08442234992980957
0.10540533065795898
0.1891012191772461
0.12426924705505371
0.11010432243347168
0.2281486988067627
0.08746194839477539
0.0749826431274414
0.10153722763061523
0.1510305404663086
0.12642621994018555
0.11076021194458008
0.1259751319885254
0.08318018913269043
0.12928104400634766
0.10629534721374512
0.1284933090209961
0.10013771057128906
0.1283261775970459
0.14056396484375
0.15598583221435547
0.15598392486572266
0.0927574634552002
0.09253549575805664
0.10946774482727051
0.08555936813354492
0.06002068519592285
0.11106562614440918
0.11969542503356934
0.15277838706970215
0.11992144584655762
0.08520245552062988
0.11326313018798828
0.13792037963867188
0.09609317779541016
0.07319307327270508
0.1634197235107422
0.0935060977935791
0.11544561386108398
0.13814139366149902
0.20463895797729492
0.13386297225952148
0.09416747093200684
0.11118197441101074
0.10953235626220703
0.11318540573120117
0.1176002025604248
0.11076927185058594
0.09996700286865234
0.1256403923034668
0.13215327262878418
0.10132145881652832
0.0968635082244873
0.12749791145324707
0.11266493797302246
0.08589529991149902
0.09368348121643066
0.0798945426940918
0.13119745254516602
0.12107706069946289
0.0944819450378418
0.12407922744750977
0.07923698425292969
0.12035584449768066
0.1213841438293457
0.0852665901184082
0.10826706886291504
0.08876538276672363
0.09819221496582031
0.12087774276733398
0.12116122245788574
0.09410762786865234
0.07477998733520508
0.11008071899414062
0.14541077613830566
0.080169677734375
0.09304046630859375
0.10841226577758789
0.1010894775390625
0.12837815284729004
0.08986854553222656
0.18691372871398926
0.1060340404510498
0.10999059677124023
0.09760737419128418
0.28809285163879395
0.11936450004577637
0.17526030540466309
0.15584039688110352
0.30292677879333496
0.15475177764892578
0.13744091987609863
0.17839455604553223
0.07610321044921875
0.15798401832580566
0.07059025764465332
0.13466620445251465
0.3081047534942627
0.14810681343078613
0.12908005714416504
0.18465423583984375
0.06512188911437988
0.13227510452270508
0.08715939521789551
0.10266733169555664
0.10434627532958984
0.11504220962524414
0.07694768905639648
0.1287851333618164
0.12718796730041504
0.09222221374511719
0.14770174026489258
0.0950615406036377
0.09813237190246582
0.0988166332244873
0.09539914131164551
0.0759744644165039
0.12186908721923828
0.09985184669494629
0.12148165702819824
0.14434146881103516
0.18313193321228027
0.10222029685974121
0.07909846305847168
0.09290361404418945
0.09469842910766602
0.1067802906036377
0.10555529594421387
0.10551118850708008
0.10130643844604492
0.15751886367797852
0.09294342994689941
0.10271787643432617
0.1515369415283203
0.1636343002319336
0.10637211799621582
0.09029078483581543
0.09421634674072266
0.1367020606994629
0.11528873443603516
0.08267617225646973
0.09323644638061523
0.08993148803710938
0.09660863876342773
0.1451091766357422
0.09695124626159668
0.1009969711303711
0.13024353981018066
0.10924315452575684
0.15188360214233398
0.14689993858337402
0.07174491882324219
0.11376690864562988
0.11710739135742188
0.10004329681396484
0.11258459091186523
0.062463998794555664
0.14182448387145996
0.11897397041320801
0.11734342575073242
0.12959980964660645
0.11120200157165527
0.11267662048339844
0.08946824073791504
0.09910011291503906
0.1560657024383545
0.0766899585723877
0.14393043518066406
0.08712100982666016
0.17088866233825684
0.0922248363494873
0.10696887969970703
0.10025906562805176
0.09969234466552734
0.09284114837646484
0.16533994674682617
0.12593364715576172
0.1108558177947998
0.10257434844970703
0.14200115203857422
0.10958719253540039
0.1209115982055664
0.07890820503234863
0.09027695655822754
0.13748407363891602
0.13553953170776367
0.15158700942993164
0.1355729103088379
0.16016936302185059
0.10931658744812012
0.12992644309997559
0.13049626350402832
0.10923576354980469
0.11500239372253418
0.10640835762023926
0.0999598503112793
0.13617777824401855
0.1112055778503418
0.22158002853393555
0.11110258102416992
0.14515471458435059
0.16695642471313477
0.1212165355682373
0.09579157829284668
0.13392853736877441
0.10204815864562988
0.11313605308532715
0.10904145240783691
0.09356331825256348
0.149857759475708
0.09593939781188965
0.09804177284240723
0.1277925968170166
0.18266892433166504
0.16126680374145508
0.1229546070098877
0.10262751579284668
0.09680581092834473
0.14566850662231445
0.1172482967376709
0.14831185340881348
0.14609336853027344
0.1604759693145752
0.09591794013977051
0.11063075065612793
0.08830451965332031
0.0850520133972168
0.09968256950378418
0.10472440719604492
0.07805514335632324
0.09968423843383789
0.11146974563598633
0.10703563690185547
0.10806798934936523
0.09818482398986816
0.09629249572753906
0.08548641204833984
0.10426187515258789
0.14203524589538574
0.10038089752197266
0.16236567497253418
0.12131857872009277
0.06844258308410645
0.09880566596984863
0.10290980339050293
0.11943650245666504
0.16022396087646484
0.08545303344726562
0.10318565368652344
0.13593125343322754
0.12341737747192383
0.1078946590423584
0.13315200805664062
0.20823907852172852
0.1472015380859375
0.1858217716217041
0.08666491508483887
0.14769268035888672
0.1892375946044922
0.14313578605651855
0.1069936752319336
0.1604456901550293
0.1295623779296875
0.11510038375854492
0.12452888488769531
0.0972440242767334
0.10333132743835449
0.09758496284484863
0.10889911651611328
0.11163115501403809
0.15799355506896973
0.15314149856567383
0.16063261032104492
0.11166644096374512
0.08903336524963379
0.12243199348449707
0.08423924446105957
0.10955381393432617
0.17438530921936035
0.07846641540527344
0.11807727813720703
0.08487749099731445
0.13204312324523926
0.12151312828063965
0.151292085647583
0.12149190902709961
0.130570650100708
0.10782504081726074
0.1060943603515625
0.3516993522644043
0.09801125526428223
0.1297471523284912
0.10756516456604004
0.1873619556427002
0.09812641143798828
0.1125025749206543
0.1097862720489502
0.13443470001220703
0.12908196449279785
0.10502099990844727
0.10497570037841797
0.08990359306335449
0.11510372161865234
0.09532666206359863
0.10665249824523926
0.11425971984863281
0.13734817504882812
0.14969587326049805
0.1376791000366211
0.09664702415466309
0.09645867347717285
0.10845780372619629
0.11198759078979492
0.06113171577453613
0.12747669219970703
0.14476251602172852
0.21070408821105957
0.09766507148742676
0.10066938400268555
0.07459497451782227
0.1053166389465332
0.08893132209777832
0.09198355674743652
0.06323599815368652
0.12934541702270508
0.1683812141418457
0.13645267486572266
0.10529208183288574
0.13360953330993652
0.1526179313659668
0.12031984329223633
0.06210136413574219
0.3486294746398926
0.09718179702758789
0.1387796401977539
0.08051538467407227
0.10006356239318848
0.10466456413269043
0.12832260131835938
0.0818321704864502
0.15944552421569824
0.06384825706481934
0.10485529899597168
0.13370728492736816
0.11163091659545898
0.10371923446655273
0.09518742561340332
0.08812093734741211
0.08263421058654785
0.12383794784545898
0.10063838958740234
0.1091163158416748
0.1457517147064209
0.09862661361694336
0.1579608917236328
0.1332378387451172
0.10600471496582031
0.1464827060699463
0.09591269493103027
0.12433886528015137
0.13099145889282227
0.0682828426361084
0.11967825889587402
0.11593079566955566
0.10538744926452637
0.11478829383850098
0.06223726272583008
0.08575654029846191
0.12762737274169922
0.13866138458251953
0.09750032424926758
0.14075279235839844
0.09723877906799316
0.11873936653137207
0.08635139465332031
0.15091609954833984
0.08654069900512695
0.0871429443359375
0.1743183135986328
0.12784671783447266
0.12531447410583496
0.14858222007751465
0.06999015808105469
0.10581064224243164
0.09267950057983398
0.14623427391052246
0.11221027374267578
0.11913871765136719
0.16202569007873535
0.15529942512512207
0.13303184509277344
0.08930468559265137
0.1548922061920166
0.1003274917602539
0.10047698020935059
0.13393855094909668
0.1450495719909668
0.1097574234008789
0.1457972526550293
0.1454479694366455
0.18452811241149902
0.1714611053466797
0.1264631748199463
0.19046521186828613
0.13552594184875488
0.1419978141784668
0.11969351768493652
0.13464760780334473
0.10921525955200195
0.08309364318847656
0.1253662109375
0.10289192199707031
0.08036422729492188
0.1309340000152588
0.1444399356842041
0.11954498291015625
0.07933354377746582
0.08519220352172852
0.14893007278442383
0.12606048583984375
0.08408212661743164
0.1394205093383789
0.13456416130065918
0.10253453254699707
0.14894366264343262
0.0879065990447998
0.13029837608337402
0.10519671440124512
0.15508031845092773
0.13238954544067383
0.13785028457641602
0.1468508243560791
0.10696148872375488
0.13773036003112793
0.14699745178222656
0.1543443202972412
0.268308162689209
0.1662883758544922
0.09246635437011719
0.1520829200744629
0.14204072952270508
0.1516408920288086
0.1788015365600586
0.08769869804382324
0.1391909122467041
0.082366943359375
0.09826540946960449
0.10460829734802246
0.13414311408996582
0.15069937705993652
0.11063909530639648
0.1661529541015625
0.10818123817443848
0.1799936294555664
0.13013029098510742
0.08849215507507324
0.11417269706726074
0.16423892974853516
0.10042786598205566
0.13303709030151367
0.0923013687133789
0.13592028617858887
0.10550498962402344
0.12547540664672852
0.0878286361694336
0.12338948249816895
0.13736319541931152
0.14272689819335938
0.16663026809692383
0.09496617317199707
0.09252595901489258
0.134521484375
0.11497664451599121
0.08992791175842285
0.11422085762023926
0.07448816299438477
0.10753250122070312
0.08118915557861328
0.1595897674560547
0.1958763599395752
0.1457381248474121
0.24351954460144043
0.10492420196533203
0.17214369773864746
0.10253477096557617
0.10631108283996582
0.10424423217773438
0.14880990982055664
0.09206080436706543
0.128340482711792
0.13317370414733887
0.0770866870880127
0.11487936973571777
0.10967254638671875
0.1517324447631836
0.09407234191894531
0.09622502326965332
0.1356055736541748
0.12446451187133789
0.08637642860412598
0.15976428985595703
0.14413189888000488
0.09676599502563477
0.10602331161499023
0.11333274841308594
0.08661150932312012
0.1255021095275879
0.12955522537231445
0.13081741333007812
0.08235287666320801
2.836411237716675
0.1523137092590332
0.13935017585754395
0.14990878105163574
0.1407759189605713
0.09039115905761719
0.30120134353637695
0.08524656295776367
0.1287236213684082
0.10369205474853516
0.13576507568359375
0.10272002220153809
0.11667537689208984
0.1271195411682129
0.1122441291809082
0.09445762634277344
0.10100531578063965
0.16719913482666016
0.10133194923400879
0.13412261009216309
0.06707024574279785
0.10512351989746094
0.16498136520385742
0.1291358470916748
0.14440345764160156
0.14037799835205078
0.31330037117004395
0.1240079402923584
0.09050226211547852
0.12416887283325195
0.10058283805847168
0.10785031318664551
0.10390424728393555
0.12376928329467773
0.08744931221008301
0.1861405372619629
0.10631489753723145
0.11671090126037598
0.11289477348327637
0.1221764087677002
0.10258698463439941
0.17023468017578125
0.1542801856994629
0.12006568908691406
0.10556674003601074
0.12504124641418457
0.08539032936096191
0.1574094295501709
0.08079957962036133
0.18191981315612793
0.1060636043548584
0.0958564281463623
0.1255176067352295
0.09289312362670898
0.10368943214416504
0.16150140762329102
0.08207583427429199
0.09520196914672852
0.12972211837768555
0.12411093711853027
0.09237980842590332
0.06687211990356445
0.14388561248779297
0.12083911895751953
0.0964193344116211
0.11917996406555176
0.12384843826293945
0.10869836807250977
0.12189292907714844
0.13213896751403809
0.09396624565124512
0.11677193641662598
0.09099221229553223
0.12437653541564941
0.09523892402648926
0.11909794807434082
0.11535859107971191
0.07152271270751953
0.06687164306640625
0.11937570571899414
0.13335418701171875
0.12063050270080566
0.1435546875
0.14058923721313477
0.1532289981842041
0.06621718406677246
0.10079360008239746
0.09988212585449219
0.12108373641967773
0.12585663795471191
0.09523153305053711
0.10192203521728516
0.12634587287902832
0.08654022216796875
0.09038329124450684
0.0898435115814209
0.08610987663269043
0.0864558219909668
0.11917519569396973
0.12311172485351562
0.14867639541625977
0.07993173599243164
0.09641098976135254
0.1136312484741211
0.10235929489135742
0.1083672046661377
0.10096216201782227
0.1134340763092041
0.14346885681152344
0.09116172790527344
0.11033177375793457
0.11057353019714355
0.09063005447387695
0.1302177906036377
0.12580156326293945
0.0761561393737793
0.13730406761169434
0.12840700149536133
0.2774930000305176
0.15293002128601074
0.13384628295898438
0.1795976161956787
0.1616213321685791
0.09933733940124512
0.12412858009338379
0.11022639274597168
0.12208056449890137
0.1078939437866211
0.16245126724243164
0.17293381690979004
0.08470606803894043
0.10149860382080078
0.1145172119140625
0.11516976356506348
0.12292838096618652
0.14008212089538574
0.0885019302368164
0.07600212097167969
0.10208010673522949
0.1641860008239746
0.12037181854248047
0.1259322166442871
0.12813091278076172
0.08839154243469238
0.10936307907104492
0.12593436241149902
0.11829853057861328
0.133742094039917
0.07239484786987305
0.12143659591674805
0.0860450267791748
0.15221714973449707
0.1346418857574463
0.10084366798400879
0.12286877632141113
0.09152460098266602
0.10454201698303223
0.1656954288482666
0.15126276016235352
0.12617135047912598
0.09955692291259766
0.09297418594360352
0.08346176147460938
0.09922432899475098
0.09846663475036621
0.12666821479797363
0.10928583145141602
0.13127851486206055
0.11585283279418945
0.07984089851379395
0.1269230842590332
0.14257597923278809
0.08885025978088379
0.10844850540161133
0.13746094703674316
0.07930421829223633
0.11614751815795898
0.1833493709564209
0.08217120170593262
0.12717747688293457
0.09876680374145508
0.09769654273986816
0.1072850227355957
0.11682939529418945
0.07551860809326172
0.1159982681274414
0.13154220581054688
0.07676100730895996
0.15191340446472168
0.06304645538330078
0.12672924995422363
0.09045028686523438
0.10950684547424316
0.13866925239562988
0.09214234352111816
0.30561184883117676
0.16509389877319336
0.15938997268676758
0.08529186248779297
0.1987929344177246
0.07120084762573242
0.12980079650878906
0.1303086280822754
0.08849287033081055
0.12080144882202148
0.1319582462310791
0.13834404945373535
0.11028146743774414
0.09414911270141602
0.18164896965026855
0.08156299591064453
0.09121179580688477
0.1307694911956787
0.10634636878967285
0.1553337574005127
0.13834357261657715
0.10873150825500488
0.13641357421875
0.09129905700683594
0.12152099609375
0.09594273567199707
0.11524486541748047
0.09523224830627441
0.09819936752319336
0.13285374641418457
0.10845780372619629
0.11929726600646973
0.11083626747131348
0.08990788459777832
0.13243913650512695
0.1528780460357666
0.09986996650695801
0.09106588363647461
0.08685302734375
0.10455584526062012
0.10756969451904297
0.12180423736572266
0.1101999282836914
0.07485747337341309
0.2117757797241211
0.15757489204406738
0.14444994926452637
0.1411902904510498
0.16703343391418457
0.11230015754699707
0.1407017707824707
0.07281208038330078
0.10284280776977539
0.1472017765045166
0.10516834259033203
0.1558520793914795
0.12248969078063965
0.09523153305053711
0.07213258743286133
0.12799406051635742
0.18308329582214355
0.07951712608337402
0.12253522872924805
0.1652359962463379
0.15644216537475586
0.11826777458190918
0.13864970207214355
0.10524845123291016
0.4252440929412842
0.1113748550415039
0.09198784828186035
0.13035845756530762
0.1418466567993164
0.1004936695098877
0.09884357452392578
0.13435053825378418
0.14206600189208984
0.09685635566711426
0.09443020820617676
0.11828446388244629
0.09260678291320801
0.11968255043029785
0.11654376983642578
0.15240097045898438
0.09418201446533203
0.08046913146972656
0.10234999656677246
0.12859392166137695
0.10277009010314941
0.173478364944458
0.11438488960266113
0.15713119506835938
0.12870526313781738
0.10997986793518066
0.11762380599975586
0.13785529136657715
0.15055298805236816
0.11255955696105957
0.17319965362548828
0.14603734016418457
0.10879230499267578
0.10390925407409668
0.1181187629699707
0.15434503555297852
0.10222101211547852
0.15062785148620605
0.09795308113098145
0.13507914543151855
0.11750006675720215
0.13266563415527344
0.16040945053100586
0.12842369079589844
0.20146465301513672
0.10183405876159668
0.11735939979553223
0.08751797676086426
0.08513545989990234
0.12032842636108398
0.12354493141174316
0.09873414039611816
0.1073908805847168
0.11516261100769043
0.12120747566223145
0.1718916893005371
0.1624460220336914
0.14425253868103027
0.14173507690429688
0.12487530708312988
0.09207797050476074
0.09087228775024414
0.13801932334899902
0.15073275566101074
0.16585755348205566
0.0999765396118164
0.10875558853149414
0.11694049835205078
0.12643694877624512
0.16083383560180664
0.09569096565246582
0.14043688774108887
0.09214591979980469
0.12743663787841797
0.12511968612670898
0.141707181930542
0.08422303199768066
0.12980103492736816
0.08446478843688965
0.10192513465881348
0.139678955078125
0.16290545463562012
0.09573531150817871
0.08100700378417969
0.10474514961242676
0.1313180923461914
0.11304473876953125
0.13623785972595215
0.17232346534729004
0.08718633651733398
0.15025615692138672
0.09766268730163574
0.08898258209228516
0.13565921783447266
0.1679675579071045
0.14255094528198242
0.1334216594696045
0.1146860122680664
0.12298345565795898
0.08705496788024902
0.11480355262756348
0.1145474910736084
0.11345839500427246
0.11290836334228516
0.12626266479492188
0.1440873146057129
0.17576861381530762
0.3303043842315674
0.1558690071105957
0.09307312965393066
0.3353309631347656
0.10028290748596191
0.08322787284851074
0.1372225284576416
0.11511516571044922
0.13377118110656738
0.1060783863067627
0.10383844375610352
0.08756136894226074
0.11418914794921875
0.16368532180786133
0.09334826469421387
0.1779928207397461
0.1121211051940918
0.08977770805358887
0.07055115699768066
0.1690061092376709
0.12262511253356934
0.13994932174682617
0.0826723575592041
0.11486983299255371
0.08757615089416504
0.09962749481201172
0.09962058067321777
0.09138989448547363
0.07404947280883789
0.1264188289642334
0.11807608604431152
0.1404712200164795
0.1542210578918457
0.12915802001953125
0.18722152709960938
0.09642362594604492
0.08857607841491699
0.11556100845336914
0.16939473152160645
0.06786918640136719
0.32638096809387207
0.09122562408447266
0.1091454029083252
0.08063364028930664
0.10370898246765137
0.098419189453125
0.09351992607116699
0.10931253433227539
0.12253999710083008
0.1589512825012207
0.12247037887573242
0.1172783374786377
0.1027212142944336
0.11906862258911133
0.09391641616821289
0.13268589973449707
0.1262502670288086
0.10502409934997559
0.08695101737976074
0.10491943359375
0.12329459190368652
0.1309828758239746
0.08404254913330078
0.13701581954956055
0.09807562828063965
0.14171051979064941
0.0841073989868164
0.11223793029785156
0.10910415649414062
0.07862687110900879
0.08580136299133301
0.10382294654846191
0.09951519966125488
0.11875462532043457
0.07873988151550293
0.14014458656311035
0.08847379684448242
0.13713312149047852
0.1158609390258789
0.1333017349243164
0.12467718124389648
0.13199639320373535
0.10126137733459473
0.33536314964294434
0.11030411720275879
0.08313226699829102
0.12323594093322754
0.12662172317504883
0.1228189468383789
0.12722277641296387
0.09814238548278809
0.10782790184020996
0.139113187789917
0.08681797981262207
0.13811683654785156
0.15767478942871094
0.1322953701019287
0.12359404563903809
0.1212320327758789
0.10570311546325684
0.1096339225769043
0.08434629440307617
0.15131187438964844
0.12025046348571777
0.0671532154083252
0.09903693199157715
0.12132668495178223
0.16123366355895996
0.1305527687072754
0.11930298805236816
0.08842325210571289
0.1359114646911621
0.12131071090698242
0.08173990249633789
0.07908201217651367
0.11853313446044922
0.1421656608581543
0.08016085624694824
0.11867833137512207
0.0834343433380127
0.10411763191223145
0.09971737861633301
0.10196280479431152
0.11432933807373047
0.1348259449005127
0.14485788345336914
0.17182207107543945
0.11073684692382812
0.1031186580657959
0.12578368186950684
0.12968921661376953
0.31666135787963867
0.11782026290893555
0.09165287017822266
0.07498431205749512
0.06331014633178711
0.11814546585083008
0.15064644813537598
0.09388113021850586
0.09167909622192383
0.08185601234436035
0.12147927284240723
0.12434244155883789
0.06826996803283691
0.12587738037109375
0.18267822265625
0.0989694595336914
0.08880162239074707
0.16210389137268066
0.1070249080657959
0.11562418937683105
0.15470290184020996
0.1219937801361084
0.12300944328308105
0.11485862731933594
0.16252446174621582
0.13252949714660645
0.15769457817077637
0.16736650466918945
0.1533353328704834
0.09618091583251953
0.11519575119018555
0.07059216499328613
0.1166234016418457
0.13085341453552246
0.0946199893951416
0.1385641098022461
0.13997173309326172
0.08224081993103027
0.10477185249328613
0.08737301826477051
0.10930824279785156
0.1507115364074707
0.09431576728820801
0.14156627655029297
0.11038517951965332
0.13283371925354004
0.1351170539855957
0.09754443168640137
0.12636923789978027
0.10691094398498535
0.12108516693115234
0.1312248706817627
0.10949015617370605
0.1050558090209961
0.09790849685668945
0.10484457015991211
0.08704805374145508
0.09442687034606934
0.15137171745300293
0.09825682640075684
0.10260510444641113
0.09815430641174316
0.12609243392944336
0.11698055267333984
0.11196660995483398
0.18546223640441895
0.09138107299804688
0.10656213760375977
0.10814380645751953
0.08467316627502441
0.07660222053527832
0.08705997467041016
0.1204068660736084
0.12715959548950195
0.0878753662109375
0.12454557418823242
0.12873506546020508
0.12092208862304688
0.08880901336669922
0.10671639442443848
0.09858489036560059
0.10930728912353516
0.10151410102844238
0.14725732803344727
0.09872651100158691
0.07849621772766113
0.1084294319152832
0.12070631980895996
0.0896906852722168
0.11787271499633789
0.10675764083862305
0.07900571823120117
0.1007075309753418
0.09777259826660156
0.11929106712341309
0.10292887687683105
0.11408519744873047
0.11507534980773926
0.09665083885192871
0.10073590278625488
0.12205719947814941
0.13155698776245117
0.14074063301086426
0.12975645065307617
0.11590981483459473
0.10214757919311523
0.11113381385803223
0.12641525268554688
0.1412951946258545
0.2963240146636963
0.12203073501586914
0.0955963134765625
0.11073112487792969
0.1155846118927002
0.10529088973999023
0.14187026023864746
0.11203646659851074
0.10393452644348145
0.10210871696472168
0.1291666030883789
0.09446358680725098
0.11034393310546875
0.12390708923339844
0.13777756690979004
0.13735604286193848
0.12881803512573242
0.12600183486938477
0.10720419883728027
0.1809084415435791
0.18912506103515625
0.10491514205932617
0.09947562217712402
0.11121392250061035
0.15351533889770508
0.14264845848083496
0.10368490219116211
0.15529632568359375
0.07735633850097656
0.1321406364440918
0.11937689781188965
0.16048693656921387
0.19065165519714355
0.1060030460357666
0.12995386123657227
0.1124122142791748
0.13116145133972168
0.15433168411254883
0.08551836013793945
0.07270026206970215
0.14687061309814453
0.15590357780456543
0.11553573608398438
0.09334301948547363
0.12267518043518066
0.10256218910217285
0.1640009880065918
0.12445950508117676
0.16056251525878906
0.10085296630859375
0.10958623886108398
0.11808633804321289
0.10595941543579102
0.1336362361907959
0.1751389503479004
0.0711972713470459
0.10488533973693848
0.11078071594238281
0.10458493232727051
0.13215899467468262
0.11219072341918945
0.08861207962036133
0.16798186302185059
0.12393069267272949
0.1112661361694336
0.08972978591918945
0.11635446548461914
0.3391108512878418
0.07222795486450195
0.2064800262451172
0.09088444709777832
0.08268952369689941
0.10619068145751953
0.08326387405395508
0.15544962882995605
0.09985613822937012
0.09826874732971191
0.08106303215026855
0.08782577514648438
0.11922764778137207
0.11866068840026855
0.1114797592163086
0.1399836540222168
0.0753166675567627
0.13444828987121582
0.11529350280761719
0.08255934715270996
0.10742950439453125
0.1283254623413086
0.0997624397277832
0.10165238380432129
0.12178897857666016
0.11937499046325684
0.09041452407836914
0.12430715560913086
0.10612082481384277
0.07856965065002441
0.10534977912902832
0.10092377662658691
0.11136817932128906
0.11424040794372559
0.12281298637390137
0.11817026138305664
0.11887884140014648
0.1915130615234375
0.07820487022399902
0.09979629516601562
0.11211585998535156
0.11429095268249512
0.10448765754699707
0.06372356414794922
0.14126229286193848
0.0925290584564209
0.1327803134918213
0.09400415420532227
0.09172320365905762
0.10866665840148926
0.12997961044311523
0.1542043685913086
0.13201189041137695
0.09947013854980469
0.10516691207885742
0.11176848411560059
0.13060498237609863
0.14999032020568848
0.07863759994506836
0.08366847038269043
0.1359119415283203
0.15367913246154785
0.1242976188659668
0.14058732986450195
0.05703902244567871
0.17186570167541504
0.07735657691955566
0.10928988456726074
0.08485603332519531
0.10629010200500488
0.12366175651550293
0.1500864028930664
0.15499615669250488
0.08661341667175293
0.09536075592041016
0.07059073448181152
0.10625004768371582
0.13565349578857422
0.11942625045776367
0.1032865047454834
0.08061671257019043
0.10098433494567871
0.10283899307250977
0.059233903884887695
0.09946846961975098
0.11396956443786621
0.11493587493896484
0.15106701850891113
0.15404319763183594
0.1081228256225586
0.07449221611022949
0.09383487701416016
0.10229635238647461
0.12415385246276855
0.10472965240478516
0.10864496231079102
0.1333916187286377
0.08935093879699707
0.07540321350097656
0.10704207420349121
0.09961462020874023
0.0964052677154541
0.1520373821258545
0.11124110221862793
0.11173152923583984
0.11437606811523438
0.07059359550476074
0.08536648750305176
0.09990763664245605
0.09144711494445801
0.15387797355651855
0.10314655303955078
0.18622493743896484
0.13281011581420898
0.07553815841674805
0.14991521835327148
0.15489649772644043
0.13299989700317383
0.11551308631896973
0.07446098327636719
0.28996729850769043
0.16075873374938965
0.16695809364318848
0.09577679634094238
0.08250880241394043
0.10484743118286133
0.16857504844665527
0.14087581634521484
0.1193091869354248
0.08949542045593262
0.1071474552154541
0.12362098693847656
0.14141345024108887
0.15561413764953613
0.18074989318847656
0.09398436546325684
0.15375328063964844
0.19524717330932617
0.31201910972595215
0.11074542999267578
0.12436223030090332
0.10288786888122559
0.10267066955566406
0.08868956565856934
0.09531903266906738
0.09950661659240723
0.11577606201171875
0.10646414756774902
0.11159086227416992
0.1806330680847168
0.12641644477844238
0.10988807678222656
0.0852508544921875
0.14859747886657715
0.12032151222229004
0.12472319602966309
0.08141255378723145
0.28499388694763184
0.09033679962158203
0.14796948432922363
0.1086580753326416
0.09165549278259277
0.15813994407653809
0.11418700218200684
0.07860326766967773
0.08120393753051758
0.14013886451721191
0.08206510543823242
0.11251664161682129
0.11962699890136719
0.14986371994018555
0.1458740234375
0.14877653121948242
0.13757729530334473
0.09547066688537598
0.09975457191467285
0.1538105010986328
0.18417048454284668
0.10699200630187988
0.14913535118103027
0.10120487213134766
0.14085173606872559
0.09017109870910645
0.09700846672058105
0.17617511749267578
0.11446046829223633
0.18664026260375977
0.19775772094726562
0.07790517807006836
0.0766758918762207
0.15310120582580566
0.08396530151367188
0.12988495826721191
0.1022031307220459
0.44586730003356934
0.1005709171295166
0.10106611251831055
0.09882354736328125
0.08688116073608398
0.12300348281860352
0.19707012176513672
0.15793418884277344
0.0933985710144043
0.08797168731689453
0.16528964042663574
0.16398262977600098
0.09392738342285156
0.10734009742736816
0.11281394958496094
0.11645889282226562
0.10087871551513672
0.10515475273132324
0.09846878051757812
0.12116646766662598
0.09330248832702637
0.12972426414489746
0.13088655471801758
0.16653847694396973
0.270061731338501
0.10855579376220703
0.08805584907531738
0.10738873481750488
0.06565213203430176
0.09254240989685059
0.07570981979370117
0.08916711807250977
0.07385110855102539
0.10567951202392578
0.0945596694946289
0.09352827072143555
0.13334274291992188
0.08907079696655273
0.11763405799865723
0.1310257911682129
0.10246515274047852
0.10602593421936035
0.13673925399780273
0.06382060050964355
0.13315963745117188
0.0752720832824707
0.17374753952026367
0.10713672637939453
0.07660293579101562
0.10420489311218262
0.12783527374267578
0.14782094955444336
0.06601476669311523
0.15256810188293457
0.12312793731689453
0.09610557556152344
0.08957815170288086
0.08689522743225098
0.07371664047241211
0.09840250015258789
0.15142059326171875
0.11260604858398438
0.1127784252166748
0.14262056350708008
0.09763097763061523
0.08384275436401367
0.12448906898498535
0.09569120407104492
0.12179303169250488
0.11636018753051758
0.10050272941589355
0.0737910270690918
0.12203693389892578
0.0787193775177002
0.10466647148132324
0.12563204765319824
0.15161967277526855
0.13846206665039062
0.16889548301696777
0.08042454719543457
0.08449935913085938
0.171844482421875
0.15105175971984863
0.09279942512512207
0.09182882308959961
0.15445637702941895
0.18045997619628906
0.07091522216796875
0.10306620597839355
0.18619680404663086
0.0866692066192627
0.1143791675567627
0.12157177925109863
0.10762834548950195
0.11586523056030273
0.13379645347595215
0.14546632766723633
0.1317601203918457
0.1267251968383789
0.10592055320739746
0.10637664794921875
0.1286759376525879
0.13068509101867676
0.10589313507080078
0.1163170337677002
0.1614980697631836
0.10532164573669434
0.1496884822845459
0.08997726440429688
0.09984827041625977
0.13874220848083496
0.1368546485900879
0.07967734336853027
0.12511062622070312
0.11998510360717773
0.11980628967285156
0.15352129936218262
0.10600447654724121
0.1430346965789795
0.13377833366394043
0.08646392822265625
0.0659475326538086
0.10159754753112793
0.19478893280029297
0.07381057739257812
0.08192133903503418
0.1774153709411621
0.15021038055419922
0.0920717716217041
0.17030930519104004
0.08524250984191895
0.10594892501831055
0.13709712028503418
0.07495641708374023
0.16529440879821777
0.10991764068603516
0.09775805473327637
0.06954622268676758
0.1220407485961914
0.10591840744018555
0.09926199913024902
0.12452960014343262
0.10304522514343262
0.10073709487915039
0.09501528739929199
0.15587067604064941
0.08603334426879883
0.17340970039367676
0.08829832077026367
0.0799553394317627
0.1696169376373291
0.1164238452911377
0.15951824188232422
0.16488218307495117
0.09104633331298828
0.0866856575012207
0.08014678955078125
0.11267685890197754
0.16149497032165527
0.12024283409118652
0.09891033172607422
0.17714858055114746
0.07851219177246094
0.11763787269592285
0.07671022415161133
0.07136321067810059
0.10983920097351074
0.13113880157470703
0.08872747421264648
0.08704328536987305
0.10983896255493164
0.0628671646118164
0.06774425506591797
0.1092524528503418
0.10247206687927246
0.09924077987670898
0.12104082107543945
0.16815710067749023
0.07839703559875488
0.08057379722595215
0.13545799255371094
0.09059953689575195
0.1352527141571045
0.1576523780822754
0.38524627685546875
0.1997833251953125
0.08246684074401855
0.09924626350402832
0.09148931503295898
0.11350488662719727
0.13283348083496094
0.088653564453125
0.0860133171081543
0.09474468231201172
0.09953022003173828
0.10976338386535645
0.09001302719116211
0.18073058128356934
0.13238048553466797
0.06843900680541992
0.11088681221008301
0.10746884346008301
0.11030054092407227
0.10009288787841797
0.12206602096557617
0.10248160362243652
0.07558846473693848
0.10992312431335449
0.12046933174133301
0.09453558921813965
0.08392953872680664
0.12317609786987305
0.12111639976501465
0.15579724311828613
0.1761929988861084
0.08073616027832031
0.13386917114257812
0.11455464363098145
0.08763933181762695
0.13382387161254883
0.09459280967712402
0.12615752220153809
0.08604812622070312
0.1401348114013672
0.14468026161193848
0.08567619323730469
0.10602259635925293
0.10226655006408691
0.12236762046813965
0.05872321128845215
0.11679196357727051
0.12497949600219727
0.10989737510681152
0.12484312057495117
0.11698317527770996
0.19728922843933105
0.06681489944458008
0.1258249282836914
0.11870646476745605
0.08755326271057129
0.30245399475097656
0.15106797218322754
0.0904078483581543
0.08586549758911133
0.09050893783569336
0.1403205394744873
0.1015615463256836
0.13015198707580566
0.12504291534423828
0.09243369102478027
0.0973353385925293
0.09609580039978027
0.13524842262268066
0.1467890739440918
0.07370114326477051
0.12719488143920898
0.07418251037597656
0.10265707969665527
0.12499690055847168
0.11791014671325684
0.11570286750793457
0.11809277534484863
0.09868240356445312
0.10367107391357422
0.15919923782348633
0.10364675521850586
0.13747787475585938
0.08739304542541504
0.13005590438842773
0.12356448173522949
0.0946493148803711
0.08267974853515625
0.13238286972045898
0.14478206634521484
0.14138102531433105
0.08870196342468262
0.09396147727966309
0.07924032211303711
0.12952637672424316
0.12415766716003418
0.08548617362976074
0.13387346267700195
0.09740209579467773
0.060967445373535156
0.11127758026123047
0.15544509887695312
0.09799790382385254
0.1107797622680664
0.1246786117553711
0.10860967636108398
0.10193514823913574
0.13048315048217773
0.16422176361083984
0.07677960395812988
0.11384987831115723
0.11133813858032227
0.12463521957397461
0.1233518123626709
0.11158013343811035
0.19941353797912598
0.1339569091796875
0.13000082969665527
0.14296650886535645
0.16154956817626953
0.2034902572631836
0.1562950611114502
0.06603431701660156
0.11884140968322754
0.25844264030456543
0.12078976631164551
0.11324453353881836
0.16576313972473145
0.13326573371887207
0.09504270553588867
0.08230209350585938
0.13627338409423828
0.07973766326904297
0.11397051811218262
0.15002799034118652
0.11430788040161133
0.08309316635131836
0.1602940559387207
0.146928071975708
0.07905077934265137
0.10477876663208008
0.13134050369262695
0.1032555103302002
0.0960233211517334
0.10885000228881836
0.09145569801330566
0.13790535926818848
0.11884617805480957
0.0918726921081543
0.11240172386169434
0.07685256004333496
0.13519501686096191
0.12284541130065918
0.10675835609436035
0.09704446792602539
0.12468409538269043
0.08724761009216309
0.14717674255371094
0.09611058235168457
0.17220020294189453
0.13683009147644043
0.11246728897094727
0.14391160011291504
0.11780905723571777
0.11338567733764648
0.3327829837799072
0.12232446670532227
0.11849045753479004
0.35372209548950195
0.07432746887207031
0.12830591201782227
0.09195804595947266
0.07929563522338867
0.13352060317993164
0.12971043586730957
0.10792994499206543
0.09178614616394043
0.11023807525634766
0.0998234748840332
0.08999466896057129
0.1310288906097412
0.08107447624206543
0.16522216796875
0.15392112731933594
0.11879229545593262
0.12572693824768066
0.14987921714782715
0.10659503936767578
0.1097412109375
0.11695098876953125
0.11431336402893066
0.10756158828735352
0.08640122413635254
0.09319615364074707
0.11219286918640137
0.1209251880645752
0.07014203071594238
0.14573407173156738
0.15552353858947754
0.10037946701049805
0.13194775581359863
0.10448646545410156
0.1178736686706543
0.0832517147064209
0.12930893898010254
0.12009000778198242
0.09366393089294434
0.11863088607788086
0.15174293518066406
0.1186981201171875
0.1326000690460205
0.16463804244995117
0.08083319664001465
0.20691299438476562
0.10758852958679199
0.10855245590209961
0.11764144897460938
0.11432170867919922
0.09884309768676758
0.21355772018432617
0.13733386993408203
0.09389376640319824
0.11390900611877441
0.07335996627807617
0.11048221588134766
0.1332707405090332
0.09949994087219238
0.07678961753845215
0.1152498722076416
0.09640908241271973
0.1132955551147461
0.09253406524658203
0.10864782333374023
0.08824753761291504
0.09704947471618652
0.11692142486572266
0.07390737533569336
0.09790539741516113
0.11104607582092285
0.16058969497680664
0.11429786682128906
0.09831571578979492
0.10191583633422852
0.09861373901367188
0.11642193794250488
0.13398051261901855
0.17708301544189453
0.06815385818481445
0.08150267601013184
0.11666584014892578
0.09145092964172363
0.10977959632873535
0.11622166633605957
0.09090161323547363
0.1495528221130371
0.06295061111450195
0.1745140552520752
0.10092282295227051
0.11426115036010742
0.11273646354675293
0.13502931594848633
0.08572530746459961
0.18605446815490723
0.09786272048950195
0.08555173873901367
0.17229676246643066
0.15720701217651367
0.17215585708618164
0.24506878852844238
0.07090592384338379
0.10271883010864258
0.15300512313842773
0.07687091827392578
0.13254594802856445
0.1380472183227539
0.12269735336303711
0.12362217903137207
0.10196447372436523
0.11812496185302734
0.11722445487976074
0.12724614143371582
0.14835309982299805
0.11159682273864746
0.12456893920898438
0.11440587043762207
0.1256110668182373
0.11614394187927246
0.11661911010742188
0.11984491348266602
0.13091635704040527
0.14961910247802734
0.16869831085205078
0.11972546577453613
0.10792350769042969
0.12219095230102539
0.08738160133361816
0.13927245140075684
0.1037907600402832
0.12850666046142578
0.0766751766204834
0.16158771514892578
0.11286497116088867
0.1251363754272461
0.08440732955932617
0.15633702278137207
0.0960853099822998
0.0834646224975586
0.13316798210144043
0.12190818786621094
0.11020731925964355
0.2653205394744873
0.14154982566833496
0.15055608749389648
0.15260052680969238
0.1734323501586914
0.1372380256652832
0.1303858757019043
0.09983611106872559
0.09822654724121094
0.11307406425476074
0.0878148078918457
0.15407824516296387
0.08364176750183105
0.08192110061645508
0.08678412437438965
0.1274101734161377
0.06870412826538086
0.1405181884765625
0.12415122985839844
0.15285611152648926
0.1040959358215332
0.13039875030517578
0.1044158935546875
0.08667731285095215
0.13132333755493164
0.12454342842102051
0.07657361030578613
0.11620569229125977
0.13330650329589844
0.14426827430725098
0.12006711959838867
0.18042993545532227
0.15702009201049805
0.08764767646789551
0.10011506080627441
0.07949542999267578
0.06702613830566406
0.14186501502990723
0.15938472747802734
0.13354063034057617
0.11519670486450195
0.1141045093536377
0.11310458183288574
0.12742233276367188
0.11130833625793457
0.12411332130432129
0.15487265586853027
0.1019585132598877
0.09246563911437988
0.14142704010009766
0.15679717063903809
0.1087656021118164
0.1202542781829834
0.12310075759887695
0.10143518447875977
0.1327683925628662
0.14076447486877441
0.09459185600280762
0.12219762802124023
0.08380317687988281
0.14496994018554688
0.08630108833312988
0.11176538467407227
0.10881543159484863
0.11584782600402832
0.09505295753479004
0.19943618774414062
0.08901190757751465
0.12171292304992676
0.10855937004089355
0.09949779510498047
0.199082612991333
0.11983823776245117
0.12371659278869629
0.11298537254333496
0.15364599227905273
0.10438084602355957
0.12141108512878418
0.08830070495605469
0.15783023834228516
0.09457874298095703
0.08649563789367676
0.14960432052612305
0.1162724494934082
0.07468414306640625
0.0982828140258789
0.08791184425354004
0.10522031784057617
0.16228079795837402
0.09319138526916504
0.09424877166748047
0.17097949981689453
0.15816593170166016
0.10871243476867676
0.11356139183044434
0.0714724063873291
0.1736927032470703
0.11752510070800781
0.12055802345275879
0.056763410568237305
0.15282130241394043
0.10415101051330566
0.14142394065856934
0.16516518592834473
0.09226512908935547
0.07702469825744629
0.10935354232788086
0.12010431289672852
0.11818194389343262
0.10493683815002441
0.12043571472167969
0.12819218635559082
0.1404273509979248
0.12731027603149414
0.16733694076538086
0.06759977340698242
0.09682345390319824
0.13387703895568848
0.13461995124816895
0.17850565910339355
0.13013434410095215
0.0883018970489502
0.3216264247894287
0.1222383975982666
0.12550759315490723
0.0834956169128418
0.12943077087402344
0.14220833778381348
0.13616728782653809
0.09573650360107422
0.14016389846801758
0.09407186508178711
0.09766530990600586
0.0909421443939209
0.11977148056030273
0.11587309837341309
0.11049175262451172
0.09308958053588867
0.07910299301147461
0.10997295379638672
0.1091163158416748
0.09153342247009277
0.14058375358581543
0.10789775848388672
0.14805221557617188
0.11495757102966309
0.11614871025085449
0.0863332748413086
0.10221076011657715
0.08814454078674316
0.128326416015625
0.1310105323791504
0.10145068168640137
0.09738492965698242
0.12691211700439453
0.09186673164367676
0.09615135192871094
0.12021374702453613
0.0744328498840332
0.10927176475524902
0.09103512763977051
0.12127280235290527
0.08879899978637695
0.13277173042297363
0.08496284484863281
0.10531187057495117
0.13277316093444824
0.3471219539642334
0.1320936679840088
0.07453703880310059
0.10531020164489746
0.12037158012390137
0.09667372703552246
0.1148066520690918
0.19166994094848633
0.1046750545501709
0.13362669944763184
0.10076618194580078
0.1174311637878418
0.06711411476135254
0.144789457321167
0.20892906188964844
0.17696547508239746
0.11809158325195312
0.16011309623718262
0.0948030948638916
0.1386702060699463
0.11999273300170898
0.12419962882995605
0.16351532936096191
0.17819738388061523
0.21199965476989746
0.11077404022216797
0.09698295593261719
0.15653038024902344
0.13868117332458496
0.10503172874450684
0.10286736488342285
0.13470149040222168
0.1020958423614502
0.11008000373840332
0.06320643424987793
0.11041426658630371
0.11686420440673828
0.10282254219055176
0.1147611141204834
0.07346320152282715
0.15149950981140137
0.10536718368530273
0.12863779067993164
0.09967875480651855
0.0760657787322998
0.14076447486877441
0.1630382537841797
0.1563262939453125
0.12382793426513672
0.06613707542419434
0.27362680435180664
0.14424610137939453
0.1771547794342041
0.33827900886535645
0.1153111457824707
0.0880122184753418
0.13947415351867676
0.16718411445617676
0.1416187286376953
0.08559560775756836
0.11651086807250977
0.12630510330200195
0.06939888000488281
0.09679651260375977
0.09899401664733887
0.13987278938293457
0.10846161842346191
0.08288812637329102
0.1276099681854248
0.11647534370422363
0.10750985145568848
0.08584904670715332
0.09511733055114746
0.12017154693603516
0.09374189376831055
0.11161589622497559
0.12165069580078125
0.1366732120513916
0.09905290603637695
0.10450172424316406
0.10627126693725586
0.11993885040283203
0.11066627502441406
0.13595318794250488
0.14095139503479004
0.09323477745056152
0.07039642333984375
0.1101078987121582
0.09212374687194824
0.14864778518676758
0.12094974517822266
0.13287806510925293
0.12395143508911133
0.09607720375061035
0.15623021125793457
0.3365499973297119
0.08175873756408691
0.15991449356079102
0.10488772392272949
0.10524654388427734
0.08589696884155273
0.11984801292419434
0.1465301513671875
0.09064006805419922
0.10620236396789551
0.06984853744506836
0.0802161693572998
0.1268610954284668
0.07331538200378418
0.13611173629760742
0.13285207748413086
0.10373449325561523
0.11791300773620605
0.10841155052185059
0.1214752197265625
0.09111595153808594
0.0919487476348877
0.06549239158630371
0.09387326240539551
0.1281747817993164
0.11244463920593262
0.11763310432434082
0.13509798049926758
0.09389615058898926
0.08999013900756836
0.08759760856628418
0.1602921485900879
0.09338712692260742
0.10993218421936035
0.14139938354492188
0.10458850860595703
0.14796042442321777
0.15300989151000977
0.07091307640075684
0.1167144775390625
0.08953022956848145
0.1523430347442627
0.11662411689758301
0.13833856582641602
0.07076740264892578
0.08646035194396973
0.17679333686828613
0.09838104248046875
0.1310112476348877
0.11522674560546875
0.08859777450561523
0.09267854690551758
0.09088802337646484
0.14043116569519043
0.06533336639404297
0.06935739517211914
0.07866740226745605
0.1321096420288086
0.14544963836669922
0.12190008163452148
0.10167813301086426
0.15769743919372559
0.10596990585327148
0.11467933654785156
0.10960888862609863
0.12261176109313965
0.1758575439453125
0.11619043350219727
0.11996579170227051
0.1109926700592041
0.09970855712890625
0.07159900665283203
0.15612316131591797
0.15232157707214355
0.0950925350189209
0.07563304901123047
0.09580516815185547
0.11481285095214844
0.12569308280944824
0.15634632110595703
0.11540913581848145
0.15201973915100098
0.10636591911315918
0.08577251434326172
0.1090400218963623
0.1358351707458496
0.16766834259033203
0.1303555965423584
0.1466829776763916
0.08851194381713867
0.10562682151794434
0.09183788299560547
0.0904226303100586
0.10872268676757812
0.10585451126098633
0.08255910873413086
0.09351634979248047
0.13610196113586426
0.11470341682434082
0.11261200904846191
0.10863924026489258
0.09220600128173828
0.12847542762756348
0.08420300483703613
0.12676143646240234
0.14667630195617676
0.11828064918518066
0.09690594673156738
0.07648921012878418
0.11009597778320312
0.09783482551574707
0.08820128440856934
0.12072610855102539
0.09917187690734863
0.07363605499267578
0.10169863700866699
0.09984660148620605
0.16005873680114746
0.15792584419250488
0.08504438400268555
0.1098933219909668
0.10466408729553223
0.12435770034790039
0.10390067100524902
0.11912679672241211
0.14583468437194824
0.07656025886535645
0.0748436450958252
0.11310386657714844
0.09449577331542969
0.17005205154418945
0.10462665557861328
0.10984683036804199
0.08843231201171875
0.07466673851013184
0.08379793167114258
0.10544466972351074
0.055411577224731445
0.13608551025390625
0.1248772144317627
0.1321876049041748
0.15294241905212402
0.34359049797058105
0.07378506660461426
0.10620284080505371
0.1359090805053711
0.15461492538452148
0.08723258972167969
0.11990594863891602
0.11314249038696289
0.1870861053466797
0.21642518043518066
0.10585522651672363
0.1331932544708252
0.13400554656982422
0.08117032051086426
0.10979604721069336
0.10449695587158203
0.10076498985290527
0.12595653533935547
0.18860816955566406
0.13367247581481934
0.08644580841064453
0.058019161224365234
0.09405970573425293
0.10667133331298828
0.10257220268249512
0.13715267181396484
0.09018349647521973
0.1392683982849121
0.0969247817993164
0.10668253898620605
0.14032530784606934
0.08517765998840332
0.09537148475646973
0.09354448318481445
0.11688971519470215
0.12795567512512207
0.09337592124938965
0.14832353591918945
0.11140036582946777
0.11217594146728516
0.08696222305297852
0.10888910293579102
0.10945439338684082
0.15883398056030273
0.08293843269348145
0.10704851150512695
0.09122085571289062
0.11908841133117676
0.09920072555541992
0.10867929458618164
0.10214591026306152
0.08779287338256836
0.12467408180236816
0.07305669784545898
0.1421351432800293
0.08437633514404297
0.1318981647491455
0.08047246932983398
0.10062074661254883
0.07280731201171875
0.1681215763092041
0.09240412712097168
0.09219646453857422
0.07424139976501465
0.07950973510742188
0.1036069393157959
0.14933204650878906
0.0843820571899414
0.128126859664917
0.13659191131591797
0.14130902290344238
0.1132814884185791
0.08201289176940918
0.09920978546142578
0.07224607467651367
0.3301055431365967
0.07826900482177734
0.1135101318359375
0.09712600708007812
0.10210967063903809
0.09332132339477539
0.09081006050109863
0.08678364753723145
0.15757966041564941
0.18606185913085938
0.0863182544708252
0.12819147109985352
0.08780813217163086
0.15628647804260254
0.128875732421875
0.09446001052856445
0.12682151794433594
0.10091447830200195
0.10292983055114746
0.1744234561920166
0.11146879196166992
0.09877777099609375
0.07800745964050293
0.10737776756286621
0.11367297172546387
0.11926960945129395
0.11272549629211426
0.06531977653503418
0.1459059715270996
0.08963394165039062
0.09521102905273438
0.2013688087463379
0.11081480979919434
0.12298178672790527
0.07030940055847168
0.15702247619628906
0.18630576133728027
0.11669230461120605
0.12463021278381348
0.11485910415649414
0.12673592567443848
0.10474109649658203
0.09192967414855957
0.09332489967346191
0.15522408485412598
0.11761355400085449
0.21834802627563477
0.0961756706237793
0.07628965377807617
0.1172940731048584
0.09712553024291992
0.1403055191040039
0.10190558433532715
0.09139823913574219
0.1394333839416504
0.10092425346374512
0.0958855152130127
0.10860729217529297
0.11755728721618652
0.08534789085388184
0.148878812789917
0.08306288719177246
0.12012171745300293
0.13860583305358887
0.11236906051635742
0.08171439170837402
0.11924624443054199
0.13495302200317383
0.10169696807861328
0.11725378036499023
0.07623887062072754
0.10880565643310547
0.1439051628112793
0.09463381767272949
0.10096406936645508
0.09531545639038086
0.08825135231018066
0.07701921463012695
0.12694811820983887
0.1550898551940918
0.13211774826049805
0.0763247013092041
0.18175911903381348
0.07749700546264648
0.09325766563415527
0.1351914405822754
0.12118721008300781
0.08506941795349121
0.1502387523651123
0.12111878395080566
0.33821916580200195
0.10536074638366699
0.07196164131164551
0.0793001651763916
0.12995338439941406
0.13129377365112305
0.16020894050598145
0.09870576858520508
0.15300703048706055
0.08641552925109863
0.07300686836242676
0.1278820037841797
0.13376355171203613
0.14196348190307617
0.10538339614868164
0.10677170753479004
0.08824324607849121
0.11963057518005371
0.0954885482788086
0.09732890129089355
0.14890766143798828
0.07004165649414062
0.10840177536010742
0.11869215965270996
0.07628941535949707
0.10730910301208496
0.20022821426391602
0.19694972038269043
0.10059833526611328
0.1289975643157959
0.12221860885620117
0.15075135231018066
0.2666168212890625
0.13286638259887695
0.11579275131225586
0.10760784149169922
0.08547282218933105
0.15407299995422363
0.10860538482666016
0.1407005786895752
0.10109615325927734
0.12936758995056152
0.09268832206726074
0.10664153099060059
0.13422250747680664
0.12134933471679688
0.17096233367919922
0.3420109748840332
0.4917168617248535
0.17172980308532715
0.3501110076904297
0.15137028694152832
0.07987856864929199
0.1384584903717041
0.0757904052734375
0.08756256103515625
0.09564375877380371
0.12599849700927734
0.1261892318725586
0.07351422309875488
0.11703133583068848
0.13956046104431152
0.06915879249572754
0.09970426559448242
0.11627840995788574
0.12699341773986816
0.1410510540008545
0.12479424476623535
0.14270925521850586
0.09283256530761719
0.08419275283813477
0.09659910202026367
0.08659172058105469
0.08733749389648438
0.09510350227355957
0.12213540077209473
0.1319260597229004
0.09358596801757812
0.10562825202941895
0.08692789077758789
0.14305782318115234
0.10150027275085449
0.10962533950805664
0.09603047370910645
0.12450957298278809
0.06833434104919434
0.08971977233886719
0.14828705787658691
0.09625911712646484
0.11842560768127441
0.17508411407470703
0.1361246109008789
0.09910011291503906
0.1276991367340088
0.12696623802185059
0.10822701454162598
0.07650923728942871
0.10094261169433594
0.08244490623474121
0.1391923427581787
0.08351445198059082
0.10816502571105957
0.09010791778564453
0.07977867126464844
0.15709471702575684
0.10083985328674316
0.07865667343139648
0.143690824508667
0.09833645820617676
0.10712385177612305
0.10414791107177734
0.12059545516967773
0.12874984741210938
0.10070657730102539
0.10129809379577637
0.10385465621948242
0.14447689056396484
0.07734560966491699
0.11695718765258789
0.12623286247253418
0.129166841506958
0.10408425331115723
0.10769152641296387
0.07013797760009766
0.09329605102539062
0.09515905380249023
0.099456787109375
0.1011054515838623
0.07309150695800781
0.11354804039001465
0.15340518951416016
0.09232807159423828
0.07451772689819336
0.12793946266174316
0.07627439498901367
0.10935020446777344
0.14435029029846191
0.110931396484375
0.10668420791625977
0.14542222023010254
0.09400534629821777
0.17395758628845215
0.08681201934814453
0.10175848007202148
0.1050119400024414
0.11695289611816406
0.11924529075622559
0.10235238075256348
0.09013843536376953
0.12303042411804199
0.1057291030883789
0.19349455833435059
0.1686716079711914
0.1207582950592041
0.14241576194763184
0.09823393821716309
0.09843635559082031
0.10806465148925781
0.15062594413757324
0.13502168655395508
0.0929563045501709
0.1392977237701416
0.1301586627960205
0.1429147720336914
0.13315415382385254
0.14081764221191406
0.1534731388092041
0.09956121444702148
0.10556602478027344
0.08219552040100098
0.11524581909179688
0.10694694519042969
0.13527154922485352
0.10296511650085449
0.08672857284545898
0.1451125144958496
0.19860625267028809
0.2148876190185547
0.09022665023803711
0.11143255233764648
0.09897208213806152
0.11569046974182129
0.07902359962463379
0.13902759552001953
0.06792831420898438
0.11226129531860352
0.10318636894226074
0.11693191528320312
0.08284616470336914
0.11719322204589844
0.09464001655578613
0.16271138191223145
0.14833354949951172
0.09054017066955566
0.10003995895385742
0.12251996994018555
0.15790057182312012
0.11796283721923828
0.11870574951171875
0.12206649780273438
0.0794217586517334
0.10121488571166992
0.14419960975646973
0.10969018936157227
0.10384654998779297
0.11068582534790039
0.13019108772277832
0.1384899616241455
0.08492231369018555
0.17973899841308594
0.10794520378112793
0.08809900283813477
0.12333488464355469
0.15578508377075195
0.10980916023254395
0.1557471752166748
0.09398078918457031
0.10371637344360352
0.09711074829101562
0.14152097702026367
0.10561537742614746
0.12424993515014648
0.06367254257202148
0.08137083053588867
0.10048651695251465
0.09163188934326172
0.15413999557495117
0.09845161437988281
0.12755298614501953
0.1347205638885498
0.14667272567749023
0.13795852661132812
0.12443423271179199
0.13779497146606445
0.13809823989868164
0.13283252716064453
0.1453258991241455
0.1044764518737793
0.11318564414978027
0.07877540588378906
0.11169743537902832
0.1152191162109375
0.08014345169067383
0.08638620376586914
0.10909128189086914
0.11259245872497559
0.14887785911560059
0.13054156303405762
0.11650395393371582
0.07075071334838867
0.09683036804199219
0.11438608169555664
0.06356596946716309
0.07593011856079102
0.08807492256164551
0.14020061492919922
0.17066621780395508
0.09106636047363281
0.10203742980957031
0.09497332572937012
0.14449501037597656
0.14493751525878906
0.0711209774017334
0.1455247402191162
0.11890649795532227
0.08944010734558105
0.1281602382659912
0.13126111030578613
0.10374164581298828
0.1238090991973877
0.10979723930358887
0.0981283187866211
0.14370036125183105
0.14557456970214844
0.0894927978515625
0.1119375228881836
0.08528470993041992
0.17234492301940918
0.1202089786529541
0.14735770225524902
0.09010648727416992
0.10213351249694824
0.10149145126342773
0.11897659301757812
0.13829684257507324
0.09207010269165039
0.11626958847045898
0.12253928184509277
0.12117218971252441
0.12707209587097168
0.14995288848876953
0.24327421188354492
0.11270284652709961
0.1277484893798828
0.10608315467834473
0.12425804138183594
0.09126925468444824
0.1319282054901123
0.12126374244689941
0.07221460342407227
0.11374449729919434
0.06748485565185547
0.1027829647064209
0.11730194091796875
0.1584162712097168
0.1725916862487793
0.20511507987976074
0.08255410194396973
0.09221982955932617
0.10093569755554199
0.08735060691833496
0.09888935089111328
0.1177680492401123
0.09067058563232422
0.08151030540466309
0.11353087425231934
0.12384819984436035
0.14927029609680176
0.1771996021270752
0.08719992637634277
0.07705330848693848
0.15021991729736328
0.10699057579040527
0.11281275749206543
0.08679413795471191
0.11334919929504395
0.18452191352844238
0.14826583862304688
0.09854269027709961
0.13187527656555176
0.11051106452941895
0.11071562767028809
0.0971074104309082
0.1182560920715332
0.10864496231079102
0.07682490348815918
0.11017322540283203
0.12581729888916016
0.09122776985168457
0.08449268341064453
0.10662698745727539
0.14853572845458984
0.18309473991394043
0.09860754013061523
0.11441874504089355
0.08659744262695312
0.09111499786376953
0.12396693229675293
0.0837407112121582
0.18209576606750488
0.11669564247131348
0.11509823799133301
0.05787301063537598
0.09801816940307617
0.10349464416503906
0.08588886260986328
0.11183047294616699
0.12053632736206055
0.1241452693939209
0.09141087532043457
0.1252427101135254
0.12727642059326172
0.15366411209106445
0.06812405586242676
0.08450055122375488
0.11315393447875977
0.13201284408569336
0.10054421424865723
0.13376092910766602
0.12369680404663086
0.06881189346313477
0.09794163703918457
0.13243436813354492
0.15654420852661133
0.16256093978881836
0.19068121910095215
0.1963191032409668
0.32866549491882324
0.13325285911560059
0.0729825496673584
0.09671521186828613
0.13132905960083008
0.06732940673828125
0.11512613296508789
0.08608651161193848
0.16585731506347656
0.09372162818908691
0.18146276473999023
0.11213564872741699
0.08056879043579102
0.10268831253051758
0.1139678955078125
0.10772848129272461
0.1293630599975586
0.0808570384979248
0.14038681983947754
0.15038490295410156
0.166825532913208
0.12373089790344238
0.11672019958496094
0.09531068801879883
0.1040198802947998
0.11577558517456055
0.15099740028381348
0.18143630027770996
0.10011482238769531
0.13207530975341797
0.11814069747924805
0.13487648963928223
0.15077590942382812
0.1240839958190918
0.0802462100982666
0.11242866516113281
0.0898599624633789
0.11783242225646973
0.1467747688293457
0.17197418212890625
0.09670233726501465
0.30934596061706543
0.11252927780151367
0.14122271537780762
0.07863521575927734
0.1268599033355713
0.0990900993347168
0.14801597595214844
0.12938213348388672
0.08564472198486328
0.1176912784576416
0.12445425987243652
0.1444263458251953
0.10225796699523926
0.11308097839355469
0.1495506763458252
0.1420273780822754
0.15460467338562012
0.28183984756469727
0.07822585105895996
0.08525991439819336
0.3730194568634033
0.14169764518737793
0.07848429679870605
0.11112618446350098
0.10243988037109375
0.12806439399719238
0.15466976165771484
0.1710364818572998
0.39231133460998535
0.14788103103637695
0.06774711608886719
0.144087553024292
0.08863043785095215
0.09641528129577637
0.09943270683288574
0.097412109375
0.1355135440826416
0.12378120422363281
0.14323997497558594
0.1390857696533203
0.11186480522155762
0.10273051261901855
0.11214733123779297
0.10207390785217285
0.10798215866088867
0.07833552360534668
0.12024307250976562
0.15116643905639648
0.07249116897583008
0.12730121612548828
0.10333132743835449
0.14819812774658203
0.13384580612182617
0.09604096412658691
0.10830998420715332
0.10963177680969238
0.11367106437683105
0.12510156631469727
0.11694574356079102
0.12518835067749023
0.1836376190185547
0.12635183334350586
0.09460926055908203
0.0881345272064209
0.11075448989868164
0.1101686954498291
0.09691071510314941
0.0891275405883789
0.11241412162780762
0.12161016464233398
0.14434385299682617
0.15913176536560059
0.1482856273651123
0.08892130851745605
0.12682366371154785
0.13998103141784668
0.11916804313659668
0.10463523864746094
0.34357595443725586
0.18094587326049805
0.1725316047668457
0.09428763389587402
0.0721442699432373
0.14168715476989746
0.10199093818664551
0.18452191352844238
0.07564377784729004
0.11118865013122559
0.132659912109375
0.13878893852233887
0.0933988094329834
0.08119440078735352
0.13212060928344727
0.10892534255981445
0.11282896995544434
0.136702299118042
0.12932062149047852
0.10358023643493652
0.1322176456451416
0.1138765811920166
0.10678601264953613
0.10366988182067871
0.08853411674499512
0.14196062088012695
0.10465621948242188
0.12818169593811035
0.11637115478515625
0.08444905281066895
0.08810067176818848
0.1018824577331543
0.09338235855102539
0.1178736686706543
0.13708853721618652
0.16491031646728516
0.15794873237609863
0.08863115310668945
0.08547234535217285
0.15576934814453125
0.1652841567993164
0.12786293029785156
0.13922500610351562
0.09548783302307129
0.16517853736877441
0.16285419464111328
0.1066749095916748
0.15920710563659668
0.14014077186584473
0.10202217102050781
0.1232757568359375
0.1998765468597412
0.0850076675415039
0.12863588333129883
0.0803213119506836
0.12536406517028809
0.10733246803283691
0.10384917259216309
0.11372494697570801
0.09805703163146973
0.09399557113647461
0.18242454528808594
0.10902953147888184
0.09495329856872559
0.11107683181762695
0.19176721572875977
0.1136932373046875
0.08383822441101074
0.16129207611083984
0.12714052200317383
0.12231612205505371
0.14888405799865723
0.09990763664245605
0.09779000282287598
0.19140934944152832
0.23619389533996582
0.11916208267211914
0.11827325820922852
0.16472434997558594
0.18562555313110352
0.18464279174804688
0.08603525161743164
0.18174076080322266
0.19044947624206543
0.14242172241210938
0.13019537925720215
0.1369178295135498
0.1387777328491211
0.08310294151306152
0.14644718170166016
0.15436983108520508
0.1591348648071289
0.08086752891540527
0.11350393295288086
0.10618114471435547
0.16116952896118164
0.11586308479309082
0.21762466430664062
0.1300218105316162
0.11237525939941406
0.14813566207885742
0.11518621444702148
0.14382266998291016
0.14059901237487793
0.11438679695129395
0.11584210395812988
0.14605188369750977
0.09563541412353516
0.10645389556884766
0.07946538925170898
0.10972332954406738
0.1377115249633789
0.1187903881072998
0.10946917533874512
0.09015655517578125
0.10923004150390625
0.14003992080688477
0.14508557319641113
0.11132478713989258
0.17934489250183105
0.07052850723266602
0.10437154769897461
0.09387707710266113
0.09720611572265625
0.1348731517791748
0.14308452606201172
0.10285782814025879
0.13401365280151367
0.12402939796447754
0.1488356590270996
0.15337276458740234
0.08593249320983887
0.09033870697021484
0.10527229309082031
0.10175704956054688
0.0853879451751709
0.10370683670043945
0.12402558326721191
0.0909724235534668
0.07622218132019043
0.11222982406616211
0.08777332305908203
0.10162997245788574
0.07284235954284668
0.09673953056335449
0.07637238502502441
0.10087466239929199
0.10650444030761719
0.09377360343933105
0.08715248107910156
0.1623983383178711
0.09530520439147949
0.1246950626373291
0.08788585662841797
0.10622406005859375
0.11417055130004883
0.09334230422973633
0.12372136116027832
0.09935998916625977
0.10775423049926758
0.10231399536132812
0.11933732032775879
0.10384750366210938
0.10511064529418945
0.10648655891418457
0.11342740058898926
0.11893820762634277
0.10032129287719727
0.09760427474975586
0.13114452362060547
0.10221433639526367
0.10816192626953125
0.09155702590942383
0.06852984428405762
0.1080782413482666
0.11254620552062988
0.08664202690124512
0.09982419013977051
0.1288464069366455
0.12174487113952637
0.10538411140441895
0.15227508544921875
0.10793018341064453
0.10499095916748047
0.13058948516845703
0.11480450630187988
0.06573343276977539
0.10383033752441406
0.1463925838470459
0.10712051391601562
0.08559107780456543
0.12135457992553711
0.09336137771606445
0.10238146781921387
0.1199791431427002
0.07121157646179199
0.07021379470825195
0.09288334846496582
0.11081910133361816
0.19260907173156738
0.08051896095275879
0.07277178764343262
0.11313700675964355
0.1042485237121582
0.12582874298095703
0.08334064483642578
0.11449837684631348
0.14596986770629883
0.1000986099243164
0.09114432334899902
0.08604860305786133
0.09087395668029785
0.11150789260864258
0.06640219688415527
0.10944652557373047
0.16421723365783691
0.11633062362670898
0.15317630767822266
0.08359742164611816
0.13573336601257324
0.24370527267456055
0.13902783393859863
0.10437893867492676
0.10013389587402344
0.132279634475708
0.0937652587890625
0.11665534973144531
0.09697794914245605
0.09306693077087402
0.10071969032287598
0.12915921211242676
0.09981536865234375
0.0779886245727539
0.15915417671203613
0.08406543731689453
0.07475090026855469
0.10045123100280762
0.08573365211486816
0.10725784301757812
0.11903738975524902
0.11797547340393066
0.15706801414489746
0.10403227806091309
0.1405625343322754
0.32744884490966797
0.1252002716064453
0.15832161903381348
0.14998626708984375
0.12122678756713867
0.09853506088256836
0.12045001983642578
0.13684725761413574
0.13585424423217773
0.12772059440612793
0.11869573593139648
0.12246036529541016
0.09748172760009766
0.09234046936035156
0.10546040534973145
0.09677290916442871
0.09336638450622559
0.0908198356628418
0.08750009536743164
0.14088940620422363
0.08968305587768555
0.13669681549072266
0.10674405097961426
0.12835359573364258
0.08620953559875488
0.11355304718017578
0.13205623626708984
0.11995720863342285
0.11405348777770996
0.11177420616149902
0.12921738624572754
0.13883113861083984
0.10957121849060059
0.11636090278625488
0.1021721363067627
0.12146234512329102
0.09502887725830078
0.09764766693115234
0.1145024299621582
0.13343453407287598
0.09456348419189453
0.11392569541931152
0.12439084053039551
0.12163496017456055
0.08756613731384277
0.1281280517578125
0.15254664421081543
0.07935881614685059
0.10984086990356445
0.13061809539794922
0.14148378372192383
0.08872675895690918
0.1868295669555664
0.08073759078979492
0.10532164573669434
0.08018279075622559
0.1426079273223877
0.06349778175354004
0.1179196834564209
0.14829540252685547
0.09038949012756348
0.13515877723693848
0.09493136405944824
0.13389968872070312
0.1364455223083496
0.10072803497314453
0.1581559181213379
0.10159087181091309
0.08012080192565918
0.1459190845489502
0.20493793487548828
0.3170590400695801
0.1500682830810547
0.11368179321289062
0.15146589279174805
0.2762429714202881
0.06566572189331055
0.24212646484375
0.09407329559326172
0.19667506217956543
0.1105048656463623
0.10819745063781738
0.14081883430480957
0.06530642509460449
0.20072126388549805
0.08082151412963867
0.08562111854553223
0.10863208770751953
0.07864785194396973
0.13176870346069336
0.07486605644226074
0.07669687271118164
0.10361647605895996
0.12659311294555664
0.20365524291992188
0.08901691436767578
0.12269258499145508
0.3409159183502197
0.10331058502197266
0.08926939964294434
0.11851835250854492
0.12423896789550781
0.13488388061523438
0.15465617179870605
0.09241509437561035
0.27231574058532715
0.1459805965423584
0.10847759246826172
0.11269664764404297
0.08272552490234375
0.08658170700073242
0.12369036674499512
0.10140633583068848
0.10971188545227051
0.11060547828674316
0.09670186042785645
0.13536286354064941
0.11269640922546387
0.1395401954650879
0.15297579765319824
0.164139986038208
0.12258434295654297
0.08128499984741211
0.08391594886779785
0.15709209442138672
0.11665511131286621
0.08286666870117188
0.15267395973205566
0.11284494400024414
0.09245467185974121
0.15567564964294434
0.07470130920410156
0.08948850631713867
0.10925817489624023
0.11435770988464355
0.08241605758666992
0.1382124423980713
0.09489560127258301
0.09540653228759766
0.16539311408996582
0.09849810600280762
0.10550856590270996
0.08421683311462402
0.10185670852661133
0.1257481575012207
0.11124682426452637
0.12226438522338867
0.22378921508789062
0.09660673141479492
0.08092689514160156
0.4108242988586426
0.10665678977966309
0.08635449409484863
0.11798357963562012
0.10607171058654785
0.16908812522888184
0.1019899845123291
0.1918187141418457
0.07969379425048828
0.10686802864074707
0.09187746047973633
0.37517786026000977
0.10977005958557129
0.11726999282836914
0.11119651794433594
0.09074282646179199
0.165114164352417
0.1420447826385498
0.1542501449584961
0.10187840461730957
0.10090970993041992
0.0998983383178711
0.11049485206604004
0.11792755126953125
0.0674598217010498
0.14337563514709473
0.10155463218688965
0.10593748092651367
0.1644439697265625
0.1008462905883789
0.0916295051574707
0.08061790466308594
0.1394059658050537
0.11532473564147949
0.09965705871582031
0.14597702026367188
0.1340930461883545
0.15386223793029785
0.1073148250579834
0.08608412742614746
0.07412123680114746
0.10025787353515625
0.2285456657409668
0.09439373016357422
0.10097312927246094
0.07463431358337402
0.07818889617919922
0.1687641143798828
0.1254746913909912
0.14043593406677246
0.1487724781036377
0.12447929382324219
0.14829730987548828
0.07691431045532227
0.16068458557128906
0.0951683521270752
0.09704303741455078
0.13213276863098145
0.12565112113952637
0.11411190032958984
0.10885930061340332
0.10357332229614258
0.08898091316223145
0.14120006561279297
0.11081457138061523
0.08948636054992676
0.0873115062713623
0.07765817642211914
0.10767602920532227
0.1679239273071289
0.07787895202636719
0.10668087005615234
0.0897674560546875
0.1411423683166504
0.17285442352294922
0.10268902778625488
0.09241795539855957
0.11791110038757324
0.11914658546447754
0.12107634544372559
0.10950064659118652
0.11989688873291016
0.08865523338317871
0.08915948867797852
0.12371993064880371
0.13332247734069824
0.10338830947875977
0.1836698055267334
0.1260535717010498
0.1213221549987793
0.11338615417480469
0.13525724411010742
0.13297057151794434
0.11187529563903809
0.1221773624420166
0.10361146926879883
0.09120774269104004
0.11667537689208984
0.11323356628417969
0.08689212799072266
0.1025550365447998
0.0779561996459961
0.1305067539215088
0.14360475540161133
0.12733912467956543
0.1200406551361084
0.2220768928527832
0.09371614456176758
0.10196852684020996
0.0965123176574707
0.15212416648864746
0.06686162948608398
0.15582728385925293
0.1002051830291748
0.08796381950378418
0.08462905883789062
0.10143589973449707
0.0704047679901123
0.09649157524108887
0.19876718521118164
0.08669757843017578
0.12937235832214355
0.1328878402709961
0.13394713401794434
0.10998153686523438
0.10400080680847168
0.11327290534973145
0.10611772537231445
0.10560941696166992
0.09882998466491699
0.1565854549407959
0.150773286819458
0.08234715461730957
0.07948088645935059
0.1586916446685791
0.15887880325317383
0.10889506340026855
0.14781570434570312
0.08881783485412598
0.11337614059448242
0.09172391891479492
0.1642460823059082
0.136824369430542
0.08790874481201172
0.09938287734985352
0.14395928382873535
0.15534424781799316
0.15764522552490234
0.08463931083679199
0.12473750114440918
0.10952472686767578
0.07624316215515137
0.09839415550231934
0.13560032844543457
0.21891450881958008
0.20770525932312012
0.08733844757080078
0.08717608451843262
0.0744020938873291
0.08189201354980469
0.0901496410369873
0.10702943801879883
0.13355731964111328
0.12768149375915527
0.16078734397888184
0.19607853889465332
0.19365382194519043
0.08691620826721191
0.14784574508666992
0.12215232849121094
0.1212775707244873
0.1140449047088623
0.08456087112426758
0.21745967864990234
0.14749741554260254
0.07124972343444824
0.11607241630554199
0.08830642700195312
0.1381826400756836
0.09476089477539062
0.09889054298400879
0.1457958221435547
0.13669848442077637
0.1539762020111084
0.09111404418945312
0.11807537078857422
0.15724658966064453
0.14380645751953125
0.10837554931640625
0.1613304615020752
0.07149052619934082
0.1583549976348877
0.12453508377075195
0.11249661445617676
0.1519618034362793
0.07919979095458984
0.12618327140808105
0.09291672706604004
0.10520815849304199
0.11934185028076172
0.12682580947875977
0.2171616554260254
0.14546799659729004
0.17957401275634766
0.1617286205291748
0.1151115894317627
0.07775497436523438
0.14392518997192383
0.11802220344543457
0.14830780029296875
0.11804938316345215
0.09447526931762695
0.10323190689086914
0.08488893508911133
0.09837460517883301
0.10332489013671875
0.1231539249420166
0.08980584144592285
0.12323141098022461
0.11345171928405762
0.09904122352600098
0.08241605758666992
0.12853550910949707
0.10535907745361328
0.0763094425201416
0.13214993476867676
0.16997146606445312
0.18660306930541992
0.16285920143127441
0.12854218482971191
0.13275957107543945
0.18045783042907715
0.0856480598449707
0.11634039878845215
0.11546635627746582
0.18580245971679688
0.17678284645080566
0.16088056564331055
0.20528674125671387
0.0822150707244873
0.11156344413757324
0.07945060729980469
0.12076473236083984
0.12217569351196289
0.12968707084655762
0.10057592391967773
0.08598947525024414
0.10147929191589355
0.13137364387512207
0.08778500556945801
0.15798497200012207
0.07083702087402344
0.08442068099975586
0.10587310791015625
0.09197688102722168
0.07571911811828613
0.13368844985961914
0.12531614303588867
0.06639957427978516
0.11100316047668457
0.10544466972351074
0.14460372924804688
0.07937121391296387
0.07591891288757324
0.11042046546936035
0.10534501075744629
0.11806893348693848
0.07453083992004395
0.14337992668151855
0.11279988288879395
0.08031439781188965
0.10217738151550293
0.10166096687316895
0.10395932197570801
0.08326005935668945
0.10084819793701172
0.10958218574523926
0.09995865821838379
0.11848258972167969
0.13576316833496094
0.07938742637634277
0.1749565601348877
0.13734793663024902
0.17535138130187988
0.1520993709564209
0.2662069797515869
0.15644192695617676
0.1650707721710205
0.11445426940917969
0.2877166271209717
0.11900472640991211
0.1366589069366455
0.09332919120788574
0.15480375289916992
0.11468815803527832
0.10834336280822754
0.09314942359924316
0.10318183898925781
0.10693120956420898
0.12243175506591797
0.12548470497131348
0.1185307502746582
0.09521985054016113
0.06914544105529785
0.10319185256958008
0.11238265037536621
0.12081336975097656
0.0832681655883789
0.12083172798156738
0.08826208114624023
0.10149168968200684
0.1673445701599121
0.07707810401916504
0.09444260597229004
0.10105371475219727
0.11260318756103516
0.09051346778869629
0.15430021286010742
0.10619974136352539
0.1139364242553711
0.16498875617980957
0.10571551322937012
0.11048507690429688
0.06772112846374512
0.11907696723937988
0.12952113151550293
0.1299426555633545
0.14984393119812012
0.10429000854492188
0.1634843349456787
0.1075429916381836
0.09145975112915039
0.10340118408203125
0.0976250171661377
0.12554407119750977
0.08690214157104492
0.1200413703918457
0.12064003944396973
0.08096718788146973
0.08731842041015625
0.11391925811767578
0.14055204391479492
0.38176631927490234
0.12764310836791992
0.10723376274108887
0.13588309288024902
0.13078069686889648
0.1472768783569336
0.09661555290222168
0.17862391471862793
0.12467503547668457
0.2730977535247803
0.11116361618041992
0.1034235954284668
0.10544466972351074
0.1708512306213379
0.15458250045776367
0.08438658714294434
0.08919262886047363
0.08498191833496094
0.10830497741699219
0.09384036064147949
0.10291695594787598
0.09345483779907227
0.10089755058288574
0.10179257392883301
0.12598347663879395
0.14974761009216309
0.0679481029510498
0.07583808898925781
0.1541283130645752
0.10689306259155273
0.12716269493103027
0.08818340301513672
0.12283062934875488
0.09773373603820801
0.10663962364196777
0.12262582778930664
0.10570836067199707
0.09936022758483887
0.08921647071838379
0.0904397964477539
0.10310220718383789
0.08153247833251953
0.14234066009521484
0.13443708419799805
0.15059876441955566
0.10997414588928223
0.18428611755371094
0.19724249839782715
0.20756149291992188
0.14728403091430664
0.09292244911193848
0.1366887092590332
0.08777809143066406
0.09394621849060059
0.27186107635498047
0.08851313591003418
0.08705615997314453
0.10514545440673828
0.2571377754211426
0.1482076644897461
0.09192323684692383
0.14200806617736816
0.08101367950439453
0.12615251541137695
0.13180041313171387
0.12127828598022461
0.11860442161560059
0.11739492416381836
0.10785651206970215
0.1466367244720459
0.13028645515441895
0.10135149955749512
0.14775800704956055
0.14409089088439941
0.1329503059387207
0.0798346996307373
0.36321592330932617
0.11617827415466309
0.08815622329711914
0.0843207836151123
0.07470464706420898
0.1504676342010498
0.08624577522277832
0.16142034530639648
0.11730670928955078
0.10858654975891113
0.09951448440551758
0.13814067840576172
0.10523486137390137
0.10227131843566895
0.1173713207244873
0.08003377914428711
0.11182761192321777
0.15286779403686523
0.13947105407714844
0.13794612884521484
0.09334540367126465
0.1255481243133545
0.14364409446716309
0.06752324104309082
0.16343092918395996
0.2681918144226074
0.0911855697631836
0.11405539512634277
0.11591720581054688
0.15761065483093262
0.3175625801086426
0.11962628364562988
0.20457196235656738
0.07954597473144531
0.0838770866394043
0.11522173881530762
0.1170816421508789
0.07633280754089355
0.10416293144226074
0.0792551040649414
0.07198953628540039
0.09972095489501953
0.09499144554138184
0.1647040843963623
0.06930804252624512
0.15528464317321777
0.08322620391845703
0.067047119140625
0.1528468132019043
0.10048031806945801
0.09215044975280762
0.09914302825927734
0.10763740539550781
0.12397456169128418
0.11903715133666992
0.16842126846313477
0.11433720588684082
0.08660459518432617
0.08071327209472656
0.16649556159973145
0.10339760780334473
0.17943859100341797
0.0630331039428711
0.08595848083496094
0.09926009178161621
0.16905975341796875
0.08504080772399902
0.11028242111206055
0.11292672157287598
0.08394527435302734
0.15121746063232422
0.11220455169677734
0.08668708801269531
0.10412478446960449
0.09128308296203613
0.07011222839355469
0.1174478530883789
0.08651566505432129
0.10738492012023926
0.08202099800109863
0.1437990665435791
0.09402632713317871
0.14152073860168457
0.12460899353027344
0.11415791511535645
0.08783888816833496
0.10178732872009277
0.13141202926635742
0.13848137855529785
0.1000220775604248
0.11326241493225098
0.14960575103759766
0.0815119743347168
0.13097095489501953
0.10352253913879395
0.10735797882080078
0.12264323234558105
0.13024520874023438
0.17847561836242676
0.18810296058654785
0.11014366149902344
0.11480402946472168
0.10186457633972168
0.11815428733825684
0.06705141067504883
0.17487263679504395
0.08775782585144043
0.0748903751373291
0.1119985580444336
0.1349339485168457
0.11487746238708496
0.11542415618896484
0.10623884201049805
0.14926528930664062
0.0840308666229248
0.08777379989624023
0.11909937858581543
0.12082886695861816
0.10492229461669922
0.13718676567077637
0.10551977157592773
0.13075041770935059
0.15798234939575195
0.08224940299987793
0.09969592094421387
0.11336469650268555
0.0783531665802002
0.09338998794555664
0.11369800567626953
0.11381125450134277
0.10345602035522461
0.1294996738433838
0.10394454002380371
0.12205862998962402
0.0953524112701416
0.09283781051635742
0.12738251686096191
0.15137696266174316
0.08915543556213379
0.10397648811340332
0.11144256591796875
0.11973118782043457
0.09338998794555664
0.09730172157287598
0.10681629180908203
0.07601189613342285
0.11980199813842773
0.12293124198913574
0.12491846084594727
0.09971356391906738
0.1277761459350586
0.0854651927947998
0.11767077445983887
0.13108325004577637
0.11684608459472656
0.12590932846069336
0.12519454956054688
0.08954548835754395
0.09784770011901855
0.11429929733276367
0.1179971694946289
0.07292056083679199
0.10220885276794434
0.13252711296081543
0.09449052810668945
0.13686227798461914
0.19179487228393555
0.11177420616149902
0.08753514289855957
0.08452653884887695
0.12271785736083984
0.14725828170776367
0.14895129203796387
0.07198452949523926
0.13251519203186035
0.11487340927124023
0.09362483024597168
0.11527228355407715
0.10343647003173828
0.10343241691589355
0.10499882698059082
0.09077739715576172
0.07703876495361328
0.15770268440246582
0.1079256534576416
0.12427449226379395
0.05846691131591797
0.12222528457641602
0.11325907707214355
0.0949547290802002
0.08229684829711914
0.09723424911499023
0.1164388656616211
0.1532890796661377
0.13881206512451172
0.0971536636352539
0.08422136306762695
0.1385817527770996
0.10131025314331055
0.12289690971374512
0.11647248268127441
0.08965110778808594
0.08921194076538086
0.0775454044342041
0.11049914360046387
0.14832496643066406
0.08733510971069336
0.11636185646057129
0.09527111053466797
0.0924539566040039
0.12085723876953125
0.14858794212341309
0.12009549140930176
0.10367774963378906
0.08107995986938477
0.12192535400390625
0.07477331161499023
0.09119892120361328
0.09092903137207031
0.12639307975769043
0.10522794723510742
0.13091540336608887
0.14812421798706055
0.08251595497131348
0.11941409111022949
0.17847824096679688
0.10006833076477051
0.11130046844482422
0.13271164894104004
0.16678595542907715
0.1435229778289795
0.11009454727172852
0.31340575218200684
0.07176589965820312
0.1194007396697998
0.12493228912353516
0.09385251998901367
0.12561655044555664
0.10315227508544922
0.11931180953979492
0.09832167625427246
0.08426403999328613
0.10464143753051758
0.07667684555053711
0.1344451904296875
0.13109326362609863
0.08136105537414551
0.17552876472473145
0.12069296836853027
0.10659241676330566
0.14984726905822754
0.0656888484954834
0.12395191192626953
0.07127904891967773
0.165924072265625
0.1319725513458252
0.12696003913879395
0.13034725189208984
0.31670522689819336
0.10162854194641113
0.10858845710754395
0.06956863403320312
0.09536480903625488
0.12983155250549316
0.11596417427062988
0.1331772804260254
0.0811309814453125
0.10032367706298828
0.10865044593811035
0.09948420524597168
0.0837247371673584
0.12421917915344238
0.06818127632141113
0.10924124717712402
0.10523700714111328
0.08882713317871094
0.08853435516357422
0.08415102958679199
0.12298059463500977
0.0713033676147461
0.14279699325561523
0.11968731880187988
0.13917875289916992
0.1477518081665039
0.12062811851501465
0.07345056533813477
0.10235786437988281
0.08371400833129883
0.13809490203857422
0.1121528148651123
0.09918022155761719
0.06823539733886719
0.090545654296875
0.12787103652954102
0.08113956451416016
0.08469939231872559
0.11973714828491211
0.1452169418334961
0.10381603240966797
0.11114263534545898
0.13517475128173828
0.13757777214050293
0.09494352340698242
0.11707139015197754
0.1402416229248047
0.11794400215148926
0.11814236640930176
0.14429378509521484
0.19187116622924805
0.08082270622253418
0.11280131340026855
0.11314153671264648
0.13274264335632324
0.14096736907958984
0.13860583305358887
0.08184289932250977
0.09508848190307617
0.11364126205444336
0.12055444717407227
0.10874366760253906
0.1099238395690918
0.15126729011535645
0.12744998931884766
0.0934147834777832
0.09243035316467285
0.0977027416229248
0.1680746078491211
0.0902559757232666
0.15643811225891113
0.13266611099243164
0.10081672668457031
0.13980674743652344
0.06659913063049316
0.15734553337097168
0.15590167045593262
0.1680757999420166
0.17969632148742676
0.08770155906677246
0.08142733573913574
0.13609647750854492
0.15058374404907227
0.20888829231262207
0.1697845458984375
0.11030459403991699
0.1438910961151123
0.2037220001220703
0.10511898994445801
0.09869527816772461
0.15136075019836426
0.1240687370300293
0.0999763011932373
0.41355228424072266
0.08539772033691406
0.10691189765930176
0.09393572807312012
0.06854629516601562
0.09449267387390137
0.21721339225769043
0.07690596580505371
0.18326020240783691
0.14236235618591309
0.07364630699157715
0.1280229091644287
0.10013127326965332
0.1390700340270996
0.07824540138244629
0.09666919708251953
0.1343221664428711
0.14090204238891602
0.1695420742034912
0.08724451065063477
0.11227822303771973
0.16054010391235352
0.07311820983886719
0.12735795974731445
0.27992939949035645
0.09918475151062012
0.18101096153259277
0.08252573013305664
0.12385678291320801
0.1100015640258789
0.07652664184570312
0.11665821075439453
0.08763957023620605
0.13451695442199707
0.10340189933776855
0.06697535514831543
0.14078259468078613
0.10339212417602539
0.09421467781066895
0.1357567310333252
0.08887791633605957
0.09228134155273438
0.13831448554992676
0.10422778129577637
0.1137692928314209
0.08037996292114258
0.09757471084594727
0.16211199760437012
0.16453313827514648
0.13378500938415527
0.09227728843688965
0.11002564430236816
0.17353320121765137
0.15766263008117676
0.08220958709716797
0.14035701751708984
0.09157443046569824
0.1811847686767578
0.1232752799987793
0.11594891548156738
0.09718108177185059
0.11133909225463867
0.08835768699645996
0.10185670852661133
0.15928268432617188
0.09602475166320801
0.09458541870117188
0.08550691604614258
0.11527442932128906
0.07918906211853027
0.07217693328857422
0.1053154468536377
0.10638976097106934
0.16096234321594238
0.15593528747558594
0.13827109336853027
0.20066404342651367
0.12706398963928223
0.12450981140136719
0.09558963775634766
0.13419222831726074
0.1255021095275879
0.13754773139953613
0.1345231533050537
0.11637115478515625
0.1099236011505127
0.12853288650512695
0.09469318389892578
0.11051273345947266
0.13264131546020508
0.08411741256713867
0.11244010925292969
0.1105797290802002
0.10516500473022461
0.10047340393066406
0.1250302791595459
0.06952667236328125
0.11352801322937012
0.14365768432617188
0.1355578899383545
0.13341879844665527
0.08097648620605469
0.14204168319702148
0.13663673400878906
0.13212227821350098
0.08066606521606445
0.12776422500610352
0.08134245872497559
0.12671756744384766
0.09260010719299316
0.1111752986907959
0.11116552352905273
0.10594534873962402
0.18607354164123535
0.19360804557800293
0.0680849552154541
0.09768104553222656
0.12326765060424805
0.11551856994628906
0.10075521469116211
0.10569572448730469
0.3551056385040283
0.10230803489685059
0.1426711082458496
0.13025331497192383
0.13336753845214844
0.08524394035339355
0.14690589904785156
0.3614535331726074
0.3496980667114258
0.11780476570129395
0.0924978256225586
0.10965704917907715
0.12432646751403809
0.09601163864135742
0.10583829879760742
0.13604307174682617
0.13109827041625977
0.12490391731262207
0.12851953506469727
0.1842045783996582
0.1448054313659668
0.11179757118225098
0.08250260353088379
0.16402792930603027
0.1293928623199463
0.11440253257751465
0.12923455238342285
0.09850835800170898
0.08066940307617188
0.15517282485961914
0.10803055763244629
0.09583497047424316
0.10862565040588379
0.08904647827148438
0.1582930088043213
0.08381772041320801
0.09096908569335938
0.07612085342407227
0.21690583229064941
0.08790111541748047
0.11480259895324707
0.10234689712524414
0.08115720748901367
0.15516996383666992
0.15199923515319824
0.07119941711425781
0.13503575325012207
0.1539463996887207
0.15036559104919434
0.08900952339172363
0.12243103981018066
0.1693427562713623
0.15277457237243652
0.08718991279602051
0.140150785446167
0.11700654029846191
0.14829444885253906
0.16540026664733887
0.09134697914123535
0.15700507164001465
0.09241199493408203
0.1538846492767334
0.09316849708557129
0.10217547416687012
0.16820573806762695
0.10018777847290039
0.12525558471679688
0.1248166561126709
0.12564754486083984
0.14673304557800293
0.09822297096252441
0.11839461326599121
0.10637879371643066
0.06839585304260254
0.09283709526062012
0.14211153984069824
0.11896300315856934
0.09494304656982422
0.09279561042785645
0.13765406608581543
0.08690047264099121
0.12313985824584961
0.13121724128723145
